time_minutes,acetone_ppm,ammonia_ppm,methane_ppm,flow_Lpm,co2_pct,betaHB_mM
0.0,0.0,0.0,0.5993428306022466,6.0,4.983723619140756,0.17500000000000002
0.016668981803028195,0.05532211673707668,0.2512614934841842,0.47247805763854583,6.035636759165062,4.858173014029614,0.17853804463786324
0.03333796360605639,0.10550858510554433,0.4902872600649441,0.6297995433407721,6.24833198092526,5.731529953488518,0.18207438917699642
0.05000694540908459,0.15105097536919318,0.7176741526283321,0.8049987248002259,5.765966168606114,5.870328352331566,0.18560903450417643
0.06667592721211278,0.19239486528044222,0.933990085591652,0.4536929962971453,5.1898894285270325,5.558217795772414,0.18914198150575592
0.08334490901514098,0.22994155347647313,1.1397747868640777,0.4538271974754408,6.023656332063561,6.01224614311773,0.19267323106766332
0.10001389081816918,0.26405566448120343,1.3355420969347735,0.8166280694655605,6.162089349333958,5.873252763487951,0.19620278407540315
0.11668287262119739,0.2950672037890262,1.5217807907275676,0.6544033695438785,6.470081308806005,5.262886278714816,0.19973064141405622
0.13335185442422556,0.3232731359213427,1.6989553162667819,0.4071524637009981,5.663694859779783,5.213823547265,0.20325680396827986
0.15002083622725376,0.3489437232921003,1.8675079838949105,0.6096902665804189,6.591298966509586,5.58839918518759,0.20678127262230817
0.16668981803028196,0.3723236989992864,2.0278595615020985,0.408625636051585,6.049286689045319,5.092475741215194,0.21030404825995222
0.1833587998333102,0.393632770493426,2.180409699674381,0.40829414040156,5.872202597733917,4.583130319040489,0.21382513176460022
0.20002778163633836,0.4130709231156383,2.325539024098841,0.5499634616561029,5.678382000950983,4.2718901679861,0.2173445240192178
0.21669676343936656,0.43081983345369207,2.4636098156359867,0.11904587433944047,5.9414409361644545,4.197901603692438,0.22086222590634824
0.23336574524239478,0.4470424510610444,2.5949661379042683,0.15684927237238516,6.072812371212695,4.105660034837498,0.22437823830811268
0.25003472704542296,0.4618862563633381,2.719935307548828,0.38950624828174546,6.0716346843455895,3.946211261606124,0.22789256210621023
0.2667037088484511,0.47548584683749257,2.838829162570878,0.2995284449440284,5.794157939078671,3.7167983503214552,0.23140519818191838
0.28337269065147935,0.48796286516712073,2.951944254154192,0.565075050012035,6.535571571494263,4.695139415732332,0.23491614741609312
0.3000416724545075,0.4994259818814645,3.0595620047868683,0.3207516824469676,5.756154996299295,4.821470435946747,0.238425410689169
0.31671065425753575,0.5099743420259435,3.1619505638177086,0.22002667089361255,5.26372275855166,4.371440706049863,0.2419329888811597
0.3333796360605639,0.5196983759214653,3.2593653209016207,0.7957480780807433,6.096547090583116,5.041591617257456,0.24543888287165808
0.35004861786359215,0.5286795522246607,3.3520490412550057,0.4575939768362564,5.016436382658172,4.977239288458403,0.24894309353983635
0.3667175996666204,0.536990485644365,3.440232003449656,0.516385789984718,6.0444396907127285,5.392379184812558,0.25244562176444607
0.3833865814696485,0.5446976123369468,3.5241337454814086,0.21806142336951956,7.030185709632592,5.544255265247236,0.255946468423819
0.4000555632726767,0.5518616254173893,3.603963405996161,0.39426542669882936,6.10790087507227,5.63275344841007,0.25944563439586676
0.41672454507570494,0.5585373687180305,3.679919881124386,0.5254573999391408,6.115929897709617,6.400883649125975,0.2629431205580812
0.4333935268787331,0.5647733942322745,3.7521916417648815,0.27320507628272506,6.0957981823785605,5.628466524065005,0.2664389277875348
0.45006250868176134,0.570613971531786,3.8209582313647177,0.5786743045581241,6.113057811148178,5.40417994734448,0.2699330569608804
0.46673149048478957,0.5760997260586085,3.8863908722633513,0.3835378713538887,6.180181761382327,5.240662591735009,0.2734255089543521
0.4834004722878177,0.5812676455086677,3.948652521855319,0.44545776712958013,6.45181531144801,5.559383605057069,0.2769162846437651
0.5000694540908459,0.5861506444803262,4.00789784731118,0.3835861016699378,6.139455087891189,4.503321957775798,0.2804053849045159
0.5167384358938741,0.5907779885164427,4.064273459199813,0.8745139672972526,6.950816651507587,4.522970470951822,0.2838928106115823
0.5334074176969023,0.595176640165714,4.11791931944888,0.5014897909546626,6.223189406633092,4.962915302802506,0.28737856263952416
0.5500763994999305,0.599371346354121,4.168968862683279,0.29277795482006075,6.371764422619117,4.42530575819795,0.29086264186248345
0.5667453813029587,0.6033846357552655,4.217549062822012,0.6689600269181477,5.863123025111383,4.296365426402823,0.29434504915418436
0.5834143631059869,0.6072364006764935,4.263780341676382,0.26041321754192304,6.169945134272241,4.839644871192967,0.29782578538793325
0.600083344909015,0.6109442589493485,4.307776737874919,0.5464855687031156,6.04830529436353,4.313448487753302,0.30130485143661917
0.6167523267120434,0.614524499532925,4.349647192975261,0.11290972619473721,6.256406044399902,4.141090655199883,0.3047822481727141
0.6334213085150715,0.6179921305388792,4.3894956443139765,0.23933744153709596,5.903607187179291,4.446222597004546,0.3082579764682733
0.6500902903180996,0.6213608801734937,4.4274210310842514,0.5444777978893299,5.712105350385052,4.413451976321474,0.31173203719493536
0.6667592721211278,0.624643044240526,4.46351743307296,0.6529297651410157,6.192296093754628,5.378177568649542,0.3152044312239224
0.6834282539241561,0.6278492020456334,4.497873571038974,0.5396410028091331,5.9832408395384045,5.420943026948197,0.31867515942603986
0.7000972357271843,0.6309890474763985,4.530574001749842,0.48236858650054526,5.951061612035774,5.808737901950939,0.3221442226716772
0.7167662175302124,0.6340715776707663,4.56169954701911,0.4454083992203114,6.013263745182938,6.011990012374765,0.32561162183080844
0.7334351993332408,0.6371050930170455,4.591327293706316,0.2100556345526532,6.540555239533166,5.637055257848202,0.329077357772992
0.7501041811362689,0.6400971975323757,4.61953060425749,0.3619220841382328,6.211337908672791,5.516572601843683,0.3325414313673709
0.766773162939297,0.6430546394116304,4.646379231144464,0.4138940636943922,6.162503385457672,5.744833488581925,0.3360038434826731
0.7834421447423253,0.645983125242339,4.6719387519386535,0.7175771540525203,6.227751087220065,5.384419453573552,0.33946459498721104
0.8001111265453534,0.648887905167005,4.696271688756309,0.5750072564731027,5.658201488090565,5.518358524558511,0.3429236867488823
0.8167801083483817,0.6517738776798174,4.719437863042572,0.15380645604089593,5.535373917488518,5.585215161220189,0.3463811196351705
0.8334490901514099,0.6546455896266505,4.741494395571473,0.571362168324867,6.239226825273786,4.947812535877845,0.34983689451314526
0.850118071954438,0.6575072362050638,4.7624957064459315,0.4296598044486167,5.891075574247496,4.796092205053706,0.3532910122494618
0.8667870537574662,0.6603626423887101,4.782493588316703,0.37142274528524144,6.554020449086948,4.500150640220042,0.3567434737103615
0.8834560355604945,0.6632150124039815,4.801536990154967,0.6292732866328155,6.539890042765073,4.592518825735132,0.36019427976167234
0.9001250173635227,0.6660671040906251,4.819671913987454,0.7132688155607712,6.597867628347561,4.038239617553167,0.36364343126880755
0.9167939991665508,0.6689215064212685,4.836942419641152,0.6934558157355647,6.270480415926617,3.5410684258152423,0.3670909290967679
0.9334629809695791,0.6717806468708815,4.853390686009444,0.33948716674742196,6.226911350729193,4.381021856794821,0.3705367741101415
0.9501319627726073,0.674646791416776,4.869057011052114,0.4456190743052871,6.459429457073178,4.650308396235053,0.37398096717310386
0.9668009445756354,0.677522044538606,4.883979811795334,0.5738451124188549,6.102017087425694,4.66532372477981,0.3774235091494178
0.9834699263786636,0.6804083465510875,4.8981956441563215,0.7028323267793337,7.443164976718218,4.562677035158505,0.3808644009024337
1.0001389081816918,0.6833073323218745,4.911739232525507,0.41201932753170745,6.296151976934379,4.661591054181732,0.38430364329509015
1.01680788998472,0.6862203107907319,4.924642887740137,0.4708532520181661,6.296240967283817,5.39758734428273,0.38774123718991255
1.0334768717877483,0.6891485061516366,4.936937446344787,0.28684892327922523,6.407297189443651,5.514421288917474,0.39117718344901464
1.0501458535907764,0.6920930769241084,4.948652491246655,0.26900546244821266,6.7057017529727645,5.610766146423544,0.3946114829340993
1.0668148353938045,0.6950551159532087,4.959816351715555,0.6708828193565941,6.235292776111591,6.308271694087394,0.39804413650645853
1.0834838171968328,0.698035650409542,4.970456103383919,0.7797565266098965,6.306091339014962,5.515956753332319,0.40147514502697323
1.100152798999861,0.7010356417892551,4.980597568246795,0.4942373609772902,6.731765504647307,6.292641141620538,0.40490450935611355
1.1168217808028893,0.7040559854738889,4.990265318087898,0.7094768276241129,6.342126039137013,5.655371133934331,0.4083322303539387
1.1334907626059174,0.7070974253769146,4.999482748451828,0.5812283141373905,6.37891819771764,4.917634403060998,0.41175830888009807
1.1501597444089455,0.7101605074316731,5.008271474298832,0.3800080175938782,5.933942234061494,5.191160692430824,0.4151827457938295
1.1668287262119739,0.7132457429303634,5.016651999696465,0.5814419472835881,6.32340579784349,5.28540502641104,0.41860554195396044
1.183497708015002,0.7163536204744609,5.024644034296911,0.816900995397144,6.45145592476854,4.640913690044451,0.4220266982189091
1.20016668981803,0.7194846059747187,5.032266493336991,0.5022593284341271,6.604881544940416,4.0853069963501225,0.4254462154466847
1.2168356716210584,0.7226391426511666,5.039537497638153,0.8224841197762889,6.28084277252727,4.30193734051554,0.42886409449488755
1.2335046534240868,0.7258176510331116,5.046474373606479,0.0,7.033327176104434,3.9812087146396764,0.43228033622070877
1.2501736352271147,0.7290205289591377,5.053093653232681,0.674197588719204,6.353405548401615,4.347548605195189,0.43569494148093035
1.266842617030143,0.7322481515770672,5.059411074092383,0.5273573483152573,5.859179938082943,4.4719988200317164,0.43910791113192554
1.2835115988331713,0.7355008206824662,5.065441630353677,0.4502773095034407,6.348275599646558,4.0374890058788475,0.4425192460296598
1.3001805806361992,0.7387787235436596,5.071199085133285,0.5285617779133154,6.347769345253516,4.320236329052065,0.44592894702968877
1.3168495624392276,0.7420820417044072,5.076696378148302,0.11282668075132907,6.741791549898937,4.982403624922593,0.4493370149871592
1.3335185442422557,0.7454109505699045,5.081945973341439,0.4665369252000726,6.376744921962504,4.745139625544946,0.45274345075681033
1.350187526045284,0.7487656194067834,5.086959858881021,0.5820246541718496,7.040478760906955,4.9252540272033105,0.456148255192975
1.3668565078483121,0.7521462113431108,5.091749547160992,0.8063117839006702,6.958435763291099,5.118933850044258,0.45955142914957847
1.3835254896513403,0.7555528833683897,5.0963260748009125,0.4072097643365295,6.384922433658241,5.754524125518393,0.46295297348013953
1.4001944714543686,0.7589857863335591,5.100700002645953,0.3492959183826231,6.9928675419047845,5.854493626005893,0.4663528890377697
1.4168634532573967,0.7624450649509933,5.104881415766906,0.41077405912054943,6.398488698603644,5.594780687211759,0.46975117667517363
1.4335324350604248,0.7659308577945027,5.108879923460176,0.694336718135347,6.924898024170607,5.7614376883958105,0.47314783724464893
1.4502014168634532,0.7694432743113496,5.112704680193901,0.5771373411407096,6.717320044591601,6.103563373413878,0.47654287159808795
1.4668703986664815,0.7729823557876897,5.116364053932135,0.4055659009006563,6.67993421083588,5.175521226499124,0.4799362805869761
1.4835393804695094,0.7765481487854543,5.119865784846418,0.614302248528564,6.418319441385491,4.658733911210026,0.48332806506239046
1.5002083622725377,0.7801406994528298,5.123217341654579,0.5311950898089534,6.407318509065182,5.133380651747511,0.4867182258750029
1.516877344075566,0.7837600529844282,5.126425925571143,0.705639393836087,6.128670097956036,4.716646562631092,0.4901067638750808
1.533546325878594,0.7874062536212878,5.129498470307332,0.3716305904760012,6.260346934403298,4.314169626057726,0.4934936799124868
1.5502153076816223,0.7910793446508735,5.132441642071069,0.4466395911607674,6.151166349768466,4.546507411468276,0.4968789748366791
1.5668842894846506,0.7947793684070755,5.135261839566971,0.43388119876471415,6.507711836866546,4.48991464135818,0.5002626494967111
1.5835532712876785,0.7985063662702107,5.1379651939963535,0.21973064633261075,6.451272419157794,3.5375234688662047,0.5036447047412311
1.6002222530907069,0.8022603786670216,5.140557569057232,0.571788495571992,6.065387354010217,4.0444177575911695,0.5070251414184834
1.6168912348937352,0.8060414450706772,5.143044560944314,0.5649062964023402,6.160564622323203,5.050037547734796,0.5104039603763073
1.6335602166967633,0.8098495987807455,5.1454315048777275,0.513848732684474,6.25408727986398,4.707565471079214,0.5137811624621385
1.6502291984997914,0.8136848349205639,5.147723303530091,0.4660394116279959,7.004372384558539,4.958906864788262,0.5171567485230106
1.6668981803028198,0.8175471501508333,5.14992434855224,0.23001348437250152,6.4732240482271735,5.355359415893648,0.5205307194055488
1.683567162105848,0.821436543959311,5.15203886654828,0.429089360216679,6.2376128169302625,5.2556853083509845,0.5239030759559751
1.700236143908876,0.8253530160314994,5.154070944446215,0.4448063109342624,6.357788701077995,5.712109664196029,0.5272738190201093
1.7169051257119043,0.8292965662506451,5.156024529497951,0.3530245473229501,6.595629363060658,5.864739267379607,0.5306429494433691
1.7335741075149325,0.8332671946977398,5.157903429279295,0.48135364319461454,6.714051490250196,5.9236717978737525,0.5340104680707703
1.7502430893179608,0.8372649016515199,5.159711311689957,0.5945517386592453,6.475362778501212,5.703388010479126,0.5373763757469263
1.766912071120989,0.8412896875884666,5.1614517049535475,0.8911095266900374,6.996773726327095,5.811311201675373,0.5407406733160487
1.783581052924017,0.8453415531828051,5.163127997617579,0.5489186855240602,6.9241903151471265,5.468502392914748,0.5441033616219466
1.8002500347270454,0.8494204993065064,5.1647434385534625,0.5656439749452687,6.201240542967439,5.471016936094098,0.5474644415080273
1.8169190165300735,0.8535265270292854,5.166301136956514,0.4993754847988638,6.063281726249403,4.893044445406191,0.5508239138172957
1.8335879983331016,0.8576596376186021,5.16780406234595,0.13064119332712432,6.5232327918552215,4.758972559643155,0.5541817793923547
1.85025698013613,0.8618198221358285,5.169255015134382,0.5092234269904754,6.17071925142391,4.664410201756041,0.5575380390754092
1.8669259619391583,0.8660070591251531,5.170656420697756,0.5267030069955578,6.601305036323931,4.243502476229054,0.5608926937082604
1.8835949437421862,0.870221333694823,5.172010521966054,1.0074361476401892,5.9546521861001604,4.198970293713584,0.5642457441323047
1.9002639255452145,0.8744626312204609,5.173319495383905,0.47644628950653034,6.018939920553938,4.188756556426563,0.5675971911885382
1.9169329073482426,0.8787309373265191,5.17458545098333,0.5753587054080427,6.5673159176302685,4.320688777589809,0.5709470357175583
1.9336018891512707,0.883026237886281,5.175810432383744,0.5082376346128785,6.11252473935484,4.52519315490937,0.5742952785595633
1.950270870954299,0.8873485190218596,5.1769964167919555,0.28157512975176935,6.916685092019981,4.216060408632344,0.5776419205543516
1.9669398527573272,0.8916977671041987,5.178145315002166,0.7440060459846702,6.673834613409037,4.933642188360325,0.5809869625413226
1.9836088345603555,0.8960739687530723,5.179258971395972,0.6659588324843542,5.7169663413654295,5.038324170605892,0.5843304053594767
2.0002778163633836,0.9004771108370848,5.180339163942358,0.6739093552553862,6.582853760164264,5.155417502497572,0.5876722498474145
2.0169467981664115,0.9049071804736707,5.18138760419771,0.33395621179715285,6.524743219715375,5.297322401550509,0.5910124968433375
2.03361577996944,0.909364165029095,5.182405937305799,0.7965232988372932,6.456033447976554,5.56940353492482,0.5943511471850481
2.050284761772468,0.913848052118453,5.1833957419977965,0.23572495494534218,6.664910103925478,6.005843617402539,0.5976882017099491
2.0669537435754965,0.9183588296056705,5.184358530592263,0.6335973140524332,6.8197406660716045,6.129245705046569,0.6010236612550441
2.0836227253785244,0.9228964813745253,5.185295718455201,0.9544477451529161,6.6082696931960205,6.200472116120648,0.6043575266569425
2.100291707181553,0.9274609851475709,5.186208479492663,0.318380076548389,7.169583504596988,5.771872451236348,0.6076897987518545
2.116960688984581,0.9320523226588631,5.187097885630006,0.40335851409774953,6.726554629784913,5.811087724405509,0.6110204783755842
2.133629670787609,0.9366704758414603,5.187964980939232,0.5366790483148862,6.198549268681357,5.869669611989184,0.6143495663635395
2.1502986525906373,0.9413154267608774,5.188810781762647,0.41618435656355585,6.39651632114264,5.055811736126646,0.6176770635507323
2.1669676343936657,0.9459871576150853,5.189636276712866,0.20687751004849786,6.658307634802635,4.899936481828512,0.6210029707717779
2.1836366161966936,0.9506856507345105,5.1904424266728135,0.5308534968584576,6.976778866778652,4.753251906890966,0.6243272888608961
2.200305597999722,0.9554108885820366,5.191230164795718,0.3048108615232664,7.308719736329855,4.7959310412118406,0.6276500186519101
2.2169745798027503,0.9601628537530025,5.1920003965051205,0.6121207894775758,7.062646912388128,4.624619749606663,0.6309711609782472
2.2336435616057786,0.964941528975203,5.1927539994948635,0.33364815227175737,6.758501848880621,4.168462948096897,0.6342907166729387
2.2503125434088065,0.9697468971088896,5.193491823729102,0.8276505725510416,6.6528522631105655,3.74743104663324,0.6376086865686191
2.266981525211835,0.9745789411467696,5.194214691442297,0.36114372214545,6.636655545380547,4.314490560222175,0.6409250714975276
2.2836505070148627,0.9794376442140065,5.194923397139215,0.45351276304798593,6.1652858498069065,4.0801144117002295,0.6442398722915068
2.300319488817891,0.9843229895682195,5.195618707594933,0.6807591920258509,6.669416442774743,4.08669710428287,0.6475530897820033
2.3169884706209194,0.9892349605994846,5.196301361854834,0.27201356408940697,7.239820530788795,4.378244637821154,0.6508647248000677
2.3336574524239477,0.9941735408303333,5.19697207123461,0.563809089657904,6.666372655973064,5.10280187268698,0.6541747781763542
2.350326434226976,0.999138711574579,5.1976314732510085,0.7798763254661571,6.875982496771021,5.660201681637871,0.6574832507411295
2.366995416030004,1.004130452433751,5.198280050939418,0.1970817960568476,6.925123548537664,5.48589814261239,0.6607901433242624
2.383664397833032,1.00914874484001,5.198918258563836,0.5556358794969196,6.411894621525961,5.713549591636775,0.6640954567552158
2.40033337963606,1.0141935702825067,5.199546540992549,0.5708163278985694,6.480439785986482,6.117252166464775,0.6673991918630605
2.4170023614390885,1.0192649103057714,5.20016533368575,0.6753350010749501,6.68522918174367,5.336647511426693,0.6707013494764745
2.433671343242117,1.0243627465097154,5.200775062695539,0.2717109386017701,6.308920433795284,5.9153076263275945,0.6740019304237435
2.450340325045145,1.0294870605496305,5.201376144665923,0.25514040858084314,6.342947985525953,5.640706861283935,0.6773009355327602
2.4670093068481735,1.0346378341361897,5.201968986832819,0.6237506910789223,6.438806553122347,5.635855557491368,0.680598365631025
2.483678288651201,1.0398150490354456,5.202553987024049,0.5788899556726769,7.3867067223909615,5.097216022595474,0.6838942215456458
2.5003472704542293,1.045018687068833,5.203131533659348,0.5697222304534847,6.710548953319972,4.749382135192223,0.6871885041033381
2.5170162522572577,1.0502487301131653,5.203702005750353,0.5890439379048682,6.7880477255870595,4.789930864552419,0.6904812141304244
2.533685234060286,1.0555051601006378,5.204265772900611,0.3838799835489546,6.589964166365242,5.020246492011038,0.693772352452835
2.5503542158633143,1.0607879590188267,5.204823195305578,0.5664662953691717,7.09626239381939,4.60793426029638,0.6970619198961076
2.5670231976663427,1.0660971089106879,5.205374623752615,0.5787606748572874,7.359903187069492,4.085202763074314,0.7003499172853869
2.5836921794693706,1.071432591874558,5.205920399620995,0.37740651701624395,6.758654338556036,3.7977266903029188,0.7036363454454256
2.6003611612723985,1.0767943900641552,5.206460854881893,0.8935623194129458,6.898663909193032,3.7362351828537945,0.7069212052005839
2.617030143075427,1.0821824856885771,5.206996312098398,0.6153046140424654,6.691422600095398,4.7508531121748,0.7102044973748289
2.633699124878455,1.087596861012303,5.207527084425501,0.28240793918445417,6.398186010420776,4.2477207969525725,0.7134862227917357
2.6503681066814835,1.0930374977863595,5.208053449247357,0.6521099651805157,7.682033812379418,4.660417525962945,0.7167663822744953
2.6670370884845114,1.098504376676696,5.208575574947475,0.3259935102760686,6.7608024375865545,5.40194912185237,0.7200449766459135
2.6837060702875397,1.103997479270731,5.209093624241277,0.6784773619519524,7.094638527983561,4.768382655431984,0.7233220067283828
2.700375052090568,1.1095167872238743,5.209607759056057,0.7529101498761472,7.080344635083878,5.922471284714332,0.7265974733439063
2.717044033893596,1.1150622822150302,5.210118139304382,0.357185159239934,6.616562549754026,5.574449886871655,0.7298713773140986
2.7337130156966243,1.120633945946598,5.210624922884082,0.7141274335342864,7.2797813453809095,5.41801998716274,0.7331437194601855
2.7503819974996526,1.126231760144472,5.211128265678257,0.6041389737625352,6.806864715644226,5.725773983161423,0.7364145006030053
2.7670509793026805,1.1318557065580408,5.211628321555271,0.6861253969537472,7.629837849096796,5.542255385235206,0.7396837215630067
2.783719961105709,1.137505766960188,5.212125242368756,0.9012025339301857,6.6732981461576255,5.776015467214679,0.7429513831602507
2.800388942908737,1.1431819231472922,5.21261917795761,0.4728968824834363,6.417540181181038,5.271030894507544,0.7462174862144095
2.8170579247117655,1.1488841569392254,5.213110276146,0.3713578369123285,6.577460473351937,4.668102995812264,0.7494820315447672
2.8337269065147934,1.1546124501793562,5.213598682743358,0.3443327437488754,6.823417343936353,4.927896350362697,0.7527450199702189
2.8503958883178218,1.1603667847345462,5.214084541544385,0.35920412833651977,6.8531492029765,4.340152154991828,0.7560064523092718
2.8670648701208497,1.1661471424951528,5.214567994329046,0.5070763948430249,6.7193050126816845,4.586223096860973,0.7592663293800441
2.883733851923878,1.171953505375028,5.215049180862576,0.5908576788011617,6.2508351102869515,3.9931157491906792,0.762524652000266
2.9004028337269063,1.1777858553115184,5.215528238895475,0.5780959865067116,7.061306744346875,4.090895746678964,0.7657814209872792
2.9170718155299347,1.1836441742654646,5.21600530416351,0.6883250149168147,6.874903096972863,4.254799669901881,0.7690366371580365
2.933740797332963,1.1895284442212035,5.216480510387716,0.5256192775952612,7.072539757304581,4.177338319764881,0.7722903013291028
2.950409779135991,1.195438647186565,5.216953989274392,0.8138562443775218,7.025892706767306,4.431566875793425,0.7755424143166542
2.967078760939019,1.2013747651928746,5.217425870515109,0.47034858761629694,7.034812954466787,4.7388995056178995,0.7787929769364784
2.983747742742047,1.2073367802949526,5.2178962817867,1.0674443084662355,7.051155031826505,4.411357068052407,0.7820419900039747
3.0004167245450755,1.213324674450016,5.218365334597053,0.6486744611274742,6.883884881269942,4.986964731282477,0.785289454334163
3.017085706348104,1.2193384291544604,5.218833059554631,0.35223999223426006,7.063991971085508,4.254364379157299,0.7885353707416983
3.033754688151132,1.2253780262565521,5.219299496559737,0.30962351134036536,6.791209181652851,5.549553704831705,0.791779740040809
3.0504236699541605,1.231443447669397,5.219764690259547,0.6204269969034703,6.6398333662756,5.560703916169679,0.7950225630453351
3.067092651757188,1.2375346753193597,5.220228685530383,0.4793704551342296,6.7717296845877915,5.467770768713328,0.7982638405687332
3.0837616335602163,1.2436516911460647,5.22069152747771,0.666993604779854,6.898792884647882,5.89468975576112,0.8015035734240761
3.1004306153632446,1.2497944771023943,5.221153261436139,0.6189715200307988,6.746803576823538,6.110622834420974,0.8047417624240526
3.117099597166273,1.2559630151544898,5.221613932969427,0.5098886971071375,6.9916933994623225,5.500549443831942,0.8079784083809681
3.1337685789693013,1.2621572872817515,5.222073587870476,0.3552262158901719,7.043227151577013,5.181458227858876,0.8112135121067445
3.1504375607723296,1.2683772754768379,5.222532272161329,0.22174598975009108,7.305038168768983,5.290437517754226,0.8144470744129197
3.167106542575357,1.274622961745667,5.222990032093179,0.43554291475049384,6.9394629137997965,4.592684903577641,0.8176790961106478
3.1837755243783854,1.2808943281074152,5.223446914146364,0.6962561297736026,6.960564815892426,4.548338929564122,0.8209095780107001
3.2004445061814137,1.2871913565945179,5.223902965030364,0.5679255807234893,6.561579825338166,4.891086178702574,0.824138520923463
3.217113487984442,1.2935140292526688,5.224358231683804,0.276089532362277,6.826810074141312,4.367502733469519,0.8273659256589402
3.2337824697874704,1.2998623281408208,5.224812761274456,0.5600039246759786,6.958483231391415,3.6732490729399037,0.830591793026751
3.2504514515904983,1.3062362353311852,5.2252666011992375,0.6025616620215759,6.911429808613646,3.6609314713803345,0.8338161238361317
3.2671204333935266,1.3126357329092324,5.225719799084208,0.34885714054980477,7.614863990388043,4.28992279249549,0.8370389188959343
3.2837894151965545,1.3190608029736919,5.226172402784577,0.5565040858126752,6.992295299200069,4.615569968178645,0.8402601790146276
3.300458396999583,1.325511427636551,5.226624460384692,0.5375312402407829,7.074691134058349,4.050095145182274,0.8434799050002967
3.317127378802611,1.3319875890230566,5.227076020198052,0.29742586398310744,7.6038722838488715,4.894316772114328,0.8466980976606424
3.3337963606056396,1.3384892692717139,5.227527130767298,0.5977078176613355,6.9561419998487235,5.406085250370733,0.8499147578029826
3.3504653424086674,1.345016450534287,5.227977840864215,0.6384376679277325,7.247949985539813,5.820235448243171,0.8531298862342512
3.367134324211696,1.3515691149757991,5.228428199489737,0.7430214233466714,6.946226113033415,5.57528196263693,0.8563434837609982
3.383803306014724,1.358147244774532,5.228878255873938,0.7373019921464151,6.925115649021874,5.803394570027533,0.8595555511893906
3.400472287817752,1.3647508221220257,5.229328059476041,0.2511381101212884,6.623996597574488,5.123060504419516,0.8627660893252109
3.4171412696207804,1.3713798291971238,5.229777653142833,0.339237372623574,7.021403908392428,6.429893751852818,0.8659750989738677
3.4338102514238087,1.378034248004738,5.230227018866364,0.6299398258380099,6.815971416486127,5.5859450609163375,0.8691825809404394
3.4504792332268366,1.3847140606933261,5.230676153389614,0.6298203492393547,7.196607963980085,5.3628981710740184,0.8723885360295565
3.467148215029865,1.3914192494606235,5.231125062543783,0.6302030778248826,6.428069738286384,5.387772330715109,0.875592965045455
3.4838171968328933,1.3981497965142764,5.231573752662863,1.2978702150226726,7.565276947367505,5.693766059683276,0.8787958687919935
3.5004861786359216,1.4049056840718415,5.232022230583626,0.6416323901548836,7.035356381218857,5.655082515773566,0.8819972480726521
3.5171551604389495,1.4116868943607872,5.232470503645633,0.7546977819485308,7.067823521051931,4.783413807754981,0.8851971036905335
3.533824142241978,1.418493409618493,5.23291857969123,0.7185153672540243,6.962605724331203,4.823229542848432,0.8883954364483619
3.5504931240450057,1.4253252120922486,5.233366467065549,0.6581236201815027,7.154243011892878,4.361404790799259,0.8915922471484837
3.567162105848034,1.4321822840392557,5.233814174616508,0.46492187105439514,8.110062855782143,3.925540675862673,0.8947875365928679
3.5838310876510624,1.4390646077266265,5.234261711694811,0.6798999088155768,7.007457236942021,4.6430583131092185,0.8979813055831044
3.6005000694540907,1.4459721654313842,5.234709088153946,0.37367136119138333,7.4215944987723645,4.054880565966639,0.9011735549204063
3.617169051257119,1.4529049394404632,5.2351563143501885,0.48100301675556395,6.7965585565424345,4.8179275218457915,0.9043642854056078
3.633838033060147,1.4598629120507085,5.2356034011426,0.43142435714028604,7.049054034195222,4.9255125624938385,0.9075534978391654
3.650507014863175,1.4668460655688769,5.236050359893028,0.5450022177589657,6.943776777053449,4.944279864222088,0.9107411930211581
3.667175996666203,1.4738543823116357,5.236497202466103,0.991689420940232,7.05676906640005,5.5563728243353205,0.9139273717512864
3.6838449784692315,1.4808878446055633,5.236943941229245,0.15543498133442712,7.0648462870469935,5.924243601864485,0.9171120348288728
3.70051396027226,1.4879464347871492,5.237390589052657,0.6662703646735266,6.7594710301363365,5.423903183610929,0.9202951830528625
3.717182942075288,1.4950301352027935,5.23783715930933,0.206605453580326,7.398101451402473,5.409120696344453,0.9234768172218221
3.7338519238783165,1.5021389282088082,5.238283665875038,0.434892550328973,6.242872338858006,5.2039444352510715,0.9266569381339402
3.750520905681344,1.5092727961714152,5.238730123128343,0.7471993329730938,7.100035552819505,6.473366113085274,0.9298355465870276
3.7671898874843723,1.5164317214667486,5.239176545950595,0.5423955018908192,6.937180922547995,5.62646550788795,0.9330126433785171
3.7838588692874007,1.523615686480853,5.239622949725923,0.31412082135250546,6.774122126840594,5.983034836459501,0.9361882293054641
3.800527851090429,1.5308246736096836,5.240069350341248,0.38673930830273695,7.166791874716964,5.241388803200849,0.9393623051645449
3.8171968328934573,1.538058665259107,5.2405157641862745,0.6658498674829445,6.3788207198626035,5.7010776410839314,0.9425348717520585
3.8338658146964852,1.5453176438449008,5.240962208153492,0.3839872531939676,7.114673818254493,4.78193522748949,0.945705929863926
3.8505347964995136,1.552601591792754,5.241408699638179,0.5734825535704753,6.433832673836493,4.387613520659301,0.9488754802956905
3.8672037783025415,1.5599104915382662,5.241855256538396,0.5394354540020225,7.251548356310713,4.460691485385648,0.952043523842517
3.88387276010557,1.567244325526948,5.24230189725499,0.4001312610929653,6.841894325835979,4.188505973899304,0.9552100612991923
3.900541741908598,1.574603076214221,5.242748640691596,0.9593703872729485,6.921984007032642,4.415559990361928,0.9583750934601256
3.9172107237116265,1.581986726065418,5.243195506254635,0.6574956068413235,7.144332083533459,4.184623589400797,0.9615386211193482
3.9338797055146544,1.5893952574717012,5.2436424958349255,0.1258135121673194,6.7712191512160675,4.430051831588136,0.9647006450705682
3.9505486873176827,1.5968286527621074,5.2440895773957905,0.5682631137003276,7.132021811866346,4.270377831943672,0.9678611661071679
3.967217669120711,1.6042868944817992,5.2445367471109545,0.39874517314204794,6.6830033994399916,4.336986886542777,0.9710201850220215
3.983886650923739,1.6117699651900574,5.2449840027383905,0.7017193424811381,7.453511434812572,4.585666998604331,0.9741777026076277
4.000555632726767,1.6192778474528542,5.24543134232988,0.3728587313136084,7.1996795489855785,5.621860230352949,0.9773337196561136
4.017224614529796,1.6268105238428539,5.245878764231009,0.5085457882123154,8.512345909259771,5.322752917733036,0.9804882369592361
4.033893596332823,1.6343679769394128,5.246326267081172,0.6326207238098304,7.197696232364095,4.881908224527392,0.9836412553083808
4.050562578135851,1.6419501893285788,5.246773849813571,0.7049044923335103,7.422323640972533,5.496100871560077,0.9867927754945623
4.06723155993888,1.6495571436030925,5.2472215116552094,0.2918243515269888,6.347989115392202,5.792494168500001,0.9899427983084246
4.083900541741908,1.6571888223623847,5.247669252126904,0.46511355913673247,7.219247680061065,6.353574180458795,0.99309132454024
4.100569523544936,1.66484520821258,5.248117071043276,0.4371549113428386,7.565929904379276,6.0667571333564725,0.9962383549799104
4.117238505347965,1.6725262837664931,5.248564968512747,0.40160828820893607,7.0632266254118,5.3655921996660965,0.9993838904169667
4.133907487150993,1.6802320316436319,5.249012944937557,0.8854951377822995,7.586674668811942,6.188703028656464,1.0025279316405686
4.1505764689540205,1.687962434470196,5.249461001013741,0.6135307807496396,7.087448501760683,5.2295835702376054,1.0056704794395055
4.167245450757049,1.6957174748790762,5.24990913773115,0.28048779032598903,7.201522093694145,5.365171257996707,1.0088115346021944
4.183914432560077,1.7034971355098558,5.250357356373432,0.7163671070188998,7.445423839771956,4.3979649625059025,1.011951097916683
4.200583414363106,1.7113013990088097,5.250805658518051,0.9573560871800318,6.92796917179104,3.803233972872668,1.015089170170647
4.217252396166134,1.7191302480289046,5.251254046036273,0.7395480237871271,7.544338532107009,3.9251048417063292,1.0182257521513915
4.233921377969162,1.7269836652297992,5.251702521093169,0.22931109609053918,6.73658476672428,3.2613613302907556,1.0213608446458504
4.250590359772191,1.7348616332778444,5.252151086147622,0.4364683859928079,7.212523477205218,4.833676330792273,1.0244944484405871
4.267259341575218,1.7427641348460823,5.252599743952316,0.7868275353435927,6.802328204003452,4.306323869645048,1.0276265643217934
4.283928323378246,1.7506911526142472,5.253048497553744,0.392041510953439,7.454839339122384,4.080707541657155,1.0307571930752906
4.300597305181275,1.7586426692687658,5.253497350292204,0.6224693818833087,7.05818729186624,4.672875594186697,1.033886335486529
4.317266286984303,1.7666186675027558,5.253946305801806,0.6887623926979647,6.6244298451337,4.818201734026646,1.0370139923405877
4.333935268787331,1.7746191300160274,5.25439536801046,0.3485795670109081,7.2465019739770336,5.19535679673002,1.040140164422175
4.35060425059036,1.7826440395150818,5.254844541139887,0.5221906629602129,7.24966386451539,5.618722710160894,1.043264852515628
4.367273232393387,1.7906933787131134,5.25529382970561,0.0,6.945102734928369,5.39062087293361,1.0463880574049136
4.3839422141964155,1.7987671303300077,5.255743238516963,0.32947833209359156,6.915352641433872,5.388615930703997,1.0495097798736268
4.400611195999444,1.806865277092342,5.256192772677087,0.4839722833741078,8.267600564620325,6.011975313848041,1.0526300207049921
4.417280177802472,1.814987801733386,5.256642437582926,0.285059323984605,7.264682085466066,6.0406463397072665,1.0557487806818628
4.4339491596055005,1.8231346869931004,5.257092238925231,0.8612282612965156,7.133677018382718,5.788145091529202,1.0588660605867217
4.450618141408529,1.831305915618139,5.257542182688563,0.24884775843368973,7.193418156437563,6.294957089367909,1.06198186120168
4.467287123211557,1.839501470361846,5.2579922751512855,0.44699716356029795,7.167502936666391,5.3312802020151215,1.0650961833084784
4.483956105014585,1.8477213339842582,5.258442522885574,0.5612841965642799,7.594670370538578,4.968307837047775,1.0682090276884866
4.500625086817613,1.8559654892521056,5.258892932757403,0.8235207524363791,7.33123110443439,5.116001559214682,1.071320395122703
4.517294068620641,1.8642339189388069,5.259343511926562,0.24822367118733046,7.166194516650366,4.541324600286355,1.0744302863917554
4.53396305042367,1.8725266058244767,5.259794267846639,0.7681588519134822,6.97937362753575,4.670777709066316,1.0775387022759007
4.550632032226698,1.8808435326959179,5.260245208265035,0.5377027069801322,7.722157259243421,4.097327913636945,1.080645643555024
4.567301014029725,1.8891846823299825,5.260696341031908,0.33948435107004593,7.283753527795091,4.1161805883252365,1.083751111008643
4.583969995832755,1.8975500357052368,5.261147649888296,0.628336755820654,7.374706764629194,4.767309733052332,1.0868551054161424
4.600638977635782,1.9059395748270895,5.261599118502347,0.5758579729312467,6.254738820555566,4.1205112451491654,1.0899576275564193
4.6173079594388104,1.914353283106644,5.262050744512704,0.41613262436878384,7.396444393809739,4.118862246278706,1.0930586782078262
4.633976941241839,1.922791143939668,5.262502525684785,0.5502663758932234,7.948606067930372,4.888861661774137,1.0961582581483538
4.650645923044867,1.9312531407065958,5.262954459910787,0.45937319170348184,7.187482036442164,4.446755480039635,1.0992563681556304
4.6673149048478955,1.9397392567725256,5.263406545209683,0.5592693253678872,7.351957118494154,4.801891989189613,1.1023530090069225
4.683983886650923,1.948249475487221,5.263858779727227,0.6691219295000939,7.50491120656212,5.429493082822585,1.105448181479134
4.700652868453952,1.956783780185113,5.264311161735945,0.8540290891148992,7.214263398647749,5.7596806136688095,1.108541886348808
4.71732185025698,1.9653421541852942,5.264763689635146,0.289392550397357,7.274180840309604,6.019114289699827,1.111634124392124
4.733990832060008,1.9739245807915267,5.265216361950913,0.9636922423330894,7.219010143496968,5.5396840089407995,1.1147248963849006
4.750659813863036,1.9825310432922336,5.265669177336109,0.14679791767391454,7.366114511170626,5.97874072913269,1.1178142031025937
4.767328795666064,1.9911615249605064,5.266122134570373,0.506988361660607,7.97966453260248,5.617868142380113,1.1209020453202974
4.783997777469093,1.9998160090541013,5.266575232560119,0.6551387179419389,7.51740500287913,5.459576936052233,1.123988423812744
4.80066675927212,2.0084944788154386,5.267028470338547,0.5938035390325841,7.474911470324969,5.823020857441862,1.1270733393543035
4.81733574107515,2.017196917471605,5.267481847065623,0.4131951432005311,7.778805398444716,5.072732277141026,1.1301567927189835
4.834004722878177,2.0259233082343524,5.2679353620281,0.4962404715860505,7.399250370281986,5.073337333237679,1.1332387846804302
4.8506737046812045,2.0346736343000966,5.268389014639505,0.4393946020076453,7.037025540632225,4.789818438921262,1.1363193160119271
4.867342686484234,2.0434478788499217,5.268842804440142,0.42025169759679465,7.251163385441082,4.200336653321629,1.1393983874863967
4.884011668287261,2.0522460250495738,5.269296731097092,0.7081749211756552,7.421020240217448,4.636654845818183,1.1424759998763978
4.90068065009029,2.061068056049466,5.2697507944042155,0.6097874444651326,6.930671525566278,4.40413002315177,1.145552153954129
4.917349631893318,2.0699139549846763,5.27020499428215,0.39993226641079666,7.417260862677873,3.6041791072638243,1.148626850491425
4.934018613696347,2.0787837049749487,5.27065933077831,0.7185639914057875,7.1857525306034935,4.325637821006587,1.1517000902597605
4.9506875954993745,2.087677289124691,5.2711138040668875,0.6002337439913499,8.018824523334132,4.127043130178629,1.154771874030246
4.967356577302402,2.0965946905229766,5.271568414448852,0.7014760796966679,6.57219950059949,4.867350609246843,1.1578422025736317
4.984025559105431,2.105535892243547,5.272023162351951,0.6649592330176815,7.365622620827204,4.329114837290312,1.160911076660305
5.000694540908459,2.1145008773448044,5.272478048330711,0.3733642637191421,7.499468318122658,4.903530040386634,1.1639784970602907
5.017363522711488,2.12348962886982,5.272933073066432,0.42725685167655575,7.517983572425102,5.3657933734073024,1.167044464543253
5.034032504514515,2.1325021298463276,5.273388237367196,0.6888815670700728,7.6690210412330355,5.495018878176415,1.1701089798784925
5.050701486317544,2.141538363286729,5.273843542167859,0.6616266779539454,7.500223133782466,5.882262001826644,1.1731720438349489
5.067370468120572,2.1505983121880887,5.274298988530056,0.5355020773639011,7.162197510417463,5.308531190007583,1.1762336571811993
5.0840394499235995,2.159681959532138,5.2747545776422005,0.5632776365508982,7.418791578960356,6.295503439835059,1.1792938206854586
5.100708431726629,2.1687892882852737,5.275210310819482,0.7954748951974591,7.5825226967820845,5.915019675848126,1.1823525351155804
5.117377413529656,2.1779202813985563,5.275666189503869,0.42175738681675035,7.277277213705603,6.048771394854004,1.185409801239055
5.134046395332685,2.1870749218077137,5.276122215264106,0.6496208817308672,7.240641698997138,5.723758905430393,1.1884656198230124
5.150715377135713,2.1962531924331365,5.2765783897957155,0.49989260826711746,7.264951047379986,5.233448747931007,1.1915199916342185
5.167384358938741,2.205455076179883,5.277034714920998,0.4969246236848761,7.549737604915436,4.603918322338763,1.1945729174390791
5.1840533407417695,2.214680555937676,5.277491192589032,0.7603459525988643,8.669413785271288,4.573417480230015,1.1976243980036367
5.200722322544797,2.223929614580903,5.277947824875672,0.7058035621401175,7.57114357324955,4.997872544934129,1.200674434093572
5.217391304347826,2.233202234968618,5.278404613983552,0.7035519219290016,7.370345800788056,4.762055420088566,1.2037230264742038
5.234060286150854,2.242498399944538,5.2788615622420805,0.802075450766679,6.972814974676252,4.049958824806299,1.206770175910489
5.250729267953882,2.251818092337048,5.279318672107447,0.5453101444651822,7.539501459318029,3.3545842981022354,1.2098158831670216
5.26739824975691,2.2611612949591966,5.279775946162617,0.677629649371621,8.393157538353083,4.178829179902654,1.2128601490080355
5.284067231559939,2.2705279906086986,5.280233387117334,0.4793153749144193,7.4692004814366415,4.273042233269008,1.2159029741974
5.300736213362967,2.279918162067933,5.280690997808116,0.6063316599730715,6.789572687869998,4.463866577628973,1.2189443594986242
5.317405195165994,2.2893317921039453,5.281148781198263,0.5155994339412161,7.858234356942205,4.921963452810839,1.2219843056748545
5.334074176969023,2.298768863468445,5.281606740377852,0.5611568852250726,7.578175124819592,5.274035069535822,1.225022813488875
5.350743158772051,2.308229358897809,5.282064878563736,0.6609187367734035,6.78881894291778,5.5549369377687245,1.228059883703109
5.367412140575079,2.317713261113076,5.282523199099542,0.3783728265218457,7.6080498801770275,5.6129887707365445,1.2310955170796156
5.384081122378108,2.3272205528199548,5.282981705455682,0.9606240417864926,7.707763082039429,5.113545968961248,1.2341297143800938
5.400750104181136,2.3367512167088136,5.283440401229341,0.34107272580397585,7.5358054808781825,5.66190451118091,1.2371624763658795
5.417419085984164,2.3463052335853134,5.283899289126576,0.29956808694985726,7.5522557310475,6.491146476027504,1.2401938037979607
5.434088067787192,2.3558825470570484,5.284358349005669,0.7741575835351939,8.070723813056025,5.869516397609262,1.2432236974372406
5.45075704959022,2.365483131778795,5.2848175710328364,0.7009975388551528,7.475218153861029,5.750783618159937,1.2462521580440504
5.467426031393249,2.3751069801756897,5.285276954326255,0.6676185465753115,7.118912385539568,5.568762116958892,1.2492791863782373
5.484095013196277,2.3847540842571004,5.285736498050487,0.668593259970303,6.639052333473163,5.360878674903935,1.2523047831992962
5.500763994999305,2.3944244356166364,5.286196201416479,0.5406043703262063,7.634938755650697,4.273545970710914,1.2553289492663697
5.517432976802334,2.4041180254321404,5.286656063681563,0.3637324091774663,7.901687189937227,4.6699651721484114,1.2583516853382486
5.534101958605361,2.4138348444656916,5.287116084149459,0.5584737454686494,7.631971384155777,4.5090766392671116,1.2613729921733714
5.550770940408389,2.4235748830636066,5.287576262170269,0.40801003363431015,7.473486164556608,4.730470299612822,1.2643928705298235
5.567439922211418,2.433338131156436,5.288036597140484,0.738595856453998,7.371428555927496,4.2499343331170785,1.2674113211653386
5.584108904014446,2.443124578258968,5.288497088502979,0.5142899590059538,7.591140593950625,3.706132070466736,1.2704283448372988
5.600777885817474,2.4529342134702268,5.288957735747015,0.378731513161365,7.418632786214264,4.371888036530331,1.2734439423027326
5.617446867620503,2.4627670254734717,5.289418538408238,0.4796832930556413,7.060556266897131,4.118624132530082,1.2764581143183173
5.634115849423531,2.4726230025361997,5.289879496068682,0.6266762527359608,7.403411340131371,4.1743333641573805,1.2794708616403774
5.6507848312265585,2.4825021325101426,5.290340608356764,0.4314745434181986,7.496932679624354,4.513821062413287,1.282482185024885
5.667453813029587,2.4924044028312693,5.290801874947287,0.3799048585427658,7.664554760926702,5.174620720892701,1.2854920852274607
5.684122794832615,2.502329800519784,5.291263295561441,0.5932158551857355,7.631921366511936,5.636136314678673,1.2885005630033717
5.7007917766356435,2.5122783121801273,5.2917248699668,0.5936011938699839,7.870033766219311,5.624713885920358,1.2915076191075339
5.717460758438672,2.5222499240009766,5.292186597977327,0.44334870283982947,8.089228792388855,5.843786303330642,1.2945132542945106
5.734129740241699,2.532244621755244,5.292648479453366,0.4506591265364828,8.158022723138673,5.906384075836504,1.2975174693185128
5.7507987220447285,2.5422623908000803,5.293110514301648,0.5914062163333904,7.684477393774031,5.830307486866012,1.3005202649333993
5.767467703847756,2.5523032160768686,5.293572702475293,0.25550879319508707,7.680824934123483,5.966105089774134,1.3035216418926763
5.784136685650784,2.5623670821112317,5.294035043973803,0.26376233065825366,7.416145458639103,4.914386436322275,1.3065216009494982
5.800805667453813,2.572453973013026,5.294497538843068,0.40169565670376695,7.919842643167024,5.493671969679118,1.3095201428566672
5.817474649256841,2.5825638724763462,5.294960187175361,0.5028244773896052,8.470853112959173,4.922120103674176,1.3125172683666324
5.834143631059869,2.5926967637795206,5.295422989109342,0.6078248189616832,7.704571029137721,5.33665224500024,1.3155129782314914
5.850812612862897,2.602852629785116,5.295885944830059,0.8408439386498445,8.627022447426253,4.697015104941852,1.3185072732029897
5.867481594665926,2.6130314529399348,5.296349054568941,0.7174340006012937,7.294023870648604,4.529170224319869,1.3215001540325197
5.8841505764689535,2.623233215275014,5.296812318603806,0.5140437419276247,7.341085312622547,3.89409820997711,1.3244916214711222
5.900819558271982,2.633457898405629,5.297275737258856,0.5423575695330198,8.110878925956154,4.540475959588077,1.3274816762694854
5.91748854007501,2.6437054835312894,5.2977393109046815,0.34578429258843485,7.72607543459289,4.38829443435284,1.3304703191779454
5.934157521878038,2.6539759514357413,5.298203039958255,0.5427168839045149,8.358780391461767,4.410171420619826,1.3334575509464863
5.950826503681067,2.664269282486968,5.298666924882937,0.4888171200658864,7.723236893246577,4.116283586344711,1.336443372324739
5.967495485484094,2.674585456637188,5.299130966188472,0.6112218877997474,7.455608927856434,4.307848149129039,1.3394277840619833
5.9841644672871235,2.6849244534228567,5.299595164430992,0.38136130601454543,7.637567871820959,4.831815876650696,1.3424107869071458
6.000833449090151,2.695286251964664,5.300059520213013,0.6508061076521628,7.693485946999221,4.804218076131351,1.3453923816088016
6.017502430893178,2.7056708309675375,5.300524034183438,0.8536138885447744,7.199757353145468,5.3896365037458995,1.3483725689151727
6.034171412696208,2.716078168720641,5.300988707037553,0.5254433684300059,8.011470396114003,4.832119629691508,1.3513513495741296
6.050840394499235,2.726508243097373,5.301453539517035,0.6276670257304504,8.034167968521103,5.508317627706606,1.35432872433319
6.067509376302264,2.7369610315553703,5.301918532409942,0.6854827538297147,7.929263049723676,6.30370201426998,1.3573046939395197
6.084178358105292,2.7474365111365024,5.302383686550717,0.46733912625008156,7.710493990041686,5.931744265716722,1.3602792591399318
6.100847339908321,2.757934658466879,5.302849002820192,0.5925309730673983,7.596394822998767,5.8068379440930595,1.3632524206808878
6.117516321711348,2.7684554497568428,5.303314482145584,0.5503602038534342,7.447183378944673,6.235167878423047,1.3662241793084962
6.134185303514376,2.7789988608009746,5.303780125500495,0.5675061812876824,8.155077430486829,4.758988157237682,1.3691945357685136
6.150854285317405,2.78956486697809,5.3042459339049115,0.393498233552132,7.512993195603296,4.990336926065474,1.3721634908063445
6.1675232671204325,2.8001534432512414,5.304711908425207,0.5531314447601816,7.753872023981639,4.8667313792206235,1.3751310451670404
6.184192248923462,2.8107645641677172,5.305178050174141,0.6479582785579008,7.808066061953385,4.998006492865065,1.3780971995953017
6.200861230726489,2.821398203859042,5.305644360310858,0.8387165430588802,7.6274089165167505,4.782024381571428,1.3810619548354754
6.217530212529517,2.832054336040976,5.306110840040887,0.7404711786740128,8.277249071170932,4.0854163504523875,1.384025311631557
6.234199194332546,2.842732934013517,5.306577490616145,0.9793826876578174,7.46650208761375,4.534607800098435,1.3869872707271895
6.250868176135573,2.8534339706608964,5.3070443133349325,0.3954058569932649,7.766722098975384,4.079112689228503,1.3899478328656631
6.2675371579386026,2.8641574184515846,5.307511309541939,0.7234686610226132,6.773810655745732,4.606805286433587,1.392906998789917
6.28420613974163,2.874903249438286,5.3079784806282335,0.5858020896013871,7.813692081865875,4.050817034929368,1.3958647692425366
6.300875121544659,2.8856714497689833,5.30844582339722,0.9872234205155308,7.646831363936075,4.5035180194722955,1.3988211449657781
6.317544103347687,2.8964620454861603,5.308913327714144,0.38773231283769155,7.167906632879713,4.618353288806137,1.401776126701575
6.334213085150714,2.907275047600224,5.309380993172574,0.3815767281031456,7.8754229460965375,5.330074848314455,1.404729715191462
6.350882066953743,2.9181104640241546,5.3098488198076055,0.42977168465033816,8.16415274825629,5.102994724741893,1.4076819111766279
6.367551048756771,2.9289683005943994,5.310316807660312,0.12500017662169688,7.83789143682353,5.468216994030327,1.4106327153979157
6.3842200305598,2.9398485610708747,5.310784956777755,0.44475741541210845,8.28703843011918,5.807025573680157,1.4135821285958237
6.4008890123628275,2.950751247136961,5.311253267212973,0.3982109761976248,8.162282905720035,5.928458417710976,1.4165301515105049
6.417557994165856,2.9616763583995076,5.311721739024991,0.5802453450346277,7.831853588881782,6.065972873743302,1.4194767848817682
6.434226975968884,2.9726238923888313,5.3121903722788115,0.6186468525721759,7.3603027152756715,5.819910646739488,1.4224220294490773
6.450895957771912,2.9835938445587136,5.31265916704542,0.9256588853590355,8.086371860209992,5.513705597197746,1.4253658859515506
6.467564939574941,2.9945862082864054,5.313128123401787,0.7406385356493608,8.00061344525234,5.354293047625555,1.4283083551279616
6.484233921377968,3.005600974872623,5.31359724143086,0.4353020777485648,7.956976244155085,5.241964422545914,1.431249437716739
6.500902903180997,3.0166381335415506,5.314066521221571,0.37112890582829605,7.854109945384828,5.061262940914326,1.4341891344559672
6.517571884984025,3.027697671440841,5.314535962868836,0.6493246959396464,8.182407800400282,4.695689252740056,1.4371274460833843
6.534240866787053,3.0387795736416097,5.3150055664735465,0.28702323207347863,7.691632712310538,4.524530539810809,1.440064373336385
6.550909848590082,3.0498838231384426,5.315475332142583,0.9174906287620552,7.864195704510178,3.8896412946527037,1.442999916952018
6.567578830393109,3.0610104008493924,5.315945259988801,0.787215892098768,8.5726691849086,4.435223481937427,1.4459340776669871
6.584247812196138,3.0721592856159776,5.316415350131047,0.45762172012207925,7.883500703529475,4.254452536568634,1.448866856217652
6.600916793999166,3.083330454203184,5.316885602694138,0.20895891751397427,7.14792973542589,4.544101442032188,1.4517982533400269
6.617585775802194,3.094523881299465,5.317356017808882,0.8224892611304208,7.6364827625240155,4.361077886017455,1.4547282697697808
6.634254757605222,3.105739539516742,5.317826595612065,0.528935770363502,8.239688255891432,4.019563972234966,1.4576569062422384
6.650923739408251,3.1169773993904006,5.318297336246453,0.799535945052347,8.043014343598886,4.658537248434361,1.460584163492379
6.667592721211279,3.1282374293792956,5.3187682398608,0.233216084244796,7.925076360137454,4.953984887442959,1.4635100422548373
6.6842617030143066,3.1395195958657474,5.319239306609835,0.4323555348367614,7.687229385000923,5.483360358184729,1.4664345432639025
6.700930684817335,3.150823863155545,5.319710536654274,0.5534081928482789,8.067405597880647,4.860427265224874,1.4693576672535198
6.717599666620363,3.1621501934779443,5.32018193016081,0.5618844751634466,7.670458031095005,5.667736670282589,1.4722794149572889
6.734268648423392,3.173498546985666,5.320653487302124,0.4626041556246869,8.089839495742249,5.91918775305035,1.4751997871084641
6.75093763022642,3.184868881754901,5.321125208256873,0.6773161198797079,7.926994347932981,5.6014286907821935,1.478118784439956
6.767606612029448,3.196261153785304,5.321597093209699,0.3393509209784524,7.521851752383154,5.778734409259979,1.4810364076843292
6.784275593832477,3.207675317,5.322069142351226,0.524527973226024,7.793528769798317,5.450649186197968,1.4839526575738038
6.800944575635504,3.2191113232455772,5.322541355878058,0.5771918498539813,7.84588641578911,5.23975886982218,1.486867534840255
6.817613557438532,3.2305691222920947,5.323013733992782,0.6561493334861392,7.9487550215676555,5.111069061975114,1.4897810402152127
6.834282539241561,3.2420487462018586,5.323486276649281,0.6957133753118875,7.984429183448568,4.7724794780701885,1.4926931744299046
6.850951521044589,3.2535502765199134,5.323958983641001,0.32859080417865316,6.1903812629774535,4.944266062984282,1.495603938215209
6.867620502847617,3.2650737178816462,5.324431854986959,0.24682520105908462,7.771996053531732,4.297726357968489,1.498513332301611
6.884289484650646,3.276619073177348,5.324904890710699,0.8093122020292265,7.863705854613583,4.0735440394757605,1.5014213574192556
6.900958466453673,3.2881863436537433,5.3253780908399815,0.6203684322475632,8.691559671751495,4.765191472528011,1.5043280142979487
6.9176274482567015,3.299775528913992,5.325851455406795,0.4043371044767321,7.960055500099098,4.488353193239337,1.5072333036671575
6.93429643005973,3.3113866269176824,5.326324984447343,0.8643935785386978,8.08279331532422,3.685313805240142,1.5101372262560093
6.950965411862758,3.323019633980839,5.326798678002052,0.5774268716241447,8.402607472796683,4.1320196230077695,1.5130397827932929
6.9676343936657865,3.334674544775915,5.327272536115573,0.7902801325704264,7.589424355282489,4.6143942334898265,1.515940974007458
6.984303375468814,3.346351352331801,5.3277465588367745,0.5680531326679599,8.19999528580384,4.863865425399596,1.5188408006266143
7.000972357271843,3.358050048033817,5.328220746218747,0.9668277516022845,7.992823756062386,4.567514121554105,1.5217392633785336
7.017641339074871,3.3697706216237155,5.328695098318803,0.9058750549416337,7.781767361166438,5.60871909281514,1.5246363629906476
7.034310320877899,3.381513061199684,5.329169615198476,0.5051427661469271,7.819935899121907,5.729634063386238,1.5275321001900488
7.050979302680927,3.3932773532163405,5.329644296923521,0.749378484961494,7.799675192348569,5.800353466385498,1.5304264757034909
7.067648284483956,3.4050634824847363,5.330119143563915,0.6842681731291564,9.300318460672617,6.172307468227685,1.5333194902573883
7.084317266286984,3.4168714321723552,5.330594155193854,0.8290479726492163,8.076504317623336,5.935549409694332,1.5362111445778166
7.100986248090011,3.4287011838031143,5.331069331891757,0.3624656364219556,8.584908505580017,5.890692486568898,1.5391014393905118
7.117655229893041,3.440552717257363,5.331544673740262,0.6927892773730013,8.183764086027194,6.1056433010720434,1.541990375420871
7.134324211696068,3.452426010771882,5.332020180826232,0.7673925289941739,7.539732213800626,5.788424353197392,1.5448779533939514
7.1509931934990965,3.464321040939888,5.332495853240749,0.2040883699816829,8.246286702800814,4.980474890429756,1.5477641740344728
7.167662175302125,3.4762377827110256,5.332971691079115,0.31931318974180944,8.10837627020726,5.174947518033124,1.5506490380668134
7.184331157105152,3.488176209391376,5.333447694440857,0.14824707107371715,7.65814846032009,4.539240230905118,1.5535325462150142
7.2010001389081815,3.500136292643452,5.333923863429719,0.5023407434052197,8.330782122800866,4.668901060806663,1.5564146992027763
7.217669120711209,3.5121180024861975,5.334400198153669,0.6998591544148476,8.30980034126121,4.487001181855538,1.5592954977534617
7.234338102514238,3.524121307294991,5.334876698724895,0.8569506959050254,8.942963301814835,3.8195692374996577,1.5621749425900933
7.251007084317266,3.536146173801642,5.335353365259808,0.5714268130440932,8.075172320163565,4.163590455393272,1.5650530344353544
7.267676066120294,3.548192567094395,5.335830197879038,0.8824595267683837,7.562256220017628,4.32357299204377,1.5679297740115903
7.284345047923322,3.5602604506179234,5.336307196707437,0.28084467590032,8.005325356029818,4.230983915252095,1.5708051620408054
7.30101402972635,3.572349786173337,5.336784361874078,0.2163170187321452,8.569735126825629,4.636640770018135,1.5736791992446666
7.317683011529379,3.5844605339181768,5.337261693512257,0.5460124950299565,7.26398728096443,5.009176216022078,1.5765518863445005
7.334351993332406,3.5965926523664145,5.33773919175949,0.6340636419249951,8.034469396231936,5.006182167733796,1.579423224061295
7.351020975135436,3.608746099048594,5.338216856757979,0.550840108943443,8.161821035294553,5.32918916746283,1.5822932131157013
7.367689956938463,3.6209208735328167,5.338694688636147,0.14401913405221645,8.007036931634971,5.897651003034632,1.5851618542281176
7.3843589387414905,3.63311700005192,5.339172687404043,0.5398120307038957,8.12997712572513,5.798141613770407,1.588029148118545
7.40102792054452,3.6453344914604484,5.339650853045464,0.29687061207560755,8.568879644554345,5.825739357655347,1.5908950955065961
7.417696902347547,3.6575733586721326,5.340129185549671,0.6918274845121075,8.115116907136267,5.512425344287797,1.5937596971115513
7.434365884150576,3.669833610659901,5.340607684911396,0.6313410755099235,7.230618182797749,5.957197666711518,1.5966229536523575
7.451034865953604,3.6821152544558675,5.34108635113084,0.3701739095200071,8.680196738659395,5.736963398667026,1.5994848658476286
7.467703847756633,3.6944182951513413,5.341565184213672,0.4555049127390742,7.82646753386425,5.842607689351908,1.6023454344156456
7.4843728295596605,3.7067427358968215,5.342044184171031,0.3465640101511096,7.6654486139382545,5.246322624749491,1.6052046600743566
7.501041811362688,3.719088577901998,5.3425233510195245,0.5459993022738491,8.202524556138405,4.439410914447365,1.6080625435413776
7.517710793165717,3.7314558204357544,5.34300268478123,0.7496919818809574,7.976803071580028,4.227824549916773,1.61091908553399
7.534379774968745,3.7438444608261636,5.343482185483693,0.36164669339401856,8.151714603972174,4.737802066580964,1.6137742867691438
7.551048756771774,3.7562544944604896,5.343961853159929,0.6597295794488556,8.329655382823725,4.172559638297891,1.6166281479634557
7.567717738574801,3.7686859147851886,5.344441687848421,0.4529971151342524,8.677702078207803,4.365436898370069,1.6194806698332085
7.58438672037783,3.7811387133059084,5.3449216895931215,0.40060242357457476,8.168583167280206,4.234427490526015,1.6223318530943533
7.601055702180858,3.793612879587489,5.345401858443454,0.5378992579848412,8.92548620881586,4.1941726320832,1.6251816984625078
7.6177246839838855,3.806108401253958,5.345882194454311,0.35238519414655245,7.6339743894895875,4.3333839355587065,1.6280302066529566
7.634393665786915,3.8186252639885394,5.346362697686049,0.4488321148971919,8.442458697841351,4.283183729825563,1.6308773783806518
7.651062647589942,3.8311634515336443,5.3468433682045,0.32011470344214965,7.812275278552468,4.7633417311224555,1.633723214360212
7.6677316293929705,3.843722945690878,5.347324206080962,0.9527636031691438,8.259364445437605,4.840710151191927,1.6365677153059233
7.684400611195999,3.8563037263210362,5.3478052113922,0.5669995702143813,8.277915890080282,5.1507920484599445,1.639410881931739
7.701069592999027,3.8689057713441057,5.348286384220453,0.42013003003948124,8.038124134770735,5.386085740250042,1.6422527149512787
7.7177385748020555,3.881529056739265,5.348767724653427,0.6029993741621709,8.433618848810786,5.588573820012232,1.6450932150778301
7.734407556605083,3.894173556544883,5.349249232784294,0.5378660309894281,8.634468382504414,6.042346674326603,1.6479323830243473
7.751076538408112,3.906839242858522,5.3497309087117,0.5162659584437328,8.25279484783077,5.760898046386781,1.6507702195034513
7.76774552021114,3.919526085836933,5.350212752539755,0.6834214442679404,7.730294102707922,6.062771628970457,1.653606725227431
7.784414502014168,3.9322340536960603,5.3506947643780425,0.7122178606392695,8.10989437854699,6.098853307633867,1.6564419009082414
7.801083483817196,3.944963112711041,5.3511769443416135,0.4547442919155146,8.23887428624335,5.713396286328596,1.6592757472575055
7.817752465620225,3.9577132272161983,5.351659292550987,0.4458090645293393,8.22563886708354,5.391931379009813,1.6621082649865127
7.834421447423253,3.9704843596050527,5.352141809132151,0.5060905528370325,8.27985989495341,5.0816424393551,1.6649394548062197
7.85109042922628,3.9832764703303125,5.352624494216565,0.10084482729335104,7.2731304388499805,4.9968088431387345,1.66776931742725
7.867759411029309,3.9960895179038776,5.353107347941155,0.2583190041134767,8.34485725131208,4.5433495688165415,1.670597853559895
7.884428392832337,4.008923458896841,5.353590370448318,0.8348602146700177,8.167914908795336,4.638589759254767,1.6734250639141124
7.901097374635365,4.021778247939486,5.354073561885918,0.890607036800098,7.880317084856517,4.418436039618978,1.6762509491995268
7.917766356438394,4.034653837721287,5.354556922407289,0.5119344073736953,8.240681795802361,4.092219726613857,1.6790755101254304
7.934435338241422,4.0475501789909085,5.355040452171235,0.6771811173232563,8.171458562485395,4.51320901955975,1.6818987474007827
7.9511043200444504,4.060467220556212,5.355524151342028,0.6242478532655471,7.346803406214282,4.390158157490369,1.6847206617342094
7.967773301847478,4.07340491317723,5.356008020075373,1.1779020698858347,8.055734588595376,4.511534121367605,1.6875412538340073
7.984442283650506,4.086363311546787,5.356492058184598,0.7861689644884677,7.885483949691693,4.6258836212133,1.690360524408208
8.001111265453535,4.099342472268605,5.3569762655569715,0.5367985260565916,8.315932027133256,5.066561917187465,1.693178474164457
8.017780247256562,4.1123424209189015,5.357460642197518,0.371402006503892,7.9059311972469155,5.562067269231756,1.6959951038100396
8.034449229059591,4.1253631799727035,5.357945188115727,0.24134886893934865,8.246815132534088,5.7504187614704865,1.6988104140519147
8.051118210862619,4.138404768803839,5.3584299033255585,0.6034588866024643,8.811115263910985,5.762998602244003,1.7016244055967138
8.067787192665646,4.1514672036849465,5.35891478784543,0.4116240248572045,8.769538935386148,5.945789712941689,1.704437079150742
8.084456174468675,4.164550497787469,5.359399841698229,0.27857143450208616,8.353914795954276,6.181329860294337,1.707248435419978
8.101125156271703,4.177654661181657,5.359885064911306,0.433835590078805,8.076790297348117,5.7104415297121855,1.7100584751100727
8.117794138074732,4.1907797008365675,5.36037045751648,0.34696854468387994,8.464962116291279,5.302448743946879,1.7128671989263515
8.13446311987776,4.203925620620062,5.360856019550034,0.9008344388501076,8.252464096683207,5.846678530379851,1.7156746075738125
8.151132101680789,4.217092421298809,5.361341751052712,0.739862017579338,8.243086370919805,5.071988923195322,1.7184807017571266
8.167801083483816,4.230280100538286,5.361827652069729,0.5620674801806275,8.35531399076538,4.775793264027664,1.7212854821806387
8.184470065286844,4.243488652902772,5.362313722650764,0.859778766352744,8.051472748842018,4.197682523870068,1.7240889495483662
8.201139047089873,4.256718069855356,5.362799962849956,0.5793915180869722,8.731972401282334,4.68737014124869,1.7268911045640003
8.2178080288929,4.269968339757934,5.363286372725918,0.3917889221020669,8.298548800747842,3.856384606268639,1.729691947930905
8.23447701069593,4.283239447871205,5.363772952341722,0.8687984714351253,8.640119396062403,4.008924964068468,1.732491480352118
8.251145992498957,4.296531376354676,5.364259701764907,0.6720835461104471,8.422586563058292,4.376657680148307,1.7352897025303498
8.267814974301986,4.30984410426666,5.364746621067477,0.35698017565503914,8.866687870624412,4.461259929930145,1.7380866151679844
8.284483956105014,4.323177607564279,5.365233710325901,0.5264895277805663,8.005408289038483,4.167625231149272,1.7408822189670792
8.301152937908041,4.336531859103457,5.3657209696211146,0.38956145730308755,8.518798920399663,4.503701215703172,1.743676514629364
8.31782191971107,4.349906828638928,5.366208399038517,0.28825299405136967,8.768861650096472,4.507633519112684,1.7464695028562431
8.334490901514098,4.363302482824229,5.366695998667975,0.7501762696718658,8.420528911192587,4.852935295512394,1.749261184348793
8.351159883317127,4.376718785211706,5.367183768603818,0.9469518958136252,7.843619687267695,5.343652342324476,1.752051559807764
8.367828865120154,4.39015569625251,5.367671708944839,0.2854828481182536,8.221288430575505,5.333798693794485,1.7548406299335793
8.384497846923184,4.4036131732966,5.368159819794303,0.677917992966763,8.721189953003346,5.584114112519876,1.7576283954263352
8.401166828726211,4.41709117059274,5.368648101259935,0.43532340211059983,8.048603411574916,5.326686016162965,1.7604148569858018
8.417835810529239,4.4305896392885,5.369136553453925,0.4681545970237593,8.390259178170274,6.1396925907012125,1.7632000153114225
8.434504792332268,4.444108527430257,5.369625176492931,0.44722863428174486,9.175730072501423,5.908221308631058,1.765983871102313
8.451173774135295,4.457647779963194,5.370113970498074,0.3930369980331351,8.399860395074139,5.874523794032207,1.7687664250572628
8.467842755938324,4.4712073387313005,5.370602935594942,0.575667197860077,8.177696080762752,5.842893508206874,1.7715476778747354
8.484511737741352,4.484787142477373,5.371092071913588,0.3999005567290286,8.017169607558918,4.982689940549789,1.7743276302528659
8.501180719544381,4.498387126843014,5.371581379588528,0.620309640321119,8.439947778147427,4.8746782936732656,1.777106282889464
8.517849701347409,4.512007224368632,5.372070858758746,0.5562983358187112,7.779709597032696,4.1674323609330735,1.7798836364820123
8.534518683150436,4.525647370438737,5.372560509561839,0.518684018243801,8.370344633822626,5.4575563450925175,1.7826596917276691
8.551187664953465,4.539307658113766,5.373050331971504,0.385088552458151,8.547734353315498,4.297546887815698,1.7854344493233347
8.567856646756493,4.552988171153288,5.373540325946246,0.45137466331872417,9.039769881748414,4.545419868196801,1.7882079099655273
8.584525628559522,4.566688943127654,5.374030491491053,0.7179348064556862,8.476739281489508,3.8287536847008603,1.7909800743504118
8.60119461036255,4.5804100039200035,5.374520828615363,0.6671676179414734,8.102981303708349,4.543830455945406,1.7937509431738319
8.617863592165579,4.594151379726278,5.375011337333074,0.3716007378265637,8.757355301016531,4.920836543661328,1.7965205171313103
8.634532573968606,4.607913093055209,5.375502017662539,0.587105841461109,8.36109570675795,4.526436826642604,1.7992887969180487
8.651201555771634,4.621695162728332,5.375992869626565,0.7176443858336258,7.89607467153086,4.466816111410857,1.8020557832289281
8.667870537574663,4.635497603879973,5.376483893252418,0.23361347288971596,8.460503991499563,4.976513467306817,1.804821476758509
8.68453951937769,4.649320427957251,5.376975088571814,0.6762941226911239,9.17384048218804,4.59641838552053,1.8075858782010292
8.70120850118072,4.663163642720091,5.377466455620931,0.43522487464924675,8.519165887026704,5.473482255855311,1.8103489882504087
8.717877482983747,4.677027252241204,5.377957994440398,0.6819968894781709,8.485300190979903,5.904066427171239,1.8131108076002438
8.734546464786774,4.6909112569061,5.378449705075303,0.4153528408457161,9.237637167957187,5.75557154368116,1.8158713369438106
8.751215446589804,4.704815653413089,5.378941587575185,0.20715575546526904,8.424242026398716,5.714548184018392,1.8186305769740658
8.767884428392831,4.718740434773273,5.379433641994045,0.24275117849048544,7.867036544191965,5.913241103851188,1.8213885283836433
8.78455341019586,4.732685590310549,5.379925868390335,0.5780041328690518,8.085450662971956,5.817436589067981,1.824145191864857
8.801222391998888,4.746651105661611,5.380418266826962,0.6204591083271651,8.625480605095778,4.957220230983779,1.8269005681096995
8.817891373801917,4.760636962775952,5.380910837371294,0.3877787343602419,8.583281058709535,5.25623192090908,1.8296546578098436
8.834560355604944,4.774643139915859,5.3814035800951485,0.6964879894627433,8.582340832260167,5.712294126963063,1.8324074616566395
8.851229337407972,4.7886696116564105,5.381896495074802,0.2365929104832421,8.634100649049799,4.3347188194433945,1.8351589803411177
8.867898319211001,4.802716348885488,5.382389582390987,0.5558083753166904,8.416483023643933,4.4892484380984365,1.8379092145539873
8.884567301014028,4.816783318803767,5.382882842128889,0.32694849405787174,8.524432239197637,4.924548908716046,1.8406581649856373
8.901236282817058,4.8308704849247155,5.383376274378152,0.43891189824496885,8.582122831766425,4.564853520687362,1.8434058323261344
8.917905264620085,4.844977807074598,5.383869879232874,0.57888622667029,8.454379588102267,4.0461990192265604,1.8461522172652254
8.934574246423114,4.859105241392482,5.384363656791609,0.3974511787341354,9.85889187042065,4.306985491374816,1.8488973204923365
8.951243228226142,4.873252740330221,5.384857607157367,0.4927500890869375,8.67323221953992,4.3633490665346075,1.8516411426965718
8.96791221002917,4.887420252652471,5.385351730437613,0.7710470926515739,8.614444619166967,4.320673694568007,1.8543836845667152
8.984581191832198,4.901607723436682,5.385846026744267,0.4545374764893965,8.831561791796046,4.748473786635323,1.8571249467912303
9.001250173635226,4.915815094073101,5.386340496193708,0.7371815790777059,8.586865445187184,4.934860589655575,1.8598649300582588
9.017919155438255,4.930042302264769,5.386835138906767,0.34422907866487185,8.489111892756357,5.298930401716068,1.8626036350556223
9.034588137241283,4.944289282027522,5.387329955008731,0.6762585647479951,8.401348532803464,5.260888511347344,1.86534106247082
9.051257119044312,4.958555963689997,5.387824944629344,0.8587387194776479,8.764457783627732,5.275187985044262,1.8680772129910328
9.06792610084734,4.972842273893622,5.388320107902806,0.07622334809008896,8.747271868628612,5.75411483758846,1.8708120873031184
9.084595082650367,4.987148135592623,5.388815444967771,0.41130043635504654,8.53606993290324,6.31430921580029,1.8735456860936142
9.101264064453396,5.001473474767009,5.38931095596196,0.6862211387587295,9.271329194034115,5.779400310131511,1.8762780100487408
9.117933046256423,5.015818401392262,5.389806640865895,0.5303248485031584,8.657438764222745,5.536327469154942,1.8790090598544629
9.13460202805945,5.03018301795427,5.39030249963977,0.6452902992665839,8.828826743223836,5.680843283415693,1.8817388361963732
9.15127100986248,5.044567368163075,5.3907985322878575,0.4503912725969293,9.22959184530001,5.181420202571226,1.884467339759715
9.16793999166551,5.058971491308973,5.391294738818938,0.5886334392254297,8.596542241598652,5.5412104323882065,1.8871945712294158
9.184608973468537,5.0733954222625215,5.391791119246297,0.5403071928619568,8.754398612512336,4.733391163973999,1.8899205312900889
9.201277955271564,5.0878391914745364,5.392287673587727,0.805126196876408,8.809281696456903,4.7244681923294465,1.8926452206260316
9.217946937074593,5.102302824976096,5.39278440186553,0.6225810841791004,8.367720326242464,4.1152468482879225,1.8953686399212275
9.234615918877621,5.116786344378535,5.393281304106511,0.6393445652544364,8.636963978128808,4.38432780903555,1.898090789859344
9.251284900680648,5.131289766873446,5.393778380341984,0.4895757432573594,8.622422869632498,4.282762671238373,1.9008116711237328
9.267953882483678,5.145813105232686,5.394275630607769,0.4745569816075244,8.153702772809098,4.228424564340524,1.9035312843974324
9.284622864286707,5.160356367808368,5.394773054944196,0.4856936650717797,9.211576745242441,4.213879016532276,1.906249630363164
9.301291846089734,5.174919558532862,5.395270653396096,0.6512227935743543,8.161824191301626,4.35426071720834,1.9089667097033356
9.317960827892762,5.189502676918802,5.395768426012813,0.48826251762274586,8.038155564930584,4.856124251205449,1.9116825231000383
9.334629809695791,5.204105718059081,5.396266372848196,0.6305414200551023,8.701239516411043,5.208230189954143,1.9143970712350502
9.351298791498818,5.218728672626848,5.396764493960596,0.987793629470654,8.989574825949331,5.2276155567445395,1.917110354789832
9.367967773301846,5.233371526875511,5.39726278941288,0.7470654176461866,8.385955826963142,5.572138673925106,1.9198223744455312
9.384636755104875,5.248034262638744,5.397761259272414,0.5077627638729102,8.851232168398255,5.647195700051181,1.9225331308829792
9.401305736907904,5.262716857330474,5.398259903611074,0.8133372341900618,9.325971843225938,5.796256525806175,1.9252426247826921
9.41797471871093,5.277419283944887,5.398758722505244,0.4916063406837389,8.65627216155761,5.739623346233341,1.9279508568248709
9.43464370051396,5.2921415110564345,5.3992577160358115,0.16572345983905784,9.93127504480954,5.759899394371658,1.930657827689403
9.451312682316988,5.3068835028198205,5.399756884288176,0.3718580423093537,8.230697119332962,6.444793723402758,1.933363538055859
9.467981664120016,5.321645218970013,5.400256227352239,0.19944384391332187,8.900794469091704,5.547533127407902,1.9360679886034948
9.484650645923043,5.3364266148222335,5.40075574532241,0.5034264409191713,9.208321981014068,5.421836053625576,1.938771180011251
9.501319627726073,5.351227641271972,5.401255438297609,0.5775397091333963,8.722583096787584,5.11150961633036,1.9414731129577538
9.517988609529102,5.36604824479497,5.401755306381258,0.9092703772535425,8.582574035193776,4.65506129559467,1.9441737881213137
9.534657591332127,5.3808883674472305,5.402255349681288,0.6394952569651025,8.613281611449244,4.901961192773054,1.9468732061799263
9.551326573135157,5.395747946865019,5.402755568310138,0.5304165297509045,8.83841169515049,4.253882624301468,1.9495713678112723
9.567995554938186,5.410626916264856,5.403255962384752,0.7402445909122484,9.068039240674668,4.549718040988266,1.9522682736927166
9.584664536741213,5.425525204443523,5.403756532026582,0.1322632378751571,8.7289433661686,4.09998974265652,1.9549639245013097
9.60133351854424,5.44044273577806,5.404257277361587,0.6217400221137892,9.211044593843518,3.957616745083681,1.9576583209137857
9.61800250034727,5.45537943022577,5.404758198520233,0.7289169458748198,8.45042726055103,4.474449465873886,1.9603514636065664
9.6346714821503,5.470335203324211,5.405259295637491,0.27915344031266986,8.635095580156163,4.214844137201313,1.9630433532557552
9.651340463953325,5.4853099661912,5.405760568852841,0.8037482662229531,8.284970404779799,4.932779726767999,1.9657339905371425
9.668009445756354,5.500303628102325,5.406262018308448,0.6428234929109548,8.699586282897823,4.661998872874292,1.9684233761262033
9.684678427559383,5.515316312669543,5.406763643988517,0.49219336815585324,9.219320362461337,5.170720459383258,1.9711115106981572
9.701347409362409,5.530348172652453,5.407265445833313,0.7019340493505127,8.75434646461009,5.056993845684476,1.9737983949278726
9.718016391165438,5.5453992601632125,5.407767423850337,1.0296429585285445,9.600551333652362,6.506216363016044,1.97648402948987
9.734685372968467,5.560469622208075,5.408269578051437,0.6120043344388104,8.823744617151366,5.270709915141404,1.9791684150583582
9.751354354771497,5.575559300687392,5.4087719084528185,0.6254018827435334,8.742373137188846,5.8026834446264415,1.9818515523072375
9.768023336574522,5.590668332395616,5.409274415075035,0.48401225320455565,8.795268408495291,6.097266516418647,1.984533441910098
9.784692318377552,5.605796749021302,5.409777097942997,0.40604221239744565,8.587318668509901,5.945872858451636,1.987214084540221
9.80136130018058,5.6209445771471,5.410279957085963,0.7422048883015941,8.73211242698922,5.708870424409742,1.989893480870579
9.818030281983606,5.63611183824976,5.410782992537548,0.40504758401373697,9.27101702679218,5.132409155507935,1.992571631573833
9.834699263786636,5.6512985487001375,5.411286204335716,0.5907042063184648,8.76531245755326,5.384731213621508,1.9952485373223365
9.851368245589665,5.66650471976318,5.411789592522785,0.48098606465283766,8.37553395317838,5.007265298343906,1.9979241987881329
9.868037227392694,5.681730357597938,5.412293157145423,0.6724400997145045,8.535648041305617,4.576900039879636,2.0005986166429546
9.88470620919572,5.6969754632575595,5.412796898254654,0.6435031215859653,8.621055321199824,4.413010076990873,2.003271791558227
9.901375190998749,5.712240032689296,5.413300815905852,0.7844052407233866,8.809227679333555,4.141826109404371,2.005943724205065
9.918044172801778,5.727524056734495,5.413804910158744,0.4750205087998695,8.841339614878674,3.9273740574599763,2.008614415254273
9.934713154604804,5.742827521128604,5.414309181077408,0.5231753235428405,8.127953994352414,4.616986467220692,2.011283865376347
9.951382136407833,5.758150406501173,5.414813628730277,0.38152407478333794,8.707414211581053,4.758917743846841,2.013952075241474
9.968051118210862,5.773492688375847,5.415318253190134,0.4885446585463589,8.839684819909872,4.281587124501311,2.0166190455195308
9.984720100013892,5.788854337170375,5.415823054534116,0.6529898870517414,7.957751060769656,4.72662149058405,2.0192847768800837
10.001389081816917,5.804235318196599,5.416328032843711,0.7290539748883529,8.755795477932487,4.977917501997666,2.0219492699923913
10.018058063619947,5.81963559166047,5.41683318820476,0.3933496350515069,8.470806715101103,5.257284367346359,2.0246125255254026
10.034727045422976,5.835055112662031,5.417338520707455,0.7518303174230712,8.608430854679135,5.506355307067673,2.0272745441477555
10.051396027226001,5.850493831195425,5.417844030446344,0.8491631238409161,8.875493862416768,5.943420353422419,2.0299353265277795
10.06806500902903,5.865951692148901,5.418349717520322,0.6608489365416574,8.741893234476928,5.5429310709837285,2.032594873333496
10.08473399083206,5.8814286353048,5.418855582032642,0.9536475073404542,8.789891322259718,5.5458170973192376,2.0352531852326137
10.101402972635087,5.896924595339564,5.4193616240909055,0.42365687903091326,9.0324545298812,6.125028195748016,2.0379102628925345
10.118071954438115,5.91243950182374,5.419867843807067,0.3296101372789281,9.256887522035163,5.495738679147334,2.04056610698035
10.134740936241144,5.927973279221969,5.420374241297433,0.22292337229267212,9.38027397872988,5.073981786245434,2.0432207181628423
10.151409918044173,5.943525846892992,5.420880816682665,0.878002613522353,7.957258558736364,5.0813692218640405,2.0458740971064833
10.168078899847199,5.95909711908965,5.421387570087774,0.7097931966409305,8.869498259869536,4.879690719824342,2.048526244477437
10.184747881650228,5.974687004958888,5.421894501642125,0.5679294303041895,8.755652055466134,5.199078621140158,2.051177160941556
10.201416863453257,5.990295408541743,5.422401611479433,0.6351663738129131,8.885317873212843,4.790104114905147,2.0538268471643852
10.218085845256285,6.005922228773356,5.422908899737768,0.3542011080743994,8.716993492008088,4.684696631027737,2.0564753038111587
10.234754827059312,6.021567439286325,5.423416366515954,1.0685755673409765,8.90814247490888,4.478796808040433,2.0591225315468207
10.251423808862342,6.037231305769536,5.423924011733756,0.6053956465705607,8.866504226574804,4.4841611990265635,2.061768531036047
10.26809279066537,6.052913908743721,5.424431835387788,0.6015565927047241,8.578972874371479,4.039649784837486,2.0644133029431395
10.284761772468396,6.068615298489049,5.4249398374913635,0.7249571669980028,8.643250765156871,4.306099925043659,2.0670568479320863
10.301430754271426,6.0843355200175075,5.4254480180619895,0.6761318818023796,8.719429368118655,4.250420840893835,2.069699166666576
10.318099736074455,6.100074613072901,5.425956377121359,0.6248330183258572,8.980800840778134,4.710280184935102,2.0723402598099883
10.334768717877482,6.115832612130853,5.426464914695354,0.42208748515015504,8.910186262958263,5.22687394549487,2.074980128025402
10.35143769968051,6.131609546398805,5.426973630814047,0.674602195165769,9.29938503449261,5.308114190405071,2.0776187719755908
10.368106681483539,6.1474054398160165,5.427482525511693,0.9568395552390719,8.762858918483634,5.8810648070032885,2.080256192323024
10.384775663286566,6.163220311053563,5.427991598826745,0.849644782062678,8.98483448999359,5.317332329721435,2.082892389729868
10.401444645089594,6.179054173514346,5.4285008508018375,0.8993241997052841,9.332124303676977,5.917365664903198,2.0855273648579846
10.418113626892623,6.194907035333075,5.429010281483798,0.47856982527097974,8.960617891917352,5.42521161728607,2.088161118368931
10.434782608695652,6.210778899376283,5.42951989092364,0.383018067295391,8.872211501905946,5.782061678447154,2.0907936509239606
10.45145159049868,6.2266697632423185,5.430029679176565,0.5559077027031377,8.850078723957287,5.856206660956807,2.0934249631840234
10.468120572301707,6.242579619261354,5.430539646301967,0.5923361091188301,8.972991001622281,5.387965881838939,2.0960550558097646
10.484789554104736,6.258508454495374,5.431049792363426,0.8001554548313656,8.388575390917712,5.391576545391276,2.098683929461527
10.501458535907764,6.274456250738181,5.4315601174287105,0.24295023418435768,8.905744114111538,4.690088866845222,2.1013115847993458
10.518127517710791,6.290422984515403,5.43207062156978,0.8874792174996537,9.284767639260407,4.232824844783769,2.1039380224829567
10.53479649951382,6.306408627084479,5.432581304862779,0.5500935518380126,9.0829449671224,4.679211605785661,2.106563243171788
10.55146548131685,6.322413144434666,5.433092167388045,0.4964448799526847,8.836834129977936,4.863248615048785,2.109187247524965
10.568134463119877,6.3384364972870415,5.4336032092301,0.37952616569658404,9.030829724886402,3.9337936293477473,2.111810036201309
10.584803444922905,6.354478641094505,5.434114430477657,0.25110163757601806,8.8898446133241,4.566965393090698,2.1144316098593374
10.601472426725934,6.370539526041767,5.434625831223618,0.7468330043122325,9.28377089456073,4.259335267997643,2.1170519691572642
10.618141408528961,6.386619097045358,5.435137411565075,0.5969883808743522,8.923818564905579,3.965398824221154,2.1196711147529976
10.634810390331989,6.402717293753633,5.435649171603304,0.32445849172745045,8.853845017122707,4.208519757159692,2.122289047304143
10.651479372135018,6.418834050546757,5.436161111443774,0.3235607858001223,8.785916617537145,4.7788317526661785,2.1249057674680025
10.668148353938046,6.434969296536716,5.436673231196139,0.5155454531662287,8.950913861972214,4.901001726630097,2.1275212759015716
10.684817335741075,6.451122955567314,5.437185530974248,0.9166325351437988,8.738824524290772,4.874523174475191,2.1301355732615446
10.701486317544102,6.467294946214177,5.437698010896131,0.531035781101158,9.124409253196928,4.979962123323975,2.1327486602043106
10.718155299347131,6.483485181784743,5.438210671084014,0.28245126624054817,8.832390860347669,5.4061359188993965,2.1353605373859534
10.734824281150159,6.499693570318268,5.438723511664303,0.5340570337156443,9.694611538848733,5.825634173866807,2.137971205462255
10.751493262953186,6.515920014585835,5.439236532767603,0.528786706406381,9.055571370686376,5.79776288596234,2.1405806650886925
10.768162244756216,6.532164412090338,5.439749734528699,0.044079849721148756,8.540253591151975,5.603203240817344,2.143188916920438
10.784831226559243,6.548426772357146,5.4402631170346005,0.5727239470659653,8.997941656961057,5.694246841921482,2.145795961612386
10.801500208362272,6.56470735746055,5.440776680230594,0.5375217404704273,8.764799272148242,5.763748582858134,2.148401799819157
10.8181691901653,6.581006232189756,5.441290424121501,0.7230756296761094,8.839617552394206,5.343806704628245,2.151006432195002
10.834838171968329,6.597323444853687,5.441804348720751,0.9537512699384448,9.105336614761567,4.9409180095278495,2.1536098593938724
10.851507153771356,6.613659038638975,5.442318454045999,0.8093987351056275,8.84500477935137,5.00969567986343,2.156212082069419
10.868176135574384,6.630013051609968,5.442832740119129,0.5304336533186266,9.088067403516263,4.2235944678798605,2.1588131008749945
10.884845117377413,6.6463855167087145,5.443347206966249,0.36303185587766057,9.186114678671633,4.2721752844711345,2.1614129164636537
10.90151409918044,6.662776461754978,5.443861854617695,1.0991346284113261,8.55174627427931,4.17208371134637,2.1640115294881515
10.91818308098347,6.679185909446231,5.444376683108031,0.5964319686146436,8.961796387650288,3.8292408122126,2.1666089406009448
10.934852062786497,6.695613877357654,5.444891692476044,0.587499738135838,8.423244106135725,4.120580393337069,2.1692051504541916
10.951521044589526,6.712060377942137,5.445406882764753,0.5800144441399429,8.800316535019986,3.7440445684116215,2.1718001596997514
10.968190026392554,6.728525418530278,5.445922254021401,0.6245819793674857,8.057460045726689,5.122201018963812,2.174393968989184
10.984859008195581,6.74500900133039,5.446437806297458,0.5562184943004614,9.272952306661633,4.4935420827721595,2.176986578973752
11.00152798999861,6.761511123428489,5.446953539648619,0.4704837085759921,9.147108500991088,5.49887260020868,2.1795779903044186
11.018196971801638,6.778031776788302,5.447469454134809,0.4759698387422982,9.1051737059904,5.2804800773069225,2.1821682036318473
11.034865953604667,6.794570948251271,5.447985549820178,0.578916473733159,8.688991173390514,5.658186121845805,2.1847572196064053
11.051534935407695,6.811128619536539,5.4485018267731045,0.47690765805933216,8.822392072756418,5.513905924785876,2.1873450388781586
11.068203917210722,6.827704767240961,5.44901828506619,0.443148923960226,8.835177010358462,5.8300671059891895,2.189931662096875
11.084872899013751,6.8442993628391084,5.449534924776266,0.6071295779195652,8.988451749030087,5.994810048473551,2.1925170899120254
11.101541880816779,6.860912372683253,5.450051745984391,0.5349735244346043,9.472728863120597,5.952705668718624,2.1951013229727803
11.118210862619808,6.877543758003379,5.450568748775848,0.8868929848010771,9.253122699245452,5.865686267391047,2.1976843619280113
11.134879844422835,6.89419347490718,5.451085933240148,0.056025828175991,8.666673052172778,5.3406643247850605,2.200266207426292
11.151548826225865,6.910861474380063,5.4516032994710315,0.8046465465895482,9.39135411564323,5.080790865255239,2.2028468601158977
11.168217808028892,6.927547702285138,5.452120847566459,0.8356875846115739,9.154670421432606,4.498359774297821,2.205426320644804
11.18488678983192,6.944252099363227,5.452638577628624,0.17191785307006519,10.002091332705948,4.8875822255441825,2.2080045896606872
11.201555771634949,6.960974601232864,5.453156489763945,0.5181837176840549,9.773474717737562,4.835710383526799,2.2105816678109282
11.218224753437976,6.977715138390288,5.453674584083066,0.5125583837343093,8.770428760987357,4.8240517548488775,2.213157555742605
11.234893735241005,6.994473636209451,5.454192860700858,0.305469521884294,10.362557933625325,4.323765447743895,2.2157322541024995
11.251562717044033,7.011250014942012,5.454711319736423,0.4315338106412586,9.062852809171593,3.9704031177148122,2.218305763537094
11.268231698847062,7.028044189717341,5.455229961313082,0.3651072498111688,8.796720727988504,3.7376487696551868,2.2208780846925724
11.28490068065009,7.044856070542518,5.45574878555839,0.9378017617234289,9.170722827104468,4.679459167103478,2.2234492182148196
11.301569662453117,7.061685562302328,5.456267792604124,0.774608589168182,8.896790521498433,4.010241235627371,2.2260191647494216
11.318238644256146,7.078532564759274,5.456786982586292,0.8419091503792726,9.279177350843653,4.673255066197928,2.228587924941667
11.334907626059174,7.095397093884705,5.457306355592134,0.7320577483487576,9.023459956274252,4.956444242624515,2.2311554994365745
11.351576607862201,7.1122793806822795,5.457825911580098,0.3620381687504094,8.988088905917893,5.248875637370377,2.233721888878889
11.36824558966523,7.129179488987112,5.458345650552985,0.4830696404618797,9.422151711431,5.500020264427004,2.236287093912991
11.38491457146826,7.146097471162357,5.45886557252031,0.6859737599337943,9.092932395899151,5.702383775041077,2.238851115182967
11.401583553271287,7.163033374262114,5.459385677496035,0.3437984231027607,9.180134360474566,5.043275362019967,2.241413953332609
11.418252535074314,7.179987240031411,5.459905965498583,0.7309487913072984,9.147785885617415,5.804039365024321,2.243975609005416
11.434921516877344,7.19695910490622,5.460426436550829,0.540409129207769,9.697291331156276,5.084232014639268,2.2465360828445937
11.451590498680371,7.213949000013443,5.460947090680103,0.5136351340471313,8.723665989079725,5.852492756646083,2.2490953754930545
11.468259480483399,7.230956951170916,5.461467927918191,0.7309163590426621,9.328944310703125,5.284049818276621,2.2516534875934164
11.484928462286428,7.24798297888742,5.461988948301331,0.6777020806475247,9.01198227886901,4.5771175936225506,2.254210419788005
11.501597444089457,7.265027098362664,5.462510151870218,0.516781221214479,9.147135441234116,4.7316533474113305,2.2567661727188533
11.518266425892485,7.282089319487294,5.463031538670001,0.8209654341349362,9.6607253712974,4.5589365699657955,2.259320747027698
11.534935407695512,7.299169646842893,5.463553108750284,0.3730118100579037,8.85396391100846,4.867654239482019,2.2618741433559864
11.551604389498541,7.316268079701981,5.464074862165126,0.7125365820907322,8.802806181417568,4.397855181258506,2.2644263623448686
11.568273371301569,7.333384612028014,5.464596798973039,0.7080946804039501,8.273706749318874,4.335351290883349,2.266977404635204
11.584942353104596,7.350519232475379,5.4651189192369936,0.5276900920164682,9.121444949736413,4.554734408835192,2.269527270867556
11.601611334907625,7.367671924389405,5.46564122302441,0.6549509183334861,9.811075970412608,4.218169870655299,2.2720759616821984
11.618280316710655,7.384842665806355,5.466163710407168,0.33962651552680917,9.132399049829045,4.593642692208543,2.274623477719108
11.634949298513682,7.402031429453425,5.466686381461599,0.7747795344532794,8.708320908044753,4.75485948429292,2.2771698196179697
11.65161828031671,7.419238182748748,5.467209236268489,0.553118585996767,8.948513696816676,4.3901656827308075,2.2797149880181746
11.668287262119739,7.436462887801399,5.4677322749130814,0.48567927469667643,9.08141420281627,5.466329276440687,2.2822589835588216
11.684956243922766,7.453705501411381,5.468255497485072,0.8001505723008563,8.623278466513556,4.844278892384479,2.284801806878715
11.701625225725794,7.470965975069634,5.4687789040786114,0.4496048201520192,9.273206043403107,5.765041708765687,2.287343458616365
11.718294207528823,7.488244254958038,5.4693024947923075,0.30890611288527764,8.781950453580029,5.206210737424705,2.2898839394099904
11.734963189331852,7.505540281949406,5.46982626972922,0.27939733409718387,9.68994869577964,5.948450934392047,2.2924232498975154
11.751632171134878,7.522853991607486,5.470350228996864,0.712049938437858,9.185001906845713,6.3581958819627875,2.29496139071657
11.768301152937907,7.540185314186965,5.47087437270721,0.3348868397352665,9.234825794015366,5.688975258698911,2.297498362504494
11.784970134740936,7.557534174633464,5.471398700976683,0.9420562913724572,9.12891156354195,5.555493244153459,2.300034165898329
11.801639116543964,7.574900492583541,5.471923213926163,0.1748363007914126,9.463607344757914,5.6331422487963785,2.3025688015348273
11.818308098346991,7.592284182364684,5.472447911680986,0.9306381660464964,9.55771888218053,5.124739347780397,2.3051022700504458
11.83497708015002,7.609685152995327,5.472972794370937,0.6336750784533532,9.227216586978598,5.520700458845669,2.307634572081349
11.85164606195305,7.627103308184831,5.473497862130264,0.5722536378433549,9.487228538841963,4.786959701793866,2.3101657082634066
11.868315043756075,7.644538546333499,5.4740231150976655,0.4827371006167671,9.162108752637147,4.413841458756536,2.312695679232196
11.884984025559104,7.6619907643090785,5.474548553414455,0.6716727811428753,9.402068183664605,4.176385311848467,2.315224485623003
11.901653007362134,7.679460097520743,5.475074177094614,0.5844432405904393,9.06718479545581,3.9519380017490278,2.317752128070877
11.918321989165161,7.696946714792141,5.475599986098269,0.812755162766972,9.223647256176228,4.0120629006472,2.3202786072105397
11.934990970968189,7.714450684811261,5.476125980428731,0.6150649038459156,9.092019862028593,4.142047256917238,2.322803923676383
11.951659952771218,7.731972070106006,5.476652160093948,0.6224042965935781,9.120034965323278,4.2215222204662695,2.3253280781025114
11.968328934574247,7.749510927044185,5.477178525106503,0.5197460544602581,8.997860551934876,4.352825855342265,2.327851071122743
11.984997916377273,7.7670673058335105,5.4777050754836125,0.5812039071510547,9.448613584773986,5.406429311739948,2.3303729033706055
12.001666898180302,7.784641250521609,5.478231811247132,0.654277903032615,9.322512206705447,4.716103573736119,2.3328935754793405
12.018335879983331,7.802232798996009,5.478758732423549,0.25080837042479587,9.818925306315574,5.315016244424237,2.3354130880819
12.035004861786357,7.819841982984146,5.479285839043992,0.32332944655616985,8.944599050222319,5.668139873224911,2.3379314418109485
12.051673843589386,7.8374688280533675,5.479813131144216,0.7417438140986139,9.691933060152587,5.850757683763612,2.3404486372988624
12.068342825392415,7.855113353610926,5.480340608764622,0.6273885295082823,9.10986642957935,5.7506927474260605,2.3429646751777304
12.085011807195444,7.872775572903979,5.480868271950238,0.556543203448946,9.29500101567681,5.727388864302312,2.3454795560793524
12.10168078899847,7.890455493019596,5.481396120750733,0.5971510683938173,8.815244820819288,5.888096698325298,2.3479932806352406
12.1183497708015,7.908153114884752,5.481924155220409,0.6631050161151057,9.297860734473012,5.711928552559629,2.35050584947662
12.135018752604529,7.925868433266327,5.482452375418203,0.48576111442001907,9.374594533090725,5.371745139757167,2.3530172632344253
12.151687734407554,7.943601436771111,5.482980781407689,0.4381764629939495,8.599211337998486,4.754324216134796,2.3555275225393046
12.168356716210583,7.961352107845805,5.483509373257077,0.6331307988161876,9.312317885351169,4.834141846997443,2.3580366280216185
12.185025698013613,7.979120422777007,5.484038151039211,0.39841151410192355,9.93825689419233,4.384680039284684,2.360544580311439
12.201694679816642,7.996906351691234,5.484567114831572,0.6758609246784666,9.238352215442601,4.3091927765520985,2.3630513800385486
12.218363661619668,8.014709858554902,5.485096264716273,0.2538179386573377,9.750228146746835,4.348045557179088,2.3655570278324434
12.235032643422697,8.03253090117434,5.48562560078007,0.8002900549743907,9.201107124969328,4.33924870638577,2.3680615243223317
12.251701625225726,8.050369431195778,5.486155123114345,0.6891026740075837,9.34445409821872,4.734547309275045,2.370564870137132
12.268370607028752,8.06822539410536,5.486684831815122,0.6459133563911584,8.203156208657273,4.086264052737552,2.373067065905476
12.285039588831781,8.086098729229137,5.48721472698306,0.7913698202849306,9.87609803288206,4.600629753286367,2.3755681122557073
12.30170857063481,8.103989369733064,5.487744808723451,0.9280507082961692,9.81347003625636,4.642644074962526,2.3780680098158804
12.318377552437836,8.121897242623003,5.488275077146225,0.7979540102318353,9.174581306364717,5.166246825699993,2.380566759213763
12.335046534240865,8.139822268744727,5.488805532365945,0.22702931067951698,9.179377813804571,5.198698586948357,2.3830643610768343
12.351715516043894,8.157764362783913,5.489336174501813,0.33941290518577905,9.451196018112576,4.969138875213377,2.385560816032285
12.368384497846924,8.17572343326615,5.489867003677663,0.47048870642665197,8.967504198110133,4.97402124433142,2.388056124707018
12.38505347964995,8.193699382556924,5.490398020021966,0.6007947372629799,9.469012467997212,5.755495927508251,2.390550287727647
12.401722461452978,8.211692106861644,5.490929223667829,0.6992324183681862,9.50514922315288,5.60993395776766,2.3930433057205014
12.418391443256008,8.229701496225616,5.491460614752993,0.45067592047210836,9.261498940312066,5.505483120311007,2.3955351793116177
12.435060425059033,8.247727434534053,5.491992193419839,0.6333020865779213,9.876779123028667,5.372122161561382,2.398025909126747
12.451729406862063,8.265769799512078,5.492523959815377,0.4449961795191855,9.521328671438171,5.679836345991123,2.400515495791352
12.468398388665092,8.283828692737462,5.493055913965606,0.4738932194028245,9.667895177396469,5.9011672988097965,2.403003939930652
12.485067370468121,8.301904367758496,5.493588055793252,0.3149885563233362,9.33934776458274,5.099615417237306,2.4054912421695716
12.501736352271147,8.319996909105736,5.4941203853030265,0.41179810381935533,9.246143884562413,5.150902192404871,2.407977403132698
12.518405334074176,8.338106393959228,5.494652902504213,0.3262317909000038,9.822486331480528,4.697308451478271,2.410462423444337
12.535074315877205,8.356232892166027,5.495185607410647,0.4015180020191107,9.28043519580231,4.1219747189525,2.4129463037285106
12.55174329768023,8.3743764662402,5.495718500040721,0.8075449341134209,8.869463157174748,4.558130108305983,2.4154290446089566
12.56841227948326,8.39253717136284,5.496251580417379,0.4070607007651098,9.961188192743263,3.903026155675813,2.4179106467091334
12.58508126128629,8.410715055382033,5.496784848568126,1.1235407767773955,9.492330999259002,4.2069221693688865,2.420391110652214
12.601750243089318,8.428910158812894,5.49731830452502,0.695851810779695,9.337259863687525,4.145267106532376,2.4228704370610883
12.618419224892344,8.447122514837538,5.497851948324675,0.6342793036276837,9.874634110697201,4.636593894506345,2.4253486265583653
12.635088206695373,8.465352149305106,5.49838578000826,0.42576435260566436,9.395305220797132,4.233988742075441,2.427825679766369
12.651757188498403,8.483599080731745,5.4989197996215005,0.7376216957213279,9.195398117325459,4.895379248253029,2.430301597307142
12.668426170301428,8.50186332030061,5.499454007214677,0.4825559472104433,9.328396659321603,4.774588603575695,2.4327763798024438
12.685095152104457,8.520144871861879,5.499988402842625,0.6222092494028099,10.178338593661662,5.119008368013428,2.435250027873751
12.701764133907487,8.53844373193274,5.500522986564737,1.1099479495169358,9.190931624746641,4.400926093706606,2.4377225421422573
12.718433115710514,8.556759889697382,5.501057758444959,0.5788427986578177,9.633116339340589,6.2901386172415465,2.4401939232288727
12.735102097513542,8.575093327007028,5.501592718551795,0.8280331619260214,9.130499439567414,5.933830138577243,2.4426641717542257
12.75177107931657,8.593444018379898,5.502127866958304,0.45766691101285417,9.355005164014399,5.569349997472389,2.445133288338661
12.7684400611196,8.61181193100123,5.502663203742099,0.5914281785872344,9.89550148373,5.414761215248198,2.447601273602242
12.785109042922626,8.630197024723271,5.50319872898535,0.9527096657182199,9.301657411610558,5.482420228918388,2.4500681281647467
12.801778024725655,8.648599252065292,5.503734442774782,0.4732797701704017,9.2551235366593,5.663340706372437,2.452533852645672
12.818447006528684,8.667018558213563,5.504270345201676,0.9612865176729777,9.908393365130351,4.6539208072956795,2.4549984476642326
12.835115988331712,8.685454881021375,5.504806436361869,0.7404707986955806,9.508081017779016,4.930647928620741,2.4574619138393574
12.851784970134739,8.70390815100903,5.5053427163557505,0.48655064311824314,9.72127578079275,5.25852439363521,2.4599242517896958
12.868453951937768,8.722378291363844,5.50587918528827,0.7256491139389937,9.252067643457995,4.168054523186893,2.4623854621336134
12.885122933740798,8.740865217940144,5.506415843268931,0.793802004998678,9.233736183201376,4.361410841031294,2.464845545489191
12.901791915543823,8.759368839259267,5.506952690411791,0.7237766375533348,9.449258417635404,4.892233204617812,2.467304502474229
12.918460897346852,8.777889056509572,5.5074897268354635,0.2854932122359642,9.437946179683339,4.390102974474874,2.4697623337062433
12.935129879149882,8.796425763546425,5.508026952663119,0.4542342131973166,8.933269518577772,4.285738214855521,2.4722190398024684
12.951798860952909,8.814978846892199,5.508564368022485,0.5502813944207814,9.593359700427063,4.521090682960455,2.4746746213798545
12.968467842755937,8.833548185736294,5.509101973045839,0.5850218898769082,9.454966476252027,4.431752753196573,2.4771290790550706
12.985136824558966,8.852133651935114,5.50963976787002,0.724166430346421,8.655996614808995,5.168678581927325,2.4795824134445015
13.001805806361993,8.870735110012069,5.510177752636417,0.6356956271123299,9.36836119238739,4.907426653413126,2.482034625164249
13.01847478816502,8.889352425144422,5.5107159274876905,0.33320995219957533,9.186317285431338,4.685241869947734,2.484485714830134
13.03514376996805,8.90798585659927,5.511254292395497,0.6764417720617277,9.42019947449551,5.374645965244282,2.4869356830577476
13.05181275177108,8.926635659183347,5.511792847305547,0.7226427097157663,10.09458714948963,5.3728798102717406,2.489384530462361
13.068481733574107,8.945301920418899,5.512331592228498,0.7126069898997112,9.550552768098768,5.684498071128761,2.491832257658938
13.085150715377134,8.963984719942134,5.512870527179331,0.8169283659114752,9.388927789484205,5.721805415622788,2.494278865262163
13.101819697180163,8.982684129503207,5.513409652177351,0.7676799530064404,9.557915770175837,6.11114675755623,2.4967243538864428
13.11848867898319,9.001400212966226,5.513948967246185,0.6928548200240356,9.369290796469029,5.839273350093742,2.4991687241459073
13.135157660786218,9.020133026309257,5.5144884724137855,0.5871089247304097,9.567801899286215,5.526678007632831,2.501611976654407
13.151826642589247,9.038882617624317,5.515028167712427,0.26907312390135973,9.719345780607018,5.219991656829363,2.504054112025517
13.168495624392277,9.05764902711738,5.515568053178705,0.6873121787286518,9.544257800596151,4.654768027551933,2.5064951308725316
13.185164606195304,9.076432287108366,5.516108128853541,0.6430492773240246,9.452129834240218,4.07232294365597,2.508935033808469
13.201833587998332,9.09523242203116,5.516648394782181,0.6559506929879729,9.85273786428632,4.541635880290703,2.5113738214460706
13.21850256980136,9.11404944843359,5.517188851014191,0.3464083766871009,9.784936620274195,4.5752968194423245,2.513811494397798
13.235171551604388,9.132883374977446,5.51772949760346,0.38566993069308797,9.154787761894028,4.198547171830216,2.516248053275835
13.251840533407416,9.151734202438469,5.518270334608204,0.81263493696276,9.628625814043568,4.040025103164033,2.5186834986920896
13.268509515210445,9.17060192370635,5.5188113620909585,0.5942164436206999,9.63968639566911,4.387550128819554,2.521117831258191
13.285178497013474,9.189486523784739,5.519352580118584,0.7385507025133758,9.285375540984926,4.344529649243087,2.52355105158549
13.301847478816502,9.208387979791233,5.519893988762265,0.6080373074392907,10.058400377962364,5.058314266431412,2.5259831602850595
13.318516460619529,9.227306260957395,5.520435588097506,0.6084479097907853,10.421199385564417,5.149278787889128,2.528414157967696
13.335185442422558,9.246241328628725,5.5209773782041385,0.7902764732459306,9.487967160123276,5.315775891153855,2.5308440452439167
13.351854424225586,9.265193136264692,5.521519359166315,0.4995337770235783,9.245135419998082,5.50097279973156,2.533272822723962
13.368523406028613,9.284161629438712,5.522061531072513,0.6220898691053729,9.455580077553146,5.105537031737122,2.5357004910177943
13.385192387831642,9.303146745838152,5.52260389401553,0.5105336274366699,9.747266434973017,5.862188898361495,2.5381270507350973
13.40186136963467,9.322148415264335,5.52314644809249,0.5162123915386778,10.075802290296481,5.881946692460389,2.540552502485278
13.418530351437699,9.341166559632546,5.52368919340484,0.5414001445424211,9.544541179236294,5.981433832910941,2.542976846877466
13.435199333240726,9.36020109297201,5.524232130058347,0.6477842361140342,9.557535401038843,5.89946394674662,2.545400084520512
13.451868315043756,9.379251921425915,5.524775258163105,0.5077306503224661,9.861092740985747,5.766084505333184,2.547822216022988
13.468537296846783,9.398318943251393,5.52531857783353,0.8547544729310594,9.404294048900942,6.257379476622216,2.550243241993191
13.48520627864981,9.417402048819547,5.525862089188359,0.42480464080357183,9.978869806102884,5.1973484062486826,2.5526631630391377
13.50187526045284,9.436501120615416,5.5264057923506575,0.5664746060928461,9.498461541085998,5.2526288412634665,2.5550819797685684
13.518544242255867,9.455616033238002,5.526949687447807,0.5160255371710636,9.733882617003237,4.584722463142032,2.557499692788945
13.535213224058896,9.47474665340026,5.527493774611519,0.8934901197971727,9.497830072135974,4.744330179956031,2.559916302707452
13.551882205861924,9.493892839929094,5.5280380539778236,0.643528272505631,9.507738007965854,4.61831005952437,2.562331810130995
13.568551187664953,9.513054453729273,5.528582525684037,0.8107089795269141,9.360586350573108,4.340182822460901,2.5647462156662058
13.58522016946798,9.532231787768524,5.529127189722896,0.3073507315852678,9.628107390328807,4.701280006182752,2.567159519919484
13.601889151271008,9.551425104983199,5.529672046057102,0.6579955740322198,9.174477059074102,3.9831556515804167,2.5695717234969226
13.618558133074037,9.570634487659019,5.530217094699421,0.7826343747316221,9.365544382882971,4.223793070136773,2.5719828270043075
13.635227114877065,9.589860010518002,5.530762335666851,0.6212876882700813,10.280187423312466,4.616884030602086,2.574392831047152
13.651896096680094,9.60910174071846,5.531307768980624,0.8180496202722617,9.982584272443331,5.044373598243486,2.576801736230699
13.668565078483121,9.628359737854996,5.531853394666198,0.5016184900960867,9.37650045612804,5.082450122928133,2.5792095431599167
13.685234060286149,9.647634053958512,5.532399212753268,0.8870682829996673,9.27085315946004,5.660036280865628,2.581616252439499
13.701903042089178,9.6669247334962,5.532945223275758,1.0651010144988613,9.129863928633563,5.294630279197973,2.5840218646738706
13.718572023892206,9.686231813371549,5.533491426271823,0.5328762524422624,9.2232704577888,5.321507354145008,2.5864263804671803
13.735241005695235,9.705555322924344,5.534037821783852,0.5164660149246028,8.150049852660384,5.861679450678893,2.588829800423305
13.751909987498262,9.724895283930652,5.5345844098584625,0.8963659491989011,9.550476347179906,5.77632750357802,2.591232125145848
13.768578969301291,9.744251710602853,5.535131190546505,0.9217259973648126,9.000282076968878,5.9143009473012,2.5936333552381408
13.785247951104319,9.763624609589607,5.535678163903059,0.5013620570806998,9.57967337642445,5.621604758502646,2.596033491303242
13.801916932907346,9.783013979975872,5.536225329987442,0.5220191732109117,9.001128977184736,5.344534432371864,2.598432533943935
13.818585914710376,9.802419813282903,5.536772688863193,0.549822068779434,9.608309036279406,5.197051494980704,2.600830483762735
13.835254896513403,9.821842093468248,5.537320240598094,0.33741132204553453,9.54388218817251,4.979684513794649,2.6032273413618783
13.851923878316432,9.841280796925746,5.53786798526415,0.4226934484124915,10.316785114172438,4.633869116238382,2.605623107343333
13.86859286011946,9.86073589248553,5.538415922937597,0.40571807754863276,9.906998349915899,4.4456482942499225,2.6080177823087918
13.885261841922489,9.880207341414035,5.53896405369891,0.4531090907774017,9.856274740392589,4.215046230856741,2.610411366859676
13.901930823725516,9.899695097413982,5.539512377632789,0.5998539789062134,9.438189577051073,4.487662783697938,2.612803861597133
13.918599805528544,9.919199106624383,5.540060894828167,0.6537562351390764,9.731378195242568,4.25873735730998,2.6151952671220378
13.935268787331573,9.93871930762056,5.54060960537821,0.9171356990823541,8.824298496871883,4.92570375987827,2.6175855840349924
13.9519377691346,9.958255631414113,5.541158509380312,0.4074870838758178,9.267056468352747,4.418601241164323,2.619974812936325
13.968606750937628,9.977808001452944,5.541707606936105,0.8041446428159116,9.565841515047545,4.388492100027239,2.6223629544260922
13.985275732740657,9.997376333621249,5.542256898151443,0.5646046449422086,10.60733723846515,5.58200557907261,2.624750009104077
14.001944714543686,10.016960536239512,5.542806383136422,0.5976319020699546,9.585622150894153,5.153406950544309,2.6271359775697904
14.018613696346714,10.03656051006452,5.54335606200536,0.7426107521700308,9.512681833256096,5.5720018014681845,2.6295208604224687
14.035282678149741,10.056176148289346,5.543905934876812,0.3832246386603836,9.271859235266502,5.671317744214107,2.631904658261077
14.05195165995277,10.075807336543363,5.544456001873565,0.6843731609223815,9.939346654962133,5.850973817464431,2.634287371684306
14.068620641755798,10.095453952892239,5.545006263122634,0.6413038014942399,10.037581289884933,5.930128623701991,2.6366690012905756
14.085289623558825,10.115115867837925,5.545556718755266,0.7066257402493835,9.671426690314966,5.468830779988682,2.6390495476780305
14.101958605361855,10.134792944318685,5.5461073689069424,0.6660913232322518,9.305770679011049,5.861460703538553,2.641429011444544
14.118627587164884,10.154485121737908,5.546658213694134,1.0994397088193573,9.45529459722381,5.231936291618608,2.6438073931877284
14.135296568967911,10.174192766249279,5.547209253088044,0.4809537497337113,9.16815855266613,5.3936520122822325,2.6461846935049693
14.151965550770939,10.193916013170702,5.547760487084197,0.5024244006674667,9.661289223746367,5.001176021562152,2.648560912993318
14.168634532573968,10.213654941165565,5.548311915693642,0.4841177107805508,9.546459789627805,5.077573141521433,2.6509360522495484
14.185303514376995,10.233409621585272,5.5488635389318315,0.4977723959217055,9.048219785774851,4.824945689571747,2.653310111870167
14.201972496180023,10.253180118469258,5.549415356818623,0.48151237724805085,9.533672003211459,4.650382254592935,2.6556830924514117
14.218641477983052,10.272966488544983,5.549967369378285,0.8469150711305776,9.46244184590922,4.421923848986478,2.658054994589252
14.235310459786081,10.29276878122793,5.550519576639486,0.8933345559276398,9.395857783871419,4.04842447966421,2.66042581887939
14.251979441589109,10.312587038621606,5.5510719786353,0.4952063681980412,9.673706422010968,4.122255750640705,2.6627955659172593
14.268648423392136,10.332421295517547,5.551624575403211,0.4430064121198062,9.680538809038685,4.525036994666423,2.6651642362980255
14.285317405195165,10.35227157939531,5.552177366985104,0.7038825169618814,9.577696479877636,4.691177881721362,2.667531830616586
14.301986386998193,10.372137910422486,5.552730353427271,0.4992766549003781,9.710804413949765,4.210294087802418,2.669898349467571
14.31865536880122,10.392020301454677,5.5532835347804115,0.7364294644844624,9.205753239436799,4.322196268249866,2.6722637934453415
14.33532435060425,10.411918758035524,5.5538369110996255,0.650549521362022,9.659444412014823,4.811949970625071,2.674628163143991
14.351993332407279,10.431833278396686,5.554390482444425,0.30693788950913276,9.728353218587369,5.589182226042434,2.676991459157345
14.368662314210304,10.451763853457846,5.554944248878721,0.9197095271266293,9.310938791577389,5.85870129100533,2.6793536820789607
14.385331296013334,10.471710466826721,5.555498210470835,0.9695057748437893,10.00877597775672,5.387046046379226,2.681714832502127
14.402000277816363,10.491673094799044,5.556052367293491,0.4878942344807194,9.267560236893392,5.861816086876421,2.6840749110198656
14.41866925961939,10.511651706358574,5.5566067194238205,0.5330333719089725,9.670741307592081,6.349759503383114,2.686433918224929
14.435338241422418,10.531646263177098,5.557161266943358,0.6678684523022055,10.24089389262644,5.875555018286703,2.688791854709802
14.452007223225447,10.551656719614433,5.557716009938047,0.6777084013349927,9.881340516512244,6.055414425910117,2.691148721066703
14.468676205028476,10.571683022718412,5.558270948498234,0.7426475459486543,9.683366152991344,5.7449989881651335,2.6935045178875794
14.485345186831502,10.591725112224898,5.558826082718671,1.0131012261168295,9.511794835521245,4.945129971977449,2.6958592457641117
14.502014168634531,10.61178292055778,5.559381412698515,0.5757924786640298,9.747829577255144,4.912639921727498,2.6982129052877144
14.51868315043756,10.631856372828967,5.559936938541331,0.4516440598810787,10.0115047513627,4.734478677740447,2.7005654970495314
14.535352132240588,10.651945386838404,5.560492660355087,0.33556122661528953,9.53929117130879,4.536729459263865,2.702917021640438
14.552021114043615,10.672049873074046,5.561048578252159,0.4653606064395817,9.403688360178199,4.6102447144095695,2.7052674796510443
14.568690095846645,10.69216973471189,5.561604692349323,0.6050427408201755,8.760449525428479,4.35288693153756,2.7076168716716906
14.585359077649674,10.712304867615945,5.562161002767769,0.9707012077995183,9.699918183491313,3.319722864780671,2.7099651982924486
14.6020280594527,10.732455160338247,5.562717509633085,0.5083888537006706,9.649776248173369,3.855306764565104,2.7123124601031234
14.618697041255729,10.752620494118869,5.563274213075268,0.6567901609354126,9.952899210021853,3.7150380860728536,2.7146586576932505
14.635366023058758,10.772800742885897,5.563831113228721,0.6088694271574646,9.8218041159326,4.6075186053436274,2.717003791652099
14.652035004861784,10.792995773255441,5.56438821023225,0.8499540754675416,10.293215526184273,4.85429261069678,2.719347862568668
14.668703986664813,10.81320547622896,5.564945504219266,1.117783298976965,9.646722654067066,5.1156819986606905,2.7216908710316963
14.685372968467842,10.833430131162075,5.565502995182604,0.5063444308377798,10.26420020621966,4.98859684719585,2.7240328176297104
14.702041950270871,10.853669916659987,5.56606068310312,0.5147516471099771,9.583978954822994,5.697028139696627,2.7263737029509123
14.718710932073897,10.873924924701242,5.566618567985772,0.8215930397682777,9.981226458688369,5.879726955109095,2.728713527583221
14.735379913876926,10.89419523927469,5.567176649840193,0.7492604695465259,9.058652875974326,5.393268846788795,2.7310522921142937
14.752048895679955,10.914480936379478,5.567734928680698,0.9823449225381276,9.729866701846246,5.359591988056065,2.733389997131522
14.768717877482981,10.93478208402505,5.568293404526277,0.7299103587055302,8.734349159895798,5.750681083042198,2.7357266432220357
14.78538685928601,10.955098742231154,5.5688520774006,0.5413875461890081,9.655504037966853,6.1660664008745805,2.738062230972702
14.80205584108904,10.975430963027831,5.569410947332012,0.731498151624541,9.874082480253328,5.9547236544627165,2.740396760970124
14.818724822892069,10.995778790455427,5.5699700143535384,0.8352291011528115,9.488699398894607,5.386539051087855,2.7427302338006414
14.835393804695094,11.016142260564584,5.570529278502881,0.7777059992132638,9.642041595012344,4.74993763344364,2.7450626500503303
14.852062786498124,11.036521401416243,5.571088739822419,0.715185525497145,10.14334334292184,4.989449861186665,2.7473940103050065
14.868731768301153,11.056916233081648,5.571648398359211,0.8271867918366712,9.704326056279411,4.369213495604804,2.7497243151502193
14.885400750104179,11.077326767642335,5.572208254164992,0.8478320849693219,9.557265851967188,4.104705574895645,2.752053565171255
14.902069731907208,11.09775300919015,5.572768307296177,0.8905258563441667,9.751087439486211,3.5869014603601372,2.75438176095314
14.918738713710237,11.11819495382723,5.573328557813856,0.7439571051831306,9.939796469844742,4.231324766846151,2.756708903080633
14.935407695513266,11.138652589666012,5.573889005783798,0.5809125593793824,10.306512963675775,4.060439913911651,2.7590349921382327
14.952076677316292,11.159125896829233,5.574449651276449,0.6437999387329271,10.003327024478166,4.400613435408554,2.7613600287101736
14.968745659119321,11.179614847449933,5.5750104943669365,0.8558799989543534,9.895344998075714,3.8656820790828976,2.763684013380427
14.98541464092235,11.20011940567145,5.575571535135062,0.4513120538415205,9.817813247948557,4.83376624143559,2.766006946732701
15.002083622725376,11.22063952764741,5.576132773665305,0.6885548103566602,9.558421332775408,4.3020758639800425,2.7683288293504402
15.018752604528405,11.24117516154176,5.576694210046823,0.5362733247935111,9.412758612326263,5.603312569114184,2.7706496618168264
15.035421586331434,11.261726247528728,5.577255844373454,0.6208109686336095,9.641281385101465,5.651900787706424,2.7729694447147786
15.052090568134462,11.282292717792844,5.5778176767437095,0.8708732714435008,9.08925778151267,5.581636863958616,2.775288178626951
15.06875954993749,11.302874496528949,5.578379707260784,0.6535235854661259,9.239247268195045,5.938819224760377,2.777605864135737
15.085428531740519,11.323471499942169,5.578941936032545,0.6247119324751697,9.601069695764036,5.50595390579166,2.779922501823265
15.102097513543548,11.34408363624794,5.579504363171541,0.34357422364842616,9.740134032217059,5.772191685525182,2.7822380922714007
15.118766495346573,11.364710805671983,5.580066988794995,0.7649169720459894,9.946641413458126,5.866531729991823,2.784552636061746
15.135435477149603,11.385352900450338,5.580629813024813,0.7448838800375543,10.155266781839288,4.515933532909369,2.7868661337756415
15.152104458952632,11.40600980482933,5.581192835987572,1.0485587513888819,9.950208091302239,5.08267842846255,2.7891785859941622
15.16877344075566,11.426681395065584,5.581756057814535,0.5544729005822989,9.691530739783753,4.961445705680422,2.7914899932981214
15.185442422558687,11.447367539426034,5.582319478641634,0.659979331854461,8.815443180073135,4.663853917807249,2.7938003562680693
15.202111404361716,11.468068098187903,5.582883098609486,0.6661466996932739,9.374871913161082,4.941523032219637,2.7961096754842916
15.218780386164745,11.488782923638718,5.583446917863382,0.9318812933909573,9.324469882607678,3.997399512540076,2.798417951526812
15.235449367967771,11.509511891760859,5.58401093654086,0.5974521832827207,9.380785913465754,4.043554330286673,2.8007251849753967
15.2521183497708,11.530255304022761,5.584575154600677,0.6724362250477596,9.765694274815248,3.6258769678163834,2.8030313764096038
15.26878733157383,11.55101337161921,5.585139572010788,0.7383318297593395,9.279450735683616,4.702727957967994,2.8053365264086745
15.285456313376857,11.571786208212865,5.58570418877531,0.6541949381354345,9.859111812333973,4.298229718374363,2.807640635551571
15.302125295179884,11.592573917875175,5.586269004903095,0.5277069540250151,9.702336749481738,4.424547414958175,2.8099437044169977
15.318794276982914,11.61337659508635,5.58683402040773,0.655932216665607,9.791499971800251,4.767745524210524,2.8122457335834006
15.335463258785941,11.634194324735375,5.587399235307528,0.8319610869056359,9.880060317762018,5.222980639866316,2.814546723628966
15.352132240588968,11.655027182120017,5.587964649625536,0.4120521735731649,9.20778708147394,5.3817944688586286,2.8168466751316243
15.368801222391998,11.675875232946805,5.588530263389536,0.6440696424574602,9.887368566327195,6.290246783515507,2.8191455886690444
15.385470204195027,11.696738533331047,5.58909607663204,0.47757199644102805,9.790150195309526,5.8018046443775,2.82144346481864
15.402139185998054,11.717617129796821,5.5896620893902895,0.8567259146197396,9.648918903282766,5.630618751216549,2.823740304157564
15.418808167801082,11.738511059276988,5.590228301706262,0.3131996148661209,9.870377652721118,5.630941290504668,2.8260361072627123
15.435477149604111,11.759420349113173,5.590794713626667,0.5061730109159293,10.235667344144778,5.632409215364888,2.8283308747107228
15.452146131407138,11.780345017055772,5.591361325202941,0.6935201174668625,9.590448935730306,5.177115762269947,2.8306246070779726
15.468815113210166,11.801285071263969,5.5919281364912585,0.9313028878979566,9.7406096296895,5.455598707330845,2.832917304940584
15.485484095013195,11.822240510305708,5.592495147552521,0.6051683469241225,9.932305684577239,5.451213996457553,2.8352089688744186
15.502153076816224,11.843211323157707,5.593062358452366,0.5073987883553003,9.787304160181318,4.78353219853218,2.8374995994550796
15.518822058619252,11.864197489205463,5.5936297692611605,0.9947903795819575,10.100528908832972,4.479873137239282,2.839789197257913
15.53549104042228,11.885198978243249,5.5941973800540055,0.32907643503226547,9.876502448068146,4.958628115075129,2.842077762858006
15.552160022225308,11.906215750474102,5.5947651909107305,0.17903825061204764,10.467014852910975,3.9062375740445714,2.8443652968301865
15.568829004028336,11.927247756509837,5.595333201915902,0.7069225361432595,9.137695444302947,3.609367770476533,2.8466517997490253
15.585497985831363,11.948294937371047,5.595901413158815,0.5186289828116873,9.809391739470493,3.8547952699000825,2.8489372721888353
15.602166967634393,11.96935722448709,5.596469824733496,0.41491342313588386,9.372214346580744,3.7877545629709988,2.851221714723669
15.61883594943742,11.9904345396961,5.597038436738705,0.7609514122090317,9.958661003033113,4.488417498288655,2.853505127927322
15.63550493124045,12.011526795244995,5.597607249277934,0.6681603789749742,9.24968867379349,4.448439762815396,2.855787512373331
15.652173913043477,12.032633893789448,5.598176262459409,0.5067046008065268,9.980932714216731,4.718256469567184,2.858068868634976
15.668842894846506,12.053755728393924,5.598745476396083,0.3635795151915263,9.777676081568918,5.3786877981354655,2.860349197285276
15.685511876649533,12.074892182531642,5.599314891205644,0.7942519057693959,9.468108334850678,5.070839732672962,2.8626284988969926
15.70218085845256,12.09604313008461,5.599884507010513,0.7499206980857288,9.509402848497086,5.728956067214287,2.8649067740426304
15.71884984025559,12.117208435343608,5.600454323937841,0.6001652892888608,9.669265200167244,6.119407793045282,2.867184023294434
15.735518822058618,12.138387953008179,5.601024342119512,0.9894478379522695,10.318082303300018,5.633682157096732,2.8694602472243904
15.752187803861647,12.15958152818665,5.601594561692141,0.406223439299915,9.836685757988565,6.020426686692229,2.871735446404228
15.768856785664674,12.180788996396117,5.602164982797078,0.3152552893041732,10.151017968913854,5.677448826083679,2.8740096214054174
15.785525767467703,12.202010183562452,5.602735605580399,0.48209861751557426,10.214304502179356,5.904463121387876,2.8762827727991693
15.80219474927073,12.223244924315186,5.603306430186548,0.6114829132793175,9.938471961826066,4.97161148831243,2.878554901156441
15.818863731073758,12.244493581973238,5.603877456567989,0.6693878685066103,9.598471272141358,4.721847554614989,2.880826007047979
15.835532712876788,12.265756468115944,5.604448684672491,0.5725926061726951,9.886760323193117,4.849463322970347,2.883096091044236
15.852201694679815,12.287033711120326,5.605020114508717,0.6913707131361223,9.580895899398852,4.454755074101687,2.8853651537153815
15.868870676482844,12.308325428441384,5.6055917460898295,0.37077154204907076,9.739470360246742,4.348284303142294,2.887633195631334
15.885539658285872,12.32963172661207,5.606163579433491,0.9099521176974898,9.31145204778873,4.26793772450061,2.8899002173617565
15.902208640088901,12.350952701243315,5.606735614561855,0.6048887081189752,10.26626680002794,4.445529109839904,2.8921662194760587
15.918877621891928,12.372288437024011,5.607307851501577,0.8448978339259338,9.825434545374618,4.078396465606746,2.894431202543397
15.935546603694956,12.393639007721024,5.607880290283807,0.6901034375680367,9.949354225492344,4.002968971847989,2.896695167132675
15.952215585497985,12.415004476179181,5.608452930944195,0.7130286896580129,9.630570402190308,4.26752906189336,2.898958113812541
15.968884567301012,12.436384894321279,5.6090257735228874,0.7357511562362384,10.018618842664948,4.3264888983126335,2.90122004315139
15.985553549104042,12.457780303148084,5.609598818064524,0.7114590433607968,9.527097951257748,4.504633351041413,2.903480955717364
16.00222253090707,12.479190732738331,5.610172064618247,0.7505814912805908,9.854727074784428,4.549600129684444,2.905740852078351
16.018891512710095,12.500616202248715,5.610745513237693,0.8879870300427506,10.302557839032243,5.299738157155284,2.907999732801986
16.035560494513124,12.522056719913907,5.611319163980997,0.6615803194024013,10.045796982804656,5.326364877796228,2.910257598455649
16.052229476316153,12.54351228304654,5.61189301691079,0.764196375139544,9.86403636560485,5.956281143145469,2.912514449606468
16.068898458119182,12.564982878037222,5.612467072094202,0.6045679996152572,9.090518405634175,5.33635001857512,2.9147702868213154
16.085567439922208,12.586468480354512,5.613041329602858,0.9106580730818247,10.126327357577317,5.63666567288851,2.9170251106668115
16.102236421725237,12.607969054544958,5.613615789512882,0.4874756377449143,10.740912602691035,6.29362309348056,2.919278921709323
16.118905403528267,12.629484554233061,5.614190451904895,0.9830616295266288,10.039224456855239,5.344917192884607,2.921531720514962
16.135574385331292,12.651014922121291,5.6147653168640135,0.6149613742034067,9.611264180618033,5.371516730956546,2.9237835076495866
16.15224336713432,12.672560089990094,5.615340384479854,0.3369573418738454,9.83215720802425,4.85007553270354,2.9260342836788036
16.16891234893735,12.694119978697875,5.615915654846527,0.6488526197994243,9.838392635107605,4.561617767588756,2.928284049167963
16.18558133074038,12.71569449818101,5.616491128062644,0.48714075637400023,10.511230246603482,5.184971386641136,2.9305328046821644
16.202250312543406,12.737283547453838,5.617066804231309,0.7915991252276003,9.945729809085119,4.554061726912777,2.9327805507862506
16.218919294346435,12.758887014608677,5.6176426834601285,0.4930649236167012,9.608569501817376,4.373513036394357,2.9350272880448127
16.235588276149464,12.7805047768158,5.6182187658612035,0.5344723133452718,9.682709093167633,3.7204425335366786,2.9372730170221883
16.25225725795249,12.802136700323448,5.61879505155113,0.24592011075117876,9.987676403752216,4.308346450666171,2.9395177382824595
16.26892623975552,12.823782640457843,5.619371540651004,0.5334862264608247,10.68620723929546,4.597597506978998,2.9417614523894575
16.285595221558548,12.84544244162316,5.61994823328642,0.1392908347507949,10.233822116533945,4.718260066666669,2.9440041599067577
16.302264203361577,12.867115937301548,5.620525129587468,0.3074053215182767,10.16904555395925,4.758314157721188,2.946245861397682
16.318933185164603,12.888802950053124,5.6211022296887325,0.7763879799333073,9.787693133932176,4.446661910870484,2.9484865574253
16.335602166967632,12.91050329151597,5.621679533729299,0.7815842192511389,9.625188532614272,5.128139802107151,2.950726248552426
16.35227114877066,12.932216762406137,5.622257041852751,0.7096348149992995,10.049811752159604,5.479824529249593,2.9529649353416225
16.368940130573687,12.953943544643984,5.622834754103096,0.43126716541992327,9.903987853611437,4.959190481758977,2.9552026183552265
16.385609112376716,12.97568418005379,5.623412670399915,0.615239190480275,9.95623271707482,5.3303997043895786,2.9574392981553292
16.402278094179746,12.997438797407183,5.623990790754446,0.624179997790233,9.931488096872252,6.037203395423083,2.9596749753037237
16.418947075982775,13.019207511633157,5.624569115182953,0.39334658788361393,9.795824850659557,6.062074772918206,2.9619096503619513
16.4356160577858,13.040990426913607,5.625147643705973,0.9258181823807625,10.18679489139121,5.284932173510483,2.9641433238913075
16.45228503958883,13.062787636683312,5.625726376348312,0.8007299526164491,10.051716283973105,5.864872373604884,2.9663759964528373
16.46895402139186,13.08459922362994,5.626305313139045,0.5811836083554797,10.159032860678698,5.470485851272659,2.9686076686073357
16.485623003194885,13.106425259694056,5.626884454111516,0.6308725356638796,10.334010808655087,5.448458749685022,2.97083834091535
16.502291984997914,13.128265806069116,5.6274637993033405,0.66729083029886,9.969222287855297,4.775092034161794,2.973068013937177
16.518960966800943,13.150120913201464,5.628043348756404,0.21738617194703935,9.715892485850127,4.913678928253111,2.9752966882328655
16.535629948603972,13.171990620790329,5.628623102516862,0.5764165221058593,9.904869796241028,4.755351733400538,2.977524364362215
16.552298930406998,13.193874957787846,5.629203060635138,0.48957397802139885,9.954741817443061,4.22762309775349,2.9797510428847747
16.568967912210027,13.21577394239903,5.629783223165927,0.4257656306632246,9.971134935168125,4.234476108762212,2.981976724359847
16.585636894013057,13.237687582081785,5.630363590168195,0.5699883550739102,10.011365309260656,4.006197549291968,2.9842014093464826
16.602305875816082,13.259615873546917,5.630944161705175,0.9858644759949227,10.245328334338472,4.74610673696631,2.9864250984034855
16.61897485761911,13.281558802758111,5.63152493784437,0.7546144757947447,10.383982123119175,4.337769717420289,2.988647792089408
16.63564383942214,13.303516344931952,5.632105918657556,0.5123288144209045,10.723072355485199,4.281788934708234,2.990869490962556
16.65231282122517,13.325488464537907,5.6326871042207785,0.7411998533820062,9.96640829524333,4.571432555866291,2.993090195580983
16.668981803028196,13.347475115298346,5.633268494614349,0.906673045035873,9.599596471756525,5.072931534429514,2.9953099065024973
16.685650784831225,13.36947624018852,5.633850089922851,0.8118473307611141,10.546678175870188,5.506202498509863,2.997528624284655
16.702319766634254,13.391491771436572,5.63443189023514,0.6389652804518798,9.817410758210357,5.09732209225966,2.9997463494847634
16.71898874843728,13.413521630523542,5.635013895644339,0.4977704390228235,9.648832918788163,6.221467135250086,3.001963082659883
16.73565773024031,13.435565728183356,5.635596106247841,0.7669210211669741,9.762904493557185,5.863545552696516,3.0041788243668224
16.752326712043338,13.457623964402831,5.63617852214731,0.7060919751705694,9.901241067990759,5.939167523480041,3.0063935751621425
16.768995693846367,13.479696228421675,5.6367611434486795,0.8065520574728005,10.244889207481146,5.720105805823019,3.008607335602155
16.785664675649393,13.501782398732491,5.637343970262152,0.7546662649011833,9.602218947632505,5.631709036702202,3.0108201062429214
16.802333657452422,13.52388234308077,5.637927002702201,0.8376609144201276,9.556451878542722,5.396827678473908,3.013031887640256
16.81900263925545,13.545995918464888,5.638510240887569,0.5208217715069933,10.097422318089805,5.518822026630922,3.0152426803497225
16.835671621058477,13.568122971136127,5.639093684941269,0.8914660450576374,10.002126033654521,4.96237229104468,3.017452484926636
16.852340602861506,13.590263336598646,5.6396773349905835,0.6676255466071851,10.266665891693517,4.949584945647676,3.0196613019260625
16.869009584664536,13.6124168396095,5.640261191167066,1.0432761695354122,9.77860000569286,4.37150244518158,3.021869131902818
16.885678566467565,13.634583294178633,5.640845253606538,0.4905047763152782,9.599145375972288,4.391330438423688,3.0240759754114706
16.90234754827059,13.656762562086236,5.641429522437413,0.9756534210477157,9.729816588150966,3.987787769675711,3.0262818330063443
16.91901653007362,13.678955147920066,5.642013997639058,0.6681611131247779,9.975731829155688,4.5657431206475865,3.0284867052415603
16.93568551187665,13.701161310542663,5.642598679197281,0.4984136272405215,10.691789056040097,4.000735580172288,3.0306905926709433
16.952354493679675,13.723381161086866,5.643183567125039,0.5320383081747666,9.511366394006052,4.276792293711456,3.0328934958480587
16.969023475482704,13.745614800799059,5.643768661439605,0.5648642358375248,9.87913121539674,4.464490488340891,3.035095415326225
16.985692457285733,13.767862321039171,5.644353962162579,0.7138850846935538,9.37284418181957,4.680667822484418,3.037296351658518
17.002361439088762,13.7901238032807,5.64493946931988,0.7337371663805666,9.815192849639612,5.2523466354718185,3.0394963053977686
17.019030420891788,13.81239931911068,5.645525182941748,0.5145482167470566,10.441885310469486,5.185859709979024,3.0416952770965615
17.035699402694817,13.834688930229705,5.646111103062749,0.6245354232223913,10.082647622783073,5.916793714078913,3.043893267307238
17.052368384497846,13.856992688451916,5.646697229721768,1.05797851289279,10.127843435539722,5.422011652842057,3.0460902765818947
17.069037366300872,13.879310635705012,5.647283562962012,0.9751511500199125,10.372599438669903,5.821942383772714,3.0482863054723826
17.0857063481039,13.901642804030237,5.6478701028310105,0.7170253000749668,9.92554930207734,5.566464017649954,3.050481354530309
17.10237532990693,13.923989215582393,5.648456849380616,0.6374792872027468,9.755211937610662,5.875309518347975,3.052675424307036
17.11904431170996,13.946349882629827,5.649043802667001,0.6540028576077846,10.4452993192214,5.620711362270181,3.054868515353681
17.135713293512985,13.968724807554437,5.649630962750661,0.7528181627488489,9.883082875624941,5.394211458596084,3.057060628221116
17.152382275316015,13.991113982851688,5.650218329696412,0.4256740063228581,10.297148289438207,5.569352735866506,3.0592517634599705
17.169051257119044,14.013517391130579,5.650805903573396,0.5788751382363216,9.975353875087267,4.767750768904126,3.061441921620627
17.18572023892207,14.035935005113668,5.651393684455072,0.29675153248014424,9.060249308365837,4.894770641871575,3.0636311032532237
17.2023892207251,14.058366787637066,5.651981672419224,0.7104308484651566,9.534359173631593,4.270422709132991,3.0658193089076553
17.219058202528128,14.080812691650431,5.652569867547955,0.7601432637044063,9.769220113529997,4.366059049884081,3.0680065391335702
17.235727184331157,14.103272660216978,5.653158269927696,0.534184610232616,10.444643776189821,3.870105389858507,3.070192794480374
17.252396166134183,14.125746626513465,5.653746879649192,0.9457370573655663,10.05196846408445,4.002060728536418,3.072378075497225
17.269065147937212,14.148234513830218,5.654335696807515,0.3859043491861629,10.435379674313241,4.226462109405047,3.0745623827330397
17.28573412974024,14.1707362355711,5.65492472150206,0.3383002578653114,9.77017374606216,4.919116181599337,3.076745716736488
17.302403111543267,14.193251695253533,5.6555139538365395,0.6761833247590627,10.56977984904953,4.589802488981498,3.0789280780559953
17.319072093346296,14.215780786508484,5.6561033939189915,0.8408303237060207,9.561686304165814,5.283926804670021,3.0811094672397434
17.335741075149325,14.238323393080478,5.6566930418617725,0.9683138785859986,10.00653721001997,5.10239241558143,3.083289884835667
17.352410056952355,14.260879388827592,5.657282897781566,0.5398691397833751,9.983408007601074,5.1653854445368745,3.0854693313914594
17.36907903875538,14.283448637721445,5.657872961799372,0.8474997860356583,9.952210288159362,5.9609691409849574,3.0876478074545655
17.38574802055841,14.306030993847225,5.658463234040518,0.624179527348591,10.475882733449955,5.799044001104125,3.0898253135721894
17.40241700236144,14.328626301403657,5.659053714634647,0.5974733380446027,9.68213231447865,5.578498255523612,3.0920018502912883
17.419085984164465,14.351234394703026,5.659644403715729,0.8088483371764452,9.87090909050532,5.9403397263238205,3.0941774181585737
17.435754965967494,14.373855098171163,5.6602353014220546,0.7626984518480622,10.004408003356854,5.6609937026667065,3.0963520177205144
17.452423947770523,14.396488390398588,5.660826407861618,0.317072946072338,9.909511304863113,5.028350478903198,3.0985256495233524
17.46909292957355,14.419134738637238,5.661417723004753,0.9277769235133417,11.221385391668242,5.7209391362103625,3.1006983141131172
17.485761911376578,14.441794297317067,5.662009246850193,0.9086045752694205,10.295270092671817,5.540617310494012,3.1028700120355373
17.502430893179607,14.464467180463682,5.662600979406386,0.507591189760218,9.961826834963512,5.514738429540818,3.105040743836096
17.519099874982636,14.487153492125616,5.663192920686395,0.7119818370998627,9.476718099117509,4.844805630924334,3.1072105100600353
17.535768856785662,14.509853326374335,5.6637850707079025,0.7317445427248919,9.596977957571605,4.425948016490185,3.109379311252358
17.55243783858869,14.532566767304228,5.664377429493206,0.6851906083724416,9.630500204545044,4.582366036614818,3.1115471479578263
17.56910682039172,14.555293889032619,5.6649699970692255,0.5231121488388976,10.054132027991974,4.483538800781516,3.113714020720962
17.585775802194746,14.578034755699745,5.665562773467493,0.49896580505935473,10.135441100331821,4.692332057697657,3.1158799300860474
17.602444783997775,14.6007894214688,5.666155758724162,0.6282969381039835,10.56198350318371,4.237962577320416,3.118044876597123
17.619113765800805,14.623557930525875,5.666748952880003,0.8680708044034431,10.056139331211089,4.325483520353853,3.1202088607979914
17.635782747603834,14.646340317080004,5.6673423559804,0.7423622542914161,9.890675774675872,4.345481053188654,3.122371883232212
17.65245172940686,14.669136605363146,5.667935968075362,0.5596365543256059,10.127139283306203,4.949438168903901,3.1245339444431073
17.66912071120989,14.691946809630192,5.668529789219509,0.7882163347698125,9.962488132489108,4.572514423391896,3.126695044973755
17.685789693012918,14.714770934158953,5.669123819472081,0.06428521491614991,10.863310910835859,5.514990393775244,3.128855185366998
17.702458674815944,14.737608973250166,5.669718058896938,0.8638640000010029,9.971778225923039,5.676058169813313,3.1310143661654344
17.719127656618973,14.76046091122752,5.670312507562555,0.28628519951547093,9.981990807539264,5.843843802214866,3.133172587911424
17.735796638422002,14.783326722437602,5.670907165542023,0.561856836772765,9.042073347649415,5.812967307984571,3.1353298511470866
17.75246562022503,14.80620637124994,5.671502032913056,0.4105280903259605,9.997391189872328,6.259029628052545,3.1374861564143006
17.769134602028057,14.829099812056993,5.672097109757978,0.3756427926980135,10.431297884534867,6.010124040936545,3.1396415042547057
17.785803583831086,14.85200698927414,5.672692396163738,0.8668614382798265,9.789113282902305,5.442501561590084,3.1417958952096994
17.802472565634115,14.874927837339692,5.673287892221898,0.5412728078523151,9.745423788772937,5.262810254662074,3.143949329820441
17.81914154743714,14.897862280714884,5.67388359802864,0.7042307660977748,10.367214253835783,4.947561636066517,3.1461018086278463
17.83581052924017,14.920810233883893,5.674479513684764,0.6256627899168302,9.883421825913489,5.128043338612182,3.1482533321725956
17.8524795110432,14.94377160135381,5.675075639295684,0.7305719613601589,10.54614251019078,4.417467490264438,3.150403900995125
17.86914849284623,14.966746277654654,5.675671974971435,0.6506450386100248,9.908882412156972,4.825037428016585,3.152553515635632
17.885817474649254,14.989734147339377,5.676268520826667,0.378799054280015,9.88200936426128,4.728377428422232,3.154702176634073
17.902486456452284,15.012735084983857,5.676865276980652,0.8347676759419774,9.53173971782002,3.9647031009844413,3.1568498845301654
17.919155438255313,15.0357489551869,5.677462243557275,0.5368797825479272,10.060671491958534,4.145215581465493,3.158996639863384
17.93582442005834,15.05877561257024,5.678059420685041,0.32443148074645844,11.246497901620984,4.256583570099783,3.161142443172966
17.952493401861368,15.081814901778543,5.67865680849707,0.5502415637317883,10.193860221647462,4.640788416963892,3.163287294997908
17.969162383664397,15.104866657479397,5.679254407131106,0.9361332636245072,9.713328876919325,5.043530778134041,3.1654311958769643
17.985831365467426,15.12793070436332,5.679852216729502,0.8061423375969039,10.526800940612715,4.283225219342174,3.1675741463486506
18.002500347270452,15.15100685758739,5.680450237439119,0.5664842200508586,10.000435659134082,4.94223617621054,3.1697161469512416
18.01916932907348,15.174095301914237,5.6810484693002286,0.5664797378864187,10.712868124598023,5.203012422345446,3.1718571982228165
18.03583831087651,15.197196409563901,5.681646912262881,0.5721208743615394,10.203533950610977,5.080051745181643,3.173997300701199
18.052507292679536,15.220310326857266,5.682245566328262,1.051914061187127,8.959558188701562,5.523173253583168,3.1761364549239333
18.069176274482565,15.243437188453019,5.682844431502389,0.713068108784042,9.593970906986995,5.900014835990957,3.1782746614283295
18.085845256285594,15.266577117347603,5.68344350779611,0.7228058756093516,10.123521583845067,5.71549973948481,3.180411920751461
18.102514238088624,15.289730224875239,5.684042795225101,0.8429707387593547,10.110746172548728,5.284892954202253,3.1825482334301656
18.11918321989165,15.312896610707929,5.684642293809868,0.684788355466393,9.819009809553638,6.48641303384292,3.184683600001045
18.13585220169468,15.336076362855453,5.685242003575751,0.5853385441091281,9.806002783652223,5.518833775433224,3.1868180210004646
18.152521183497704,15.359269557665353,5.685841924552916,0.5979934269503491,9.203613476549243,5.24429854432882,3.188951496964555
18.169190165300733,15.38247625982297,5.686442056776361,0.6230595422383342,10.030597375202474,4.632582976541005,3.191084028429212
18.185859147103763,15.405696522351407,5.687042400285915,0.6300517180105403,11.136694082807955,4.795067873787349,3.193215615930092
18.202528128906792,15.428930386611544,5.6876429551262335,0.7831384190466645,10.211223092665874,4.450210771818272,3.1953462600026192
18.21919711070982,15.45217788230204,5.688243721346807,0.6481180062807295,10.841554074079411,3.7645451488656425,3.1974759611819805
18.235866092512847,15.475439027459323,5.688844699001954,0.7843731371334762,10.428383022055426,3.90714722791314,3.199604720003127
18.252535074315876,15.498713828457609,5.6894458881508205,0.6218180719886779,10.140697306740531,4.439390994965763,3.201732537000774
18.2692040561189,15.522002280008877,5.690047288857388,0.653804666120448,11.023505491347212,4.835049552241483,3.2038594127094004
18.28587303792193,15.545304365162899,5.690648901190464,0.23855370490230887,10.124507598546312,4.486179822679644,3.205985347663251
18.30254201972496,15.56862005530721,5.6912507252236875,0.8215755641832605,9.97705101607297,4.89223646989185,3.2081103423963344
18.31921100152799,15.591949310167127,5.691852761035529,0.7077238855168032,10.497907673687664,4.742819899771348,3.2102343974424215
18.33587998333102,15.615292077805734,5.692455008709285,0.8381443470418608,10.185778081368783,5.01242398216096,3.2123575133350486
18.352548965134044,15.638648294623902,5.693057468333087,0.059407357780086656,9.809626121350183,5.610764172958849,3.2144796906075173
18.369217946937074,15.662017885360276,5.693660139999893,1.0564494563179214,9.896236231606128,5.999630575725441,3.2166009297928917
18.3858869287401,15.685400763091266,5.694263023807494,0.6109726452456429,10.100144494965425,6.059418275920686,3.2187212314240004
18.40255591054313,15.708796829231083,5.694866119858511,0.860643163288932,10.41356554902452,5.451959057887745,3.2208405960334376
18.419224892346158,15.732205973531691,5.695469428260393,0.4311414171088261,10.127322552993146,5.778982391064478,3.2229590241535604
18.435893874149187,15.75562807408284,5.696072949125418,0.761793359644611,9.344692194275003,5.831289443597809,3.2250765163164896
18.452562855952216,15.77906299731205,5.696676682570701,0.4286714155791056,10.455143773587082,5.5458478653462855,3.2271930730541114
18.469231837755242,15.802510597984625,5.697280628718179,0.5147166591179092,9.818233157985334,5.5547537908017235,3.2293086948980756
18.48590081955827,15.82597071920364,5.6978847876946235,1.0223926185130783,9.937900476727934,5.456289713432736,3.231423382379797
18.502569801361297,15.849443192409945,5.6984891596316345,0.6015657374870484,9.967513434502372,5.262106386705765,3.233537136030453
18.519238783164326,15.872927837382175,5.699093744665646,0.6833046355709393,11.394536373196102,5.221964145108284,3.235649956380987
18.535907764967355,15.896424462236734,5.699698542937916,0.8139474237412417,10.106717478495609,4.400098078979909,3.237761843962105
18.552576746770384,15.919932863427803,5.7003035545945355,0.7391860452176708,9.74463151714531,3.9215094695264616,3.2398727993042784
18.569245728573414,15.94345282574734,5.700908779786429,0.6702492120006363,10.434435417776765,4.335510704274076,3.2419828229377416
18.58591471037644,15.966984376033084,5.701514218591406,0.7132733681210035,10.13219432200254,4.766090155547691,3.244091915392518
18.60258369217947,15.990528085251867,5.702119870905706,1.1210799946162764,9.965279298821056,4.108999050716899,3.246200077198417
18.619252673982494,16.014084151252092,5.702725736726744,0.628988801365757,10.23561214830035,4.582521501941753,3.2483073088849594
18.635921655785523,16.037652738336085,5.703331816062353,0.6808480265602798,9.757088348630127,4.770619279271563,3.250413610981433
18.652590637588553,16.061233996818235,5.703938108925052,0.8508747260825547,9.845247111186085,4.847652822007287,3.2525189840168935
18.669259619391582,16.08482806302497,5.704544615332042,0.8619646363332885,9.865779404026181,5.041162656332726,3.2546234285201647
18.68592860119461,16.108435059294795,5.70515133530521,0.8783810868893253,9.40431892399571,5.007094520681025,3.2567269450198393
18.702597582997637,16.132055093978266,5.705758268871126,0.7688366193715318,10.441065550855004,4.816843073084462,3.2588295340442786
18.719266564800662,16.155688261437994,5.706365416061043,0.4126051147389267,10.665362718199525,5.3359165547062775,3.2609311961216125
18.73593554660369,16.17933464204867,5.706972776910901,0.9680078991734544,10.092174176447486,5.654959975612738,3.2630319317797403
18.75260452840672,16.20299430219702,5.7075803514613215,0.41216798262459753,10.226295968445456,6.128262903512554,3.2651317415463286
18.76927351020975,16.226667294281835,5.70818813975761,0.7020795958561402,9.9851621972627,5.716845783202725,3.2672306259488133
18.78594249201278,16.250353656713973,5.708796141849756,0.49081274742737446,10.014311437173982,5.467606093535979,3.2693285855143985
18.80261147381581,16.27405341391634,5.709404357792435,0.6289556357564947,10.08655086623845,5.170516673145269,3.271425620770057
18.819280455618834,16.297766576323912,5.710012787645002,0.7076511477785966,10.011878623019275,5.406484623062775,3.2735217322425303
18.83594943742186,16.321493140383712,5.710621431471502,0.7062854424277538,10.045820988612892,5.368073216214219,3.2756169204583285
18.85261841922489,16.345233088554835,5.711230289340659,0.7265134567595819,10.635262144563882,5.034581106431658,3.2777111859437302
18.86928740102792,16.36898638930842,5.711839361325881,0.9649868392321486,10.099335880588761,4.680231205383883,3.2798045292247826
18.885956382830948,16.392752997127683,5.712448647505264,0.7330666981422237,10.330464706415677,3.8876533511892513,3.281896950827301
18.902625364633977,16.41653285250788,5.713058147961585,0.5936437360894729,10.518583764880612,4.12235510741309,3.2839884512768704
18.919294346437006,16.440325881956337,5.713667862782305,0.8354076949806716,10.107769416680995,4.785172380070629,3.2860790310988435
18.93596332824003,16.464131997992435,5.714277792059569,0.8805995301286104,9.588192842613445,4.588925077462302,3.2881686908183414
18.952632310043057,16.48795109914761,5.714887935890208,0.39729901316031746,9.788686947105887,3.9156541259872193,3.2902574309602546
18.969301291846087,16.511783069965382,5.715498294375734,0.762415706803145,10.125815060417837,4.545802773424217,3.292345252049241
18.985970273649116,16.535627781001292,5.716108867622344,0.7832853307203113,9.996953457502961,4.899823612860589,3.2944321546097295
19.002639255452145,16.559485088822964,5.71671965574092,0.5836531437686749,10.080677917421701,4.8111350809927895,3.296518139165914
19.019308237255174,16.583354836010077,5.717330658847025,0.9184222420212104,10.064538426572632,4.592014677266824,3.2986032062417605
19.035977219058204,16.60723685115436,5.7179418770609125,0.6133847695843582,10.610281000861358,5.531532832254978,3.3006873563610006
19.05264620086123,16.631130948859614,5.71855331050751,0.6686261580090112,9.583599201960952,5.433526278270319,3.3027705900471367
19.069315182664255,16.65503692974168,5.71916495931644,0.6090114554517335,9.207405841787816,5.537081350349969,3.304852907823438
19.085984164467284,16.67895458042849,5.7197768236219995,0.6468565554666798,10.10732328464967,5.692597419763396,3.3069343102129443
19.102653146270313,16.702883673560002,5.720388903563174,0.42460062683941224,9.88777657703253,5.7074330215365086,3.3090147977384623
19.119322128073343,16.72682396778825,5.721001199283633,0.3559603385719666,10.140798598160506,5.620151050983133,3.311094370922568
19.13599110987637,16.750775207777323,5.72161371093173,0.9629863711906237,10.290790812693636,5.1720307805032,3.313173030287606
19.1526600916794,16.774737720871876,5.722226438520758,0.47480790489732727,10.634885819523829,5.14270606065337,3.3152507763557226
19.169329073482427,16.79871215414065,5.72283938196396,0.4460364932237897,9.926164503992092,4.432641690368977,3.3173276096488284
19.185998055285452,16.82269868395191,5.723452541272234,0.21375170146520095,9.800253757208496,4.808209616592417,3.319403530688566
19.20266703708848,16.846697472003456,5.72406591646085,0.5167521082139157,10.16604940017455,3.640959938619769,3.321478539996352
19.21933601889151,16.87070866535991,5.7246795075494346,0.38004120510931844,10.361770531456614,4.243108417219012,3.323552638093374
19.23600500069454,16.894732396452763,5.72529331456197,0.9731768743083792,11.032128823330602,4.503430868749369,3.3256258255005946
19.25267398249757,16.918768783080363,5.725907337526798,0.8468519110693655,10.174039432254618,3.883213779089455,3.327698102738748
19.2693429643006,16.9428179284079,5.726521576476618,0.5073730474926395,10.05049555503613,4.467517681703417,3.3297694703283405
19.286011946103624,16.96687992096744,5.727136031448488,1.0956048733101746,9.894942406049985,4.724063062374649,3.3318399287896527
19.30268092790665,16.990954834657877,5.7277507024838235,0.8415853777167204,9.871121050870896,3.5706946667721873,3.333909478642736
19.31934990970968,17.015042728744984,5.728365589628395,0.5803805440359073,9.822053140656147,4.746159246535468,3.335978120407417
19.33601889151271,17.03914364786138,5.7289806929323355,0.14558019050247617,10.145967987515293,4.177747941188606,3.3380458546032936
19.352687873315737,17.063257622006528,5.729596012450132,1.1037643330334193,10.208107703883313,5.249965734380796,3.3401126817497366
19.369356855118767,17.087384666546757,5.730211548240633,0.36777578247735054,9.807548581232762,5.500277797081178,3.3421786023658897
19.386025836921796,17.111524782215252,5.730827300367041,0.31672495600841166,9.920005656234258,4.925472038369659,3.3442436169706697
19.402694818724818,17.135677955112037,5.731443268896918,0.8504331936045681,10.462689939017084,6.34986744417537,3.3463077260827654
19.419363800527847,17.15984415670402,5.732059453902185,1.133983962484688,10.117141704375413,5.884771091846418,3.34837093022064
19.436032782330877,17.184023343824933,5.732675855459119,0.9230023911226923,10.36450259662692,5.492579790893964,3.350433229902528
19.452701764133906,17.208215458675383,5.733292473648356,0.7590439698026017,10.161073723934171,6.062051322982963,3.352494625646436
19.469370745936935,17.232420428822824,5.73390930855489,0.7653273046427437,10.683774952507456,4.897958895375185,3.354555117970145
19.486039727739964,17.256638167201558,5.734526360268071,0.8171738107075545,10.185262293618678,4.839343495491017,3.3566147073912096
19.502708709542993,17.28086857211275,5.735143628881609,0.7983906516531426,10.043848892156408,4.269334710163914,3.358673394426954
19.519377691346016,17.305111527224422,5.735761114493569,0.7029574253146964,9.628122561232155,5.2545591802323,3.3607311795944774
19.536046673149045,17.329366901571447,5.73637881720638,0.667673540195214,10.134804360893096,4.5970031237504365,3.3627880634106524
19.552715654952074,17.353634549555547,5.736996737126822,0.6344288447461938,9.18066068087618,4.5273947549584355,3.3648440463921228
19.569384636755103,17.37791431094531,5.7376148743660345,0.49626867548952525,10.003946299744847,4.3177936235243655,3.3668991290553056
19.586053618558132,17.402206010876174,5.738233229039518,0.5910406728200375,10.063212184393244,4.373181796113593,3.3689533119163904
19.60272260036116,17.42650945985042,5.738851801267128,0.30869839225688855,9.406192090480083,4.276261194837891,3.371006595491341
19.61939158216419,17.450824453737205,5.7394705911730775,0.6277358685899076,9.894125665514606,4.459058283143302,3.3730589802958924
19.636060563967213,17.475150773772516,5.740089598885938,0.44979958330016745,10.384604865683507,4.5959307383633785,3.375110466845552
19.652729545770242,17.499488186559223,5.7407088245386415,0.4269139239755791,10.18509490145767,4.609664769257321,3.3771610556556024
19.66939852757327,17.52383644406703,5.741328268268475,0.6837245722229939,10.095578079166291,5.027189858653297,3.3792107472410966
19.6860675093763,17.548195330510293,5.741947930209471,0.9262601256982641,10.237627150133797,5.368158806966707,3.3812595421168643
19.70273649117933,17.57256551112076,5.742567810336505,0.8316368879086379,10.104484667272413,5.536137055138738,3.3833074407975503
19.71940547298236,17.596947410674577,5.743187908623344,0.33398731608246535,10.546267385435911,5.227284569848277,3.385354443797535
19.73607445478539,17.621341182209534,5.74380822508433,0.45027565139036807,10.139364134438392,5.369101410053191,3.387400551630958
19.75274343658841,17.645746965473908,5.744428759738043,0.8364693299761425,9.936237507140047,6.123782992927672,3.3894457648117347
19.76941241839144,17.670164886926496,5.745049512607302,0.451931399099956,10.896512245580615,5.654939062089624,3.391490083853559
19.78608140019447,17.694595059736567,5.745670483719172,0.6036160049707173,10.161947435735,5.7974162302208025,3.3935335092699
19.802750381997498,17.719037583783894,5.746291673104954,0.7586667836492584,9.8678359452392,5.10842166742432,3.3955760415740044
19.819419363800527,17.743492545658736,5.746913080800195,0.4551011734359103,9.54316638651723,4.765476770038153,3.3976176812788963
19.836088345603557,17.767960018661867,5.7475347068446805,0.6699588378705291,10.127432816953057,4.705395080381822,3.399658428897375
19.852757327406586,17.792440062804545,5.74815655128244,0.3821922815371587,10.028455561328881,4.646824042002434,3.401698284942018
19.869426309209608,17.816932724808506,5.74877861416174,0.5288374672351398,10.407921705604933,4.297214155145113,3.4037372499251797
19.886095291012637,17.84143803810602,5.749400895535092,0.7131809699619568,9.958504570339986,4.717373562290639,3.40577532435899
19.902764272815666,17.865956022839818,5.750023395459247,0.3307393951170348,9.724168008537472,4.281169062973531,3.4078125087553577
19.919433254618696,17.890486685863145,5.7506461139952,0.7375466196655941,10.17980522853637,4.755769144440196,3.409848803625967
19.936102236421725,17.915030020739728,5.751269051208183,0.6456376140769295,10.54719253500789,4.374410156107944,3.4118842094822783
19.952771218224754,17.939586007743806,5.751892207167673,0.7601766380514376,10.121514368678632,3.6544557405256337,3.413918726835531
19.969440200027783,17.9641546138601,5.752515581947387,0.6945749187820635,10.33847327626312,4.8810475768013175,3.41595235619674
19.986109181830805,17.98873579278382,5.753139175625283,0.9227335942388,10.070954550039053,4.340051175767554,3.4179850980766955
20.002778163633835,18.0133294849207,5.75376298828356,0.6750637965006903,10.1116274126723,5.1110346757547465,3.4200169529859683
20.019447145436864,18.03793561738694,5.75438702000866,0.5642511469037204,10.666659501033175,5.054327166701991,3.4220479214349036
20.036116127239893,18.062554104009248,5.755011270891264,0.6747050863018863,10.214427435567602,6.146328405368157,3.4240780039336234
20.052785109042922,18.08718484532482,5.755635741026296,0.7590184934567797,10.02445210144233,6.102876037589347,3.4261072009920266
20.06945409084595,18.111827728581364,5.756260430512922,0.6602441750345523,10.672733480498136,5.550232104679449,3.42813551311979
20.086123072648977,18.136482627737063,5.756885339454547,0.6587037438743625,9.84050679502069,5.76068686692373,3.4301629408263654
20.102792054452003,18.161149403460605,5.757510467958818,0.5103002840591084,11.107914770552085,5.820166583026036,3.4321894846209844
20.119461036255032,18.18582790313118,5.758135816137625,0.5182316253982818,9.741407401785528,5.8805835051445,3.434215145012652
20.13613001805806,18.21051796083846,5.758761384107099,0.3704039131161276,9.854040164058933,5.444217660642539,3.4362399225101528
20.15279899986109,18.235219397382618,5.759387171987609,1.0009534459390823,10.069619744906644,4.899277632699804,3.438263817622046
20.16946798166412,18.25993202027432,5.760013179903769,0.4023785512855546,10.071930998114274,4.742509200890411,3.4402868308566696
20.18613696346715,18.284655623734736,5.760639407984434,0.5126832310816974,10.587793292058441,4.711597184455739,3.4423089627221377
20.202805945270175,18.309389988695518,5.761265856362698,0.5076958609975234,9.873088911327976,4.866550754529969,3.4443302137263396
20.2194749270732,18.334134882798825,5.761892525175899,0.8304752041426242,10.184229308480754,4.45716466186506,3.4463505843769457
20.23614390887623,18.35889054069862,5.762519414490561,0.5926133788880699,9.837055657482022,3.995107002290228,3.4483700751814297
20.25281289067926,18.38365753720218,5.763146524273534,0.9012646860028115,10.118062317566613,4.395636091861609,3.4503886866470452
20.269481872482288,18.408436023565073,5.763773854532847,0.5171310746482185,10.05470126559104,4.13724265640473,3.4524064192807824
20.286150854285317,18.43322613791642,5.7644014052811015,0.7077409310565127,10.105605766743786,4.645782966671432,3.454423273589412
20.302819836088347,18.458028006028968,5.76502917653537,0.4849855581388929,9.881819790675545,5.32292393967561,3.456439250079485
20.319488817891372,18.482841741319106,5.765657168317191,1.0811976355674513,9.866201735780276,4.685943260552652,3.4584543492573356
20.336157799694398,18.507667444846877,5.7662853806525805,0.41476093845014805,10.116887772280402,5.2830533789847305,3.460468571629078
20.352826781497427,18.53250520531594,5.766913813572016,0.7143575475445972,10.555866028102205,5.063766114982914,3.462481917700605
20.369495763300456,18.55735509907361,5.767542467110451,0.7792615359071384,9.965678529866592,5.470378357072166,3.4644943879775933
20.386164745103486,18.582217190110843,5.76817134130731,0.7353787043894581,9.762178360769358,5.680245291472879,3.4665059829654994
20.402833726906515,18.60709153006221,5.768800436206482,0.6156740492375024,10.351010525272565,5.714853497063128,3.46851670316956
20.419502708709544,18.631978158205953,5.7694297518563324,0.6268801080942282,10.082430421447079,6.537761270038179,3.470526549094793
20.43617169051257,18.65687710146393,5.770059288309692,0.6617191803571326,10.498895567343318,5.654558557135481,3.472535521245998
20.452840672315595,18.681788374401656,5.770689045623865,0.6236690944270875,9.903321852336903,5.7971749294015575,3.4745436201277546
20.469509654118625,18.706711979228274,5.771319023860624,0.8459578977528738,9.42129235800049,4.855860141028963,3.4765508462444235
20.486178635921654,18.731647905796567,5.771949223086213,1.0953992251814613,9.85511213847581,5.33567048351705,3.4785572001001466
20.502847617724683,18.756596131602958,5.772579643371346,0.5419087891376821,10.003408083278936,5.299695931028935,3.480562682198846
20.519516599527712,18.781556621787516,5.7732102847912055,0.3795590422848214,10.045659162871866,4.554010899398123,3.4825672930442253
20.53618558133074,18.806529329133937,5.773841147425447,0.6359756913556813,9.956785320859897,3.7426048183202987,3.484571033139769
20.552854563133767,18.831514194069563,5.774472231358193,1.1696864021245812,10.361233717276708,4.31683808268125,3.486573902988741
20.569523544936793,18.856511144665383,5.775103536678039,0.49312202528863525,9.959910945311805,4.232106631889345,3.4885759030941887
20.586192526739822,18.881520096636017,5.775735063478051,0.9817926749599308,10.100129015231845,4.418384081996657,3.490577033958939
20.60286150854285,18.90654095333972,5.7763668118557625,0.9896218223532132,10.16224662512452,4.856859985647375,3.492577296085598
20.61953049034588,18.9315736057784,5.7769987819131785,0.5434763275200104,10.122648394354984,4.265084522457595,3.4945766899765562
20.63619947214891,18.956617932597585,5.777630973756774,0.7681028786578361,10.0743213602086,4.308520427892178,3.4965752161339827
20.65286845395194,18.981673800086458,5.778263387497495,0.9800978450197637,10.303313539318722,4.444190497984523,3.498572875059827
20.669537435754965,19.00674106217783,5.778896023250758,0.5787052003625591,9.99740249999449,5.102692639222421,3.5005696672558204
20.68620641755799,19.031819560448174,5.779528881136448,0.6139268752769373,10.778965077933844,5.43184190391652,3.5025655932234763
20.70287539936102,19.056909124117574,5.78016196127892,0.5384189337950198,10.035006507530431,5.340902877153043,3.504560653464087
20.71954438116405,19.08200957004977,5.780795263807002,0.4519159102621385,9.591411566110537,5.9053608637553605,3.5065548484787255
20.736213362967078,19.107120702752134,5.78142878885399,0.5251238577107422,10.162830984295661,5.912753527203519,3.5085481787682484
20.752882344770107,19.13224231437568,5.7820625365576515,0.41030339418064254,9.989704243599117,5.8117890578112466,3.51054064483329
20.769551326573133,19.157374184715056,5.782696507060223,0.6620201924586633,10.412286929096764,5.475560812045505,3.512532247174266
20.786220308376162,19.18251639973971,5.783330700447133,0.5013208743120487,10.521908100028773,5.476119884069848,3.5145229862914045
20.802889290179188,19.20766949257046,5.78396511667813,0.7021846950207876,9.786087931629911,4.705373396125372,3.5165128626847215
20.819558271982217,19.232833643996262,5.784599755752735,0.3443603459613474,10.223443971295037,5.276132888781612,3.5185018768539686
20.836227253785246,19.258009014659958,5.7852346176763305,0.7218274545636513,9.889909632354701,4.964284733315148,3.520490029298682
20.852896235588275,19.28319575167092,5.7858697024591,0.8224691037191675,10.3054962527165,4.768182397466181,3.5224773205181794
20.869565217391305,19.308393988605086,5.786505010116036,0.2571280564963389,9.90281015038381,4.646425349208551,3.524463751011568
20.88623419919433,19.333603845504925,5.787140540666937,0.7307983429087119,9.844797077647483,4.443800880453424,3.526449321277735
20.90290318099736,19.358825428879474,5.78777629413641,0.9016326416564437,9.604298384322815,4.193657107952485,3.5284340318153586
20.919572162800385,19.384058831704294,5.788412270553867,0.41428242391885894,10.15774024994014,4.215799896466122,3.5304178831228965
20.936241144603414,19.40930413342151,5.789048469953528,0.9908368597713939,10.579201626054461,3.8325456855519655,3.5324008756985945
20.952910126406444,19.43456139993978,5.789684892374415,0.7402379092539716,10.08209045034969,4.204424949426399,3.534383010040481
20.969579108209473,19.45983068363433,5.790321537860364,0.5155434314148696,9.752942408998821,4.581134562962102,3.5363642866463723
20.986248090012502,19.485112023346908,5.790958406460011,0.6455036524084072,10.76081300819154,4.574184588901486,3.538344706013867
21.002917071815528,19.510405444385814,5.791595498226803,0.7684344859840329,9.994414102988692,5.30201148296045,3.54032426864035
21.019586053618557,19.535710958525925,5.792232813218994,0.6720817874469937,8.999630826872302,5.091097294248592,3.542302975022992
21.036255035421583,19.561028564008627,5.792870351499639,0.7647434834624374,10.16640384989549,5.57003274268738,3.544280825658746
21.052924017224612,19.586358245541874,5.793508113136606,0.4729691122685231,9.66048760205064,5.707104659995044,3.546257821044352
21.06959299902764,19.61169997430016,5.794146098202568,0.6910875116841829,10.499902062424022,5.997200702380192,3.5482339616763343
21.08626198083067,19.63705370792453,5.794784306775003,0.3745839335486433,10.032445710749464,6.06901868213352,3.5502092480510035
21.1029309626337,19.66241939052257,5.795422738936195,0.6351930767514412,10.374293326170854,5.9542431918023055,3.5521836806644527
21.119599944436725,19.687796952668418,5.796061394773238,0.47676818683740935,10.350795480524397,4.9884365564439435,3.5541572600125613
21.136268926239755,19.71318631140276,5.79670027437803,0.5105551227180245,9.618887275491304,5.791957882607995,3.556129986590994
21.15293790804278,19.738587370232835,5.797339377847278,0.9049911123588862,9.829054094208901,5.662914335334626,3.5581018608952
21.16960688984581,19.764000019132418,5.797978705282492,0.8761458374704751,10.06359940308521,4.811047887988102,3.5600728834204145
21.18627587164884,19.789424134541825,5.798618256789992,0.7798227435006785,10.836947440697513,4.781981591569374,3.5620430546616557
21.202944853451868,19.814859579367948,5.799258032480903,0.43964384226395126,9.940867012833557,4.227338708994234,3.5640123751137267
21.219613835254897,19.840306202984188,5.799898032471159,0.5949359510291417,9.847050166556713,3.7431622155563,3.5659808452712194
21.236282817057923,19.86576384123052,5.800538256881496,0.9009483966027989,10.275453839610611,4.00497865686649,3.5679484656285045
21.252951798860952,19.89123231641347,5.801178705837461,0.6867834248218493,10.005769704715032,4.039196296912499,3.5699152366797438
21.269620780663978,19.916711437306084,5.801819379469405,1.1224171054039846,10.144909343464578,4.147637495083467,3.5718811589188793
21.286289762467007,19.94220099914798,5.802460277912488,0.7373258904060013,9.762488837593567,4.092307914264688,3.573846232839642
21.302958744270036,19.967700783645313,5.803101401306676,0.6971832407291549,10.900739215583043,4.346552409285508,3.5758104589355444
21.319627726073065,19.993210558970787,5.803742749796738,0.5970611892580542,9.488529054265689,4.792313744670861,3.577773837699885
21.33629670787609,20.018730079763642,5.804384323532256,0.6857036974646498,10.031207692378535,4.813595305859878,3.579736369625749
21.35296568967912,20.044259313795212,5.805026122609997,0.6286125533628111,10.050135261122396,5.4523952906555575,3.581698055206023
21.36963467148215,20.069798884422767,5.805668146944125,0.8008392298073128,10.442166794962503,5.710180553789369,3.5836588949334085
21.386303653285175,20.095349044137723,5.806310396525996,0.850668901338001,9.566538837402904,6.386629697710359,3.585618889300339
21.402972635088204,20.120909995759305,5.806952871359677,0.5022414590446702,10.916221860891195,6.111199934994929,3.587578038799033
21.419641616891234,20.146481925485514,5.807595571454067,0.39330364323844497,10.148267264085762,5.871673417955064,3.589536343921499
21.436310598694263,20.172065002893135,5.8082384968229,0.2924200117485296,10.271187158667331,5.559701731460058,3.591493805159532
21.45297958049729,20.19765938093772,5.808881647484743,0.7613701737652236,9.869512988344281,5.707921388034961,3.593450423004719
21.469648562300318,20.22326519595361,5.809525023462993,0.43920937873469873,10.277431567828865,5.531105348569507,3.595406197948434
21.486317544103347,20.248882567653908,5.810168624785885,0.22941534251786905,9.751268379800566,5.050052883980669,3.5973611304818416
21.502986525906373,20.27451159913051,5.810812451486483,0.737819912684491,10.202496225890776,5.190107452661122,3.599315221095894
21.519655507709402,20.30015237685407,5.811456503602686,1.158814795444742,9.576852626616368,4.290907151147911,3.6012684702813336
21.53632448951243,20.32580497067403,5.812100781177225,0.6591113793189621,10.037669538223172,4.420727215866535,3.6032208785286906
21.55299347131546,20.35146943381861,5.812745284257666,0.8281343556538217,9.849900448149775,4.494055150569832,3.6051724463282846
21.569662453118486,20.3771458028948,5.813390012896407,0.6769126810562844,9.63508769699652,4.140139755781022,3.6071231741702254
21.586331434921515,20.402834097888373,5.814034967150677,0.6408794567174825,10.141015066602833,4.139250821418097,3.609073062544411
21.603000416724544,20.428534322163873,5.8146801470825435,0.8445832313668074,10.323983165332118,4.213009628258191,3.6110221119405277
21.61966939852757,20.454246462464628,5.815325552758901,0.6028235427286168,10.293103623510005,4.129743239495146,3.6129703228480516
21.6363383803306,20.47997048891273,5.815971184251481,0.7144674005403248,9.384507564030056,4.9193372814365155,3.6149176957562488
21.65300736213363,20.50570635500906,5.816617041636846,0.7254389544662071,10.511420558383053,4.4908794747575955,3.616864231154172
21.669676343936658,20.53145399763327,5.817263124996394,0.5275917273198829,10.336457098161544,5.1408083215875475,3.6188099295306646
21.686345325739683,20.557213337043784,5.817909434416353,0.8597286820766843,9.828966448289886,5.414083212325979,3.6207547913743587
21.703014307542713,20.582984276877816,5.818555969987786,0.6264386242295608,10.423154312676504,5.221636641858555,3.622698817173677
21.719683289345742,20.60876670415135,5.81920273180659,0.5103918763266942,9.953187381319589,5.694822548795322,3.6246420074168273
21.736352271148768,20.634560489259137,5.819849719973494,0.7689531788323113,9.463900101543018,5.500784245380813,3.6265843625918106
21.753021252951797,20.66036548597472,5.820496934594058,0.48206788486833096,10.01661062372723,6.216015805058675,3.6285258831864144
21.769690234754826,20.68618153145041,5.821144375778679,0.6675079530030128,10.572558112480321,5.403893183213469,3.6304665696882163
21.786359216557855,20.712008446217286,5.821792043642583,0.6601581316763421,9.886407522435924,5.423186347803338,3.632406422584582
21.80302819836088,20.73784603418522,5.822439938305835,0.8792712227998526,9.822119277020684,5.065271850542108,3.634345442362667
21.81969718016391,20.763694082642868,5.823088059893326,0.757141903969258,10.30233627851395,4.796061979794526,3.636283629509416
21.83636616196694,20.789552362257627,5.823736408534785,0.657306982514369,10.047799506787145,5.431655515538758,3.6382209845115625
21.853035143769965,20.815420627075707,5.824384984364772,0.8259757200630151,10.33794649226689,4.872518216163797,3.640157507855629
21.869704125572994,20.841298614522074,5.825033787522681,0.940574025054445,10.092167655735697,4.535594533144415,3.642093200027926
21.886373107376023,20.86718604540048,5.82568281815274,0.7742046005968855,10.226518928210629,4.129946881403661,3.6440280615145553
21.903042089179053,20.893082623893445,5.8263320764040065,0.6648230563972729,9.859392256779143,4.498520896184447,3.645962092801405
21.91971107098208,20.9189881853657,5.826981562398707,0.40049524806625497,10.069974415268158,3.954050152763138,3.647895294374163
21.936380052785108,20.944903581680013,5.827631276031131,0.4499496930135676,9.580788015819405,4.492690415047963,3.649827666718343
21.953049034588137,20.970829205590142,5.828281217276318,0.6020373848137939,10.291962561278885,4.119112171120258,3.651759210319203
21.969718016391163,20.996765283121558,5.828931386144087,0.5412897542517568,9.801218178895665,4.374402063747862,3.6536899256617854
21.98638699819419,21.02271202143738,5.829581782648748,0.6259077720072879,10.523243898795531,5.024450782521367,3.6556198132309223
22.00305597999722,21.04866960883836,5.8302324068091,0.6747418244055221,10.012922109278168,5.305205814629365,3.6575488735112414
22.019724961800247,21.074638214762913,5.8308832586484405,0.7694601659992191,10.139421701717279,5.469881354060582,3.6594771069871617
22.036393943603276,21.10061798978711,5.831534338194554,0.6495316040769701,9.942128289549368,5.191861445727244,3.6614045141428977
22.053062925406305,21.126609065624653,5.832185645479716,0.7610414018531875,9.652371481538264,5.539250598806013,3.6633310954624547
22.069731907209334,21.15261155512689,5.8328371805407,0.6767456382664796,9.290391212970698,5.820920872060095,3.66525685142963
22.08640088901236,21.178625552282828,5.8334889434187644,0.26886709304665174,9.914456384740806,5.543878727638095,3.667181782528017
22.10306987081539,21.20465113221911,5.8341409341596675,0.4762029473422259,9.873154838358378,6.1565633682812795,3.6691058892409996
22.11973885261842,21.230688351200037,5.834793152813651,0.6353621035049087,10.074622294757672,4.898329214630774,3.671029172051756
22.136407834421444,21.256737246627548,5.835445599435453,0.4223502233580997,10.415717688255006,5.198329961403129,3.6729516314432558
22.153076816224473,21.282797837041244,5.836098274084307,0.7843844439156221,9.841485411682918,5.049826279246875,3.6748732678982634
22.169745798027503,21.30887012211836,5.836751176823932,0.9706583590672931,9.929596640770255,4.100410758300422,3.6767940818993345
22.186414779830532,21.334954082673782,5.837404307722544,0.9083700262914498,9.311222458367789,4.290166554505035,3.6787140739288198
22.203083761633557,21.36104968066004,5.838057666852846,0.6220385137697921,10.121813405458012,4.680553083927295,3.6806332444688605
22.219752743436587,21.387156859167323,5.838711254292038,0.9629817159592458,10.552937326609696,4.335627931728866,3.6825515940013926
22.236421725239616,21.413275542423456,5.8393650701218105,0.6946793492718393,10.568224331103462,4.698001101712671,3.684469123008145
22.25309070704264,21.439405635793904,5.840019114428344,0.5976380014378828,10.108505119965,4.664925168866234,3.6863858319706373
22.26975968884567,21.465547025781813,5.8406733873023144,0.5424839693504664,10.343833326319599,4.384766348276426,3.6883017213701845
22.2864286706487,21.49169958002794,5.841327888838887,0.6047798397044659,10.351254344007788,4.475279442831453,3.690216791687895
22.30309765245173,21.51786314731071,5.841982619137718,0.5877476567627465,10.149771859312137,4.588121408495848,3.6921310434046677
22.319766634254755,21.544037557546186,5.84263757830296,0.6995754769196498,10.298566602602437,4.001116906335868,3.6940444770011966
22.336435616057784,21.570222621788083,5.843292766443254,0.6977162091119463,9.984662457638294,4.628386810318245,3.695957092957967
22.353104597860813,21.59641813222776,5.843948183671734,0.6663197658531463,9.342039530613889,5.321492534475463,3.6978688917552582
22.36977357966384,21.622623862194228,5.844603830106027,0.7532073131345061,9.888633457591382,5.692111475281775,3.6997798738731413
22.38644256146687,21.648839566154148,5.845259705868251,0.9040580199267796,10.015461569992933,5.7605464753402424,3.701690039791484
22.403111543269898,21.675064979711816,5.845915811085017,0.8559486462427799,10.043891092591585,5.50628852239704,3.7035993899899413
22.419780525072927,21.701299819609194,5.846572145887424,0.3691672480294982,10.241029326940701,6.079844246235587,3.705507924947965
22.436449506875952,21.727543783725867,5.84722871041107,0.15547160566325002,10.056493284088145,6.189753657088372,3.7074156451448004
22.45311848867898,21.75379655107909,5.8478855047960385,0.8532287741540997,10.24081185685313,5.899867528186029,3.7093225510594827
22.46978747048201,21.780057869127585,5.848542529174158,0.3930979798034567,9.848603457733597,5.728243748814577,3.711228643170846
22.486456452285037,21.806328680721798,5.84919978348802,0.621629534985248,9.880078288111273,5.03425296856941,3.7131339219575534
22.503125434088066,21.832609508973206,5.849857267708517,0.4326688743053666,9.856797460239985,5.27567705935019,3.715038387898029
22.519794415891095,21.858900560300157,5.850514981850351,0.30640422441016624,9.640891819820695,4.752112586603855,3.7169420414704755
22.536463397694124,21.885202023391646,5.851172925932421,0.7752016582108114,10.110625301699127,4.645892999687252,3.7188448831528933
22.55313237949715,21.911514069207325,5.851831099977827,0.8188489134880992,10.011720895131877,4.43579577697507,3.7207469134230813
22.56980136130018,21.937836850977476,5.852489504013863,0.5518245383332602,10.409612345746588,4.189437695249566,3.7226481327586316
22.58647034310321,21.96417050420305,5.853148138072024,0.14902686527326703,10.027982147178193,3.9433974514617103,3.724548541636937
22.603139324906234,21.99051514665562,5.853807002188002,0.5580951074273062,9.829987874053229,4.230465811195319,3.726448140535184
22.619808306709263,22.016870878377436,5.854466096401689,0.7458134396650793,10.414433497409854,4.677779338697121,3.7283469299303573
22.636477288512292,22.043237781681366,5.8551254207571715,0.371778934447035,9.967801248265372,4.436487364757462,3.7302449102992377
22.65314627031532,22.06961592115094,5.855784975302736,0.7043418098648231,10.497790457544214,5.066321289643403,3.7321420821184033
22.669815252118347,22.096005343640336,5.85644476009087,0.6647164018506867,9.954204537101418,5.268572882819108,3.734038445864228
22.686484233921377,22.122406078274366,5.857104775178255,0.783745185430289,10.354048491970131,5.20225885220243,3.735934002012883
22.703153215724402,22.148818136448497,5.85776502062577,0.6919114410455139,10.175845126889419,5.924483489505353,3.737828751040336
22.71982219752743,22.175241511828844,5.858425496498496,0.473490029046151,10.077508334985257,5.567357890364618,3.7397226934223524
22.73649117933046,22.201676180352177,5.8590862028657105,0.9075265354016534,8.994733889777727,6.227068244886934,3.7416158296344926
22.75316016113349,22.228122100225892,5.859747139800889,0.6366147062755214,9.99800564143079,5.928819192886,3.743508160152114
22.76982914293652,22.254579211928046,5.860408307381704,0.6629680667363154,10.608193288655903,5.7400060136223,3.7453996854503737
22.786498124739545,22.28104743820734,5.861069705690027,0.48188370450564033,10.093791095965418,5.351687113156829,3.7472904060042205
22.803167106542574,22.307526684083122,5.861731334811928,0.5799891356679183,10.162422601024733,5.404297686226842,3.749180322288404
22.8198360883456,22.334016836845382,5.862393194837676,0.49179330057012116,9.258587431340038,5.140217177865494,3.751069434777467
22.83650507014863,22.360517766054766,5.863055285861735,0.6342728567228217,9.904829722959017,4.574710907653806,3.752957743945754
22.853174051951658,22.387029323542563,5.863717607982772,1.0113119579100935,10.194101387989198,4.642450291359136,3.7548452502674015
22.869843033754687,22.41355134341071,5.864380161303645,0.39469819429098146,10.065621783013865,4.250745884714316,3.7567319542163444
22.886512015557717,22.440083642031777,5.8650429459314175,0.3464742720984438,10.450074029463599,4.50158765148225,3.7586178562663153
22.903180997360742,22.466626018049,5.865705961977348,0.9635287137493727,9.923883863528097,4.617592091068972,3.760502956890841
22.91984997916377,22.49317825237625,5.866369209556891,0.6275379771568701,10.032534221483013,3.83336505834642,3.762387256563249
22.936518960966797,22.519740108198047,5.867032688789701,0.5356961969310065,9.991271720268157,4.7690540717640575,3.764270755756658
22.953187942769826,22.54631133096957,5.867696399799633,0.877599681936532,9.795231569817103,4.343628899412259,3.7661534549439883
22.969856924572856,22.572891648416626,5.868360342714736,0.548603604002284,9.119452378705695,4.277012049668697,3.7680353545979557
22.986525906375885,22.599480770535678,5.86902451766726,1.0350365898288363,10.162665905859209,5.026319297717714,3.7699164551910713
23.003194888178914,22.62607840219148,5.869688924792303,0.805527724213992,9.999025456368493,4.914212319328562,3.771796757195644
23.01986386998194,22.65268515591444,5.870353564113021,0.5724681387800349,9.668790486933682,5.268069033874693,3.773676261083817
23.03653285178497,22.679301657964547,5.871018435601291,1.1016199011411185,9.670214270784712,5.387099294065526,3.7755549673275066
23.053201833587995,22.70592809319005,5.871683539269053,0.5491230795614614,10.215194921315863,5.429376358745737,3.777432876398407
23.069870815391024,22.732564630942864,5.872348875132516,0.8187929118128403,9.860391684464691,5.991578879461148,3.779309988768011
23.086539797194053,22.75921142507857,5.873014443212168,0.7303400942953411,10.038754026961042,5.712648806161217,3.7811863049076124
23.103208778997082,22.785868613956417,5.873680243532767,0.9309375444305625,10.900430671431417,5.31351502487186,3.7830618252883044
23.11987776080011,22.81253632043932,5.874346276123351,0.9829992017461178,9.566258304719847,5.782901972896848,3.7849365503809818
23.136546742603137,22.839214651893876,5.875012541017233,0.6772054355565238,9.70080559337949,5.0685125271446,3.786810480656339
23.153215724406166,22.86590370019033,5.875679038251997,0.520228642488936,9.878143980665499,4.854691150693487,3.7886836165848723
23.169884706209192,22.8926035417026,5.876345767869508,0.7630142234124841,10.140515569285755,5.309284721823383,3.790555958636875
23.18655368801222,22.919314237308296,5.8770127299159,0.5355842665719268,9.148338602804099,4.348183094414663,3.792427507282445
23.20322266981525,22.946035832388663,5.877679924441587,1.0739123031360778,10.32697907814235,3.7964142663358063,3.794298262991477
23.21989165161828,22.97276835682864,5.878347351501256,0.698649400345949,10.013846136194259,4.512272976520829,3.7961682262336693
23.23656063342131,22.999511825016814,5.879015011153869,0.598385471735403,9.919822203333183,4.134373630795901,3.7980373974785167
23.253229615224335,23.02626623584546,5.879682903462663,0.7084932583885424,9.935363600771673,4.136185400437473,3.7999057771953195
23.269898597027364,23.053031572710502,5.880351028495152,0.4022393218562139,9.740330029343589,4.16126714547339,3.801773365853172
23.28656757883039,23.079807803511542,5.881019386323124,0.4774491219150222,10.153146854241093,4.452139018325642,3.803640163920975
23.30323656063342,23.10659488065186,5.88168797702264,0.9119620283490001,9.546101042508585,4.344291379299707,3.805506171867426
23.319905542436448,23.13339274103839,5.88235680067404,0.5406076753763243,10.100397182778275,5.242503231937496,3.8073713901610233
23.336574524239477,23.16020130608173,5.883025857361935,0.46271158629179876,9.906097143560197,4.605976463206038,3.809235819270068
23.353243506042507,23.18702048169617,5.883695147175216,0.779531552217897,9.571078146287526,5.4267022541811345,3.8110994596626586
23.369912487845532,23.21385015829965,5.884364670207044,0.9094490187355436,10.433765911873364,5.701557990138635,3.8129623118066944
23.386581469648558,23.240690210813767,5.88503442655486,0.8162060032123007,10.109079318427568,5.446877542912712,3.8148243761698772
23.403250451451587,23.267540498663823,5.885704416320376,0.8717319986822266,10.207047471351157,5.4674344299069375,3.8166856532197073
23.419919433254616,23.294400865778755,5.886374639609581,0.5212705313939799,10.083876524055873,6.1036490115949595,3.818546143423486
23.436588415057646,23.32127114059118,5.88704509653274,0.38837447047095136,9.235368550301304,5.446996542553159,3.8204058472483142
23.453257396860675,23.348151136037384,5.887715787204391,0.9731103560261174,10.27016486809604,5.435140691333081,3.8222647651610955
23.469926378663704,23.375040649557327,5.888386711743348,0.6084146467661635,8.97943987330924,5.695791070676634,3.8241228976285297
23.48659536046673,23.401939463094624,5.889057870272704,0.6228909672066476,9.61452766340013,5.2104155902792755,3.825980245117122
23.503264342269755,23.428847343096564,5.8897292629198175,0.9388033218736627,9.882845477093337,4.4116628340856,3.8278368080931733
23.519933324072785,23.455764040514115,5.890400889816333,0.784517385412942,10.227543374741714,5.2305531766766,3.829692587022789
23.536602305875814,23.482689290801897,5.8910727510981635,0.7645557949804995,9.97668010629601,4.331805767919097,3.8315475823718725
23.553271287678843,23.509623035140198,5.891744846878592,1.106485533557822,9.87048430518158,4.204212268173131,3.833401794606141
23.569940269481872,23.53656599654277,5.8924171771401275,0.54488820947672,9.92798782514135,4.302093236582324,3.8352552241911453
23.5866092512849,23.563518435380992,5.8930897418791375,0.8592666390855179,9.812065915480863,4.389047759699241,3.837107871592185
23.603278233087927,23.59048053768408,5.893762541101964,0.6852079632862573,9.183242550668002,4.844204628127662,3.8389597372743616
23.619947214890953,23.617452474034316,5.894435574819596,0.7276304858177849,10.063793298467107,3.8850618889691564,3.8408108217025783
23.636616196693982,23.64443439956707,5.895108843047667,0.9797123739463383,10.193679138998096,4.81848182874189,3.842661125341545
23.65328517849701,23.671426453970756,5.895782345806459,0.7756924654005484,10.596255369252127,5.02324773629863,3.8445106486557723
23.66995416030004,23.698428761486873,5.896456083120901,0.7818911222711291,9.827418674787816,5.008393041321969,3.846359392109579
23.68662314210307,23.72544143090999,5.8971300550205665,0.8888399330612303,10.268503281491437,5.530071406739827,3.848207356167085
23.7032921239061,23.752464555587732,5.89780426153968,0.6014544456279554,9.868739116529248,5.789742428239451,3.8500545412922142
23.719961105709125,23.779498213420812,5.89847870271711,0.5067095507849023,10.377401810609252,5.26055905451235,3.8519009479486974
23.73663008751215,23.806542466862993,5.89915337859637,0.46569610492329616,10.350570944622245,6.299659118983218,3.8537465766000656
23.75329906931518,23.833597362921136,5.899828289225626,0.2814930520654561,9.942877415345693,5.330824983457954,3.855591427709657
23.76996805111821,23.860662933155144,5.900503434657685,1.086112188859961,9.745966184638219,5.403403523679243,3.8574355017406132
23.786637032921238,23.887739193677998,5.901178814950003,0.45433544935662534,10.091724159028903,5.538159039287769,3.8592787991558795
23.803306014724267,23.914826145155757,5.9018544301646845,0.6308327240904432,10.161132994204157,6.006491358133059,3.861121320418204
23.819974996527296,23.941923772807538,5.902530280368478,0.6198270817937706,9.621515391923383,5.106840096667159,3.862963065990141
23.836643978330322,23.969032046405534,5.903206365632782,0.7367773409344112,9.7452684151072,4.94052887887688,3.864804036334049
23.853312960133348,23.996150920275003,5.903882686033637,0.83854967009833,9.76376593182935,5.135409607238949,3.866644231912087
23.869981941936377,24.023280333294288,5.904559241651736,0.847603118076913,10.186077379909309,4.400175212801386,3.868483653186223
23.886650923739406,24.05042020889478,5.905236032572415,0.5589990920820601,10.34589382635209,3.971133879533205,3.8703223006182266
23.903319905542435,24.077570455060954,5.905913058885658,0.642296362985623,9.433192115686893,4.100013401644607,3.8721601746696717
23.919988887345465,24.10473096433035,5.906590320686095,0.7323427883235858,9.756783291860765,4.612805662801463,3.873997275801935
23.936657869148494,24.13190161379358,5.907267818073006,0.626194631987996,10.5360015835837,4.277389483960768,3.8758336044762007
23.95332685095152,24.159082265094316,5.907945551150313,0.9975079979230448,9.689082032177138,4.962724578618725,3.8776691611534533
23.969995832754545,24.18627276442931,5.9086235200265875,0.7743398650164073,10.092943862667392,4.792665985160609,3.8795039462944834
23.986664814557574,24.21347294254839,5.909301724815048,0.823226390323616,9.635090997020981,4.607578357769746,3.881337960359885
24.003333796360604,24.240682614754437,5.909980165633561,0.808933011707037,10.09470137684055,5.065562275469856,3.8831712038100585
24.020002778163633,24.267901580903413,5.910658842604635,0.9111574207453554,9.50754486059747,5.038573158097693,3.8850036771052046
24.036671759966662,24.29512962540434,5.911337755855429,0.7127728186584361,10.100641241550289,5.309468459642732,3.886835380705331
24.05334074176969,24.32236651721932,5.912016905517751,0.4173079413704387,9.960033998682764,7.019247469864541,3.888666315070247
24.070009723572714,24.349612009863517,5.912696291728052,0.7567177117104054,9.993582487544874,6.080490333803916,3.890496480659569
24.086678705375743,24.376865841405177,5.913375914627428,0.5466144993339898,9.639675905619253,6.056739359930747,3.8923258779327146
24.103347687178772,24.404127734465597,5.914055774361629,0.5712682647889517,8.784551786377753,5.556787386006571,3.894154507348908
24.1200166689818,24.43139780830423,5.914735871001678,0.7943700942304046,9.841803576331774,6.087125559305256,3.8959823693672044
24.13668565078483,24.45867670899413,5.915416204487669,0.924859560380404,9.97586462335258,5.758244380153151,3.897809464446469
24.15335463258786,24.485964687001218,5.916096774816484,0.6815628833088672,9.40444799611454,5.76312718594531,3.8996357930453316
24.17002361439089,24.513261969557988,5.91677758199069,0.739180758582998,9.741014556523902,5.499346439934229,3.901461355622226
24.18669259619391,24.540568765340698,5.9174586260177335,1.017962699305268,10.155882281390925,4.261410056514348,3.9032861526353964
24.20336157799694,24.567885264469403,5.918139906909944,0.7257758667843118,9.977042238635676,4.156780857096847,3.9051101845428926
24.22003055979997,24.595211638507923,5.918821424684524,1.198067340404323,9.819160238270012,4.02315450148057,3.9069334518025736
24.236699541603,24.622548040463847,5.919503179363567,0.7909380995293771,10.199502344598354,3.941828140768199,3.908755954872106
24.253368523406028,24.64989460478856,5.9201851709740385,0.3257890375398259,9.721449595751732,4.298647822209114,3.9105776942089645
24.270037505209057,24.677251447377213,5.920867399547788,0.8287152986728378,9.68962646568241,4.086346159966285,3.9123986702704316
24.286706487012086,24.70461866556873,5.921549865121546,0.75438400260238,10.16658802595251,5.005751899842978,3.9142188835135965
24.30337546881511,24.73199633814582,5.922232567736921,0.9362081936891551,9.890265741646665,5.143279139699677,3.916038334395357
24.320044450618138,24.759384525334976,5.922915507440402,0.8129991964262113,9.9153779030171,4.799758922641408,3.91785702337242
24.336713432421167,24.786783268806456,5.923598684283361,0.6507769787078602,10.151121741667794,5.637534080251202,3.9196749509012982
24.353382414224196,24.814192591674292,5.924282098322049,0.43371374359187553,9.160284861652379,5.741628052591257,3.921492117438314
24.370051396027225,24.84161249849631,5.924965749617598,0.6368739207303786,10.002164206915943,5.375324158479209,3.9233085234395957
24.386720377830255,24.8690429752741,5.925649638236017,0.5086796286562293,10.498479800868024,5.073131381314993,3.925124169361081
24.403389359633284,24.896483989453024,5.9263337642482,0.5627841428002969,9.716763656882241,5.709685688594073,3.926939055658514
24.420058341436306,24.923935489922233,5.927018127729921,0.7967095928411443,9.960515678057728,5.604979019541704,3.9287531827874487
24.436727323239335,24.951397407014667,5.92770272876183,1.0130798579357023,9.359868703534865,5.8054356741419975,3.9305665512032446
24.453396305042364,24.978869652507015,5.92838756742946,0.7581382740310292,9.723406028983302,5.642573354097461,3.9323791613610712
24.470065286845394,25.006352119619756,5.929072643823227,0.44013233253302264,9.995442423987349,5.446735166372442,3.934191013715904
24.486734268648423,25.033844683017154,5.929757958038424,0.7683344213103377,10.180793839020568,5.355069783780893,3.936002108722528
24.503403250451452,25.061347198807237,5.930443510175226,0.9188450935543276,9.985232659441303,4.584958799347723,3.9378124468355336
24.52007223225448,25.088859504541816,5.931129300338688,0.5576670897328684,10.62473408539846,4.827895967704009,3.939622028509323
24.536741214057503,25.116381419216474,5.931815328638742,0.6529250774263957,9.827189558002651,4.357310294978216,3.941430854198102
24.553410195860533,25.14391274327059,5.932501595190209,0.682770955643775,10.299681245534826,4.383911973510905,3.943238924355887
24.570079177663562,25.1714532585873,5.933188100112781,0.5229584257712062,9.691883031259927,4.5120603592417226,3.9450462394365013
24.58674815946659,25.199002728493525,5.9338748435310364,0.8096989125789548,9.948892904454572,3.834336789411987,3.946852799893576
24.60341714126962,25.226560897759956,5.934561825574432,0.655957899224019,9.935811674510306,4.1722568769957835,3.94865860618055
24.62008612307265,25.25412749260108,5.935249046377304,0.7641586865552978,9.911105203162919,4.348857773380145,3.950463658750671
24.63675510487567,25.28170222067513,5.93593650607887,0.5028583967147803,9.992656630194254,4.418184477523558,3.9522679580569924
24.6534240866787,25.30928477108415,5.9366242048232305,0.592969772364891,9.152285467982878,5.07232276294044,3.954071504552377
24.67009306848173,25.336874814373946,5.937312142759361,0.8250422697826453,9.68135058691939,4.835516500241224,3.955874298689497
24.68676205028476,25.364472109352537,5.938000320019358,0.6061038991994869,9.874301528860707,5.129216390604815,3.9576763409208335
24.70343103208779,25.392077480180017,5.93868873651211,1.0261677968585954,9.51649047438855,5.298097754838302,3.9594776316987206
24.720100013890818,25.41969142156389,5.939377392200701,0.6009522520564924,10.14163914665904,6.003885883052994,3.9612781714752554
24.736768995693847,25.447314216994148,5.94006628709,0.7259208624508192,10.183694873882072,5.627515603228905,3.9630779607023356
24.75343797749687,25.47494612723716,5.940755421189513,0.8676064773297327,9.85763988788243,5.936334363607715,3.964876999831669
24.7701069592999,25.502587390335716,5.941444794513393,0.3975195235369441,9.25411800546087,6.335937456613823,3.9666752893147756
24.786775941102928,25.530238221608958,5.942134407080431,0.3291352323897197,10.060711009052776,5.592913401451504,3.9684728296029874
24.803444922905957,25.55789881365242,5.942824258914061,0.376270022008202,10.60038240063916,5.7608579158984465,3.9702696211474473
24.820113904708986,25.58556933633803,5.943514350042358,0.934022361198164,9.869966858163286,5.698693998023887,3.97206566439911
24.836782886512015,25.6132499368141,5.944204680498043,0.5712381323590507,9.871976483117885,5.256176078609356,3.973860959808741
24.853451868315044,25.64094073950532,5.944895250318472,1.193353805110462,9.905159972824167,4.698798756237166,3.975655507826918
24.870120850118067,25.668641846112777,5.94558605954565,0.5689685800792224,9.89790899200717,4.6812902946966,3.97744930890403
24.886789831921096,25.696353335613946,5.94627710822622,0.7188324776587789,9.75422201071142,3.937330718052783,3.9792423634902776
24.903458813724125,25.724075264262677,5.946968396411468,0.990448290096573,9.784221535602097,3.9906521206152634,3.9810346720356735
24.920127795527154,25.75180766558921,5.947659924157321,1.0833489251135824,9.913652385322445,4.020299383478071,3.9828262349900414
24.936796777330184,25.779550550400177,5.9483516915243495,1.094535076023116,10.966052894442242,4.929086952305051,3.9846170528030145
24.953465759133213,25.80730390677859,5.949043698577764,0.9240115853240541,9.541773814087673,4.14108886420949,3.9864071259240417
24.970134740936242,25.835067700083844,5.9497359453874195,0.8872547881530164,9.750702096726027,4.324812463212635,3.988196454802381
24.986803722739264,25.86284187295172,5.950428432027811,0.8010515818721731,9.29403990733095,4.489874283803922,3.9899850398870993
25.003472704542293,25.890626345294404,5.951121158578077,0.8383222815426022,9.993201099292957,5.220273289603989,3.991772881627081
25.020141686345323,25.918421014300446,5.951814125121995,0.5725167625372506,9.491731821141933,5.339271548901535,3.9935599804710176
25.03681066814835,25.946225754434792,5.952507331747988,0.5192179338087473,9.524908369870264,5.837638167010628,3.995346336867413
25.05347964995138,25.97404041743877,5.953200778549118,0.6822865888780705,10.02938204848117,5.878019919391705,3.9971319512645835
25.07014863175441,26.001864832330096,5.953894465623092,0.6490282908793663,10.510424222831785,5.361303925255873,3.9989168241106556
25.08681761355744,26.029698805402873,5.954588393072255,0.5925233056802716,9.86351863977771,5.556091894692044,4.000700955853568
25.10348659536046,26.05754212022758,5.955282561003598,0.8225500703159794,9.87763951689697,6.152565924218004,4.002484346941072
25.12015557716349,26.085394537651112,5.955976969528752,0.8744372529154414,9.846464553038063,5.55392304495249,4.004266997820729
25.13682455896652,26.113255795796714,5.956671618763989,0.7011611839144699,10.321812368416936,5.782926775027784,4.006048908939912
25.15349354076955,26.141125610064037,5.957366508830226,0.9790893833802432,9.403214023346841,5.1517067495652835,4.007830080745805
25.17016252257258,26.169003673129115,5.958061639853018,0.45534906989418766,9.752845012912472,4.65702494883226,4.009610513685404
25.186831504375608,26.196889654944364,5.958757011962566,0.6450584914355352,9.539354083889814,4.612212409929985,4.01139020820552
25.203500486178637,26.22478320273859,5.959452625293708,0.5405293747406914,9.555302099718507,4.197706243963198,4.013169164752769
25.22016946798166,26.252683941016976,5.960148479985929,0.31068993599589567,9.633552481697633,4.153505965007795,4.014947383773583
25.23683844978469,26.280591471561113,5.960844576183353,0.6675645077510095,10.223125150428556,4.2847710330333335,4.016724865714204
25.253507431587717,26.308505781531643,5.961540913976622,0.659854493692032,9.831392748316457,4.355229289775309,4.0185016110207
25.270176413390747,26.336428189695894,5.962237493250012,0.98699725938667,10.077072231394686,3.7801048287902654,4.020277620138971
25.286845395193776,26.36435909292118,5.962934313999116,0.8105729279194949,9.779316484308708,4.380100459713415,4.022052893514694
25.303514376996805,26.39229875928715,5.96363137623796,0.479676471294066,9.955106182554555,4.397661412746805,4.023827431593352
25.32018335879983,26.420247433736495,5.964328679984784,1.0554355594395224,9.41420451037268,4.609202948996305,4.025601234820247
25.336852340602857,26.448205338075002,5.965026225262041,0.9289269601322879,9.706554517032744,5.092831860045617,4.027374303640494
25.353521322405886,26.476172670971483,5.965724012096398,0.8012429013975795,9.840965909747325,5.131997964108361,4.029146638499025
25.370190304208915,26.504149607957824,5.966422040518734,0.6396296454129936,9.792238222605189,5.9267884618135165,4.030918239840584
25.386859286011944,26.532136301428967,5.967120310564142,0.4931416871001971,9.865769494461858,6.033432826955464,4.032689108109731
25.403528267814973,26.56013288064291,5.967818822271928,0.6106912132558168,9.681023140776787,6.130140819095442,4.034459243750843
25.420197249618003,26.588139451720725,5.9685175756856115,0.9029852911795784,9.687149462775585,5.649756038310362,4.03622864720811
25.43686623142103,26.616156097646517,5.969216570852927,1.062255791918341,11.311792272636644,5.453958456790766,4.0379973189255365
25.453535213224054,26.644182878267483,5.969915807825818,0.9940901645828916,9.893088843796372,5.639074619498079,4.039765259346944
25.470204195027083,26.67221983029386,5.970615286660445,0.5877744674529882,9.891700408727257,5.380953912468082,4.041532468915969
25.486873176830112,26.700266967298937,5.971315007417181,0.46172372269939,9.630956555097185,5.013287196587256,4.04329894807606
25.50354215863314,26.728324279719082,5.972014970160612,0.713927280931954,9.666778203294696,4.593904850168048,4.045064697270485
25.52021114043617,26.75639173485371,5.972715174959536,0.33216494525565454,9.658879380332728,4.690086970745035,4.046829716942322
25.5368801222392,26.7844692768653,5.973415621886966,0.7505891126301087,9.773792586627415,4.366363953109784,4.048594007534469
25.553549104042226,26.812556826779378,5.974116311020129,0.6565377685451943,8.985866290721027,4.529303918152438,4.050357569489634
25.57021808584525,26.840654282484557,5.974817242440462,0.5929536660103423,9.062307100410667,4.423853980269893,4.052120403250345
25.58688706764828,26.868761518732484,5.975518416233618,0.36732299805742674,9.631404559878597,4.532034137061076,4.053882509258941
25.60355604945131,26.896878387137875,5.9762198324894635,0.7890862424797095,9.817035024270002,3.879633035576751,4.055643887957579
25.62022503125434,26.925004716178503,5.976921491302076,0.5799286273970082,9.669285255195232,4.506075465996829,4.0574045397882275
25.63689401305737,26.953140311195202,5.977623392769749,0.4525879668400674,10.286732646998988,4.355997391145326,4.059164465192675
25.653562994860398,26.981284954391867,5.978325536994987,0.11222139444811219,9.088288950957397,4.438280091757613,4.060923664612519
25.670231976663423,27.009438404835446,5.979027924084508,0.6812733236666941,9.605199327085952,4.925142476108829,4.062682138489176
25.68690095846645,27.037600398455957,5.9797305541492465,1.0413290560136979,10.462082827783666,5.618393188426833,4.064439887263879
25.703569940269478,27.06577064804647,5.9804334273043445,1.019232976003292,9.723686862173402,5.400987756614596,4.066196911377672
25.720238922072507,27.093948843263114,5.981136543669163,0.5956642425819737,10.044386773013958,6.147022390860442,4.067953211271415
25.736907903875537,27.122134650625078,5.9818399033672724,0.5667434070044295,10.552116304545223,5.940426746397264,4.069708787385784
25.753576885678566,27.15032771351461,5.982543506526458,0.7810429598219089,9.601682353309782,5.679955216470504,4.07146364016127
25.770245867481595,27.178527652177024,5.98324735327872,0.48771327463244546,9.642311561443712,6.090462877708095,4.0732177700381795
25.78691484928462,27.206734120993637,5.983951443754795,0.7478509606108044,9.641961261208168,5.747637326599689,4.074971177456632
25.803583831087646,27.234948155059552,5.984655777938033,0.8408108187947984,8.922876685833744,5.145699473999365,4.076723862856602
25.820252812890676,27.263170468382896,5.985360355800986,0.9330835546403531,9.555893855218327,5.752897898109018,4.078475826677849
25.836921794693705,27.291401294035293,5.986065177357973,0.6677682055683615,9.800857019463173,5.023772178601938,4.080227069359932
25.853590776496734,27.31964084524908,5.986770242627397,0.6471663460656032,9.950940101170588,4.707533164006434,4.081977591342232
25.870259758299763,27.347889315417305,5.987475551631743,0.5124066182026726,9.786972495264466,4.230388983106118,4.083727393063948
25.886928740102793,27.376146878093735,5.988181104397578,0.5227290683959136,9.529452822369862,4.6762898164964595,4.085476474964095
25.903597721905818,27.404413686992832,5.9888869009555465,0.6429113286509678,9.400805477557329,4.379334227648043,4.087224837481508
25.920266703708844,27.43268987598978,5.989592941340383,0.7617821403799643,9.842146478530045,4.390612690329821,4.0889724810548405
25.936935685511873,27.46097555912048,5.990299225590896,0.8711278603874903,9.421319991592648,4.105422339120068,4.090719406122563
25.953604667314902,27.48927083058152,5.991005753749978,0.5278770052481346,9.718830455808751,4.636435724886399,4.092465613122966
25.97027364911793,27.517575764730225,5.991712525864607,0.9871523335193244,9.729246067822727,4.848372475014494,4.0942111024941585
25.98694263092096,27.54589041608461,5.992419541985838,0.6344916879425844,10.271808166414548,4.604447995679568,4.0959558746740665
26.003611612723986,27.574214819323405,5.99312680216881,0.6845447017661664,9.791379610019183,4.62932273725292,4.097699930100433
26.020280594527016,27.602548989286063,5.993834306472745,0.5394775413327444,9.011414552311477,5.472841553822729,4.099443269210824
26.03694957633004,27.63089292097274,5.9945420549609425,0.20417350565650516,9.449453627666779,5.041214986591163,4.10118589244262
26.05361855813307,27.6592465895443,5.9952500477007895,0.865932281535053,9.880882728460595,5.723361939014405,4.1029278002330205
26.0702875399361,27.687609950322315,5.99595828476375,0.8365935902166872,9.624877664310636,5.641759930191751,4.104668993019044
26.08695652173913,27.71598293878907,5.996666766225372,0.6330608718741731,9.587972532596472,6.163734578589109,4.106409471237528
26.10362550354216,27.744365470587574,5.997375492165285,0.70282606318732,10.15447664579003,5.624334858011832,4.108149235325127
26.120294485345184,27.772757441521517,5.998084462667203,0.7927172636532733,9.677352199519062,5.9457523731187445,4.1098882857183145
26.136963467148213,27.801158727555336,5.998793677818914,0.37712171301150116,9.663071015253278,5.270613001302009,4.111626622853383
26.15363244895124,27.82956918481415,5.999503137712296,0.5839217770828325,9.964608940537369,5.494577222335208,4.113364247166443
26.170301430754268,27.857988649583806,6.000212842443306,0.8486866405073487,9.587120672642689,5.563334383524119,4.1151011590934194
26.186970412557297,27.886416938310845,6.0009227921119805,0.4390771758283258,10.419200650930405,4.380832336869814,4.116837359070064
26.203639394360327,27.91485384760253,6.001632986822442,0.7487479666036928,9.496690016455885,4.574123887232549,4.118572847531939
26.220308376163356,27.943299154226835,6.002343426682891,0.41882130276358076,9.888810040278988,5.14669210630397,4.120307624914429
26.23697735796638,27.971752615112436,6.0030541118056115,0.7835249074832771,10.224744893063122,4.243958273143194,4.122041691652736
26.25364633976941,28.00021396734874,6.003765042306969,0.6832118256165189,9.439311209903641,4.22042536611863,4.12377504818188
26.270315321572436,28.028682928185837,6.0044762183074125,0.3674149337262169,9.452388884967112,4.494492032884849,4.125507694936701
26.286984303375466,28.057159195034547,6.00518763993147,0.923490306362648,9.819044118983868,4.398977859727456,4.127239632351854
26.303653285178495,28.085642445466387,6.005899307307752,0.5437252223888296,10.0738385458841,4.0632522163765445,4.128970860861815
26.320322266981524,28.114132374568516,6.006611220566016,0.5286941163168662,9.545621657504372,5.145444940558735,4.130701380900882
26.336991248784553,28.14262972131951,6.007323379733986,0.7309594728120645,9.514494474859392,4.454231845507028,4.132431192903201
26.35366023058758,28.171135073233405,6.00803578479627,0.9206740965533426,10.089783937919275,5.174039854983775,4.134160297302717
26.370329212390608,28.19964864911424,6.008748435760649,0.48788321981000116,9.813921384202025,5.875982214059716,4.135888694533171
26.386998194193634,28.22817064991236,6.009461332639277,0.703484474130487,9.149594898392856,5.571165173575553,4.13761638502813
26.403667175996663,28.256701258724437,6.010174475448687,0.7770126883801316,9.105080513195293,5.567994192704118,4.139343369220978
26.420336157799692,28.285240640793475,6.0108878642097805,0.8299713574984696,9.633434918337993,6.06186623410675,4.141069647544926
26.43700513960272,28.313788943508815,6.011601498947844,0.7267393583926043,9.914745509187874,5.486592700032032,4.142795220433003
26.45367412140575,28.342346296406124,6.012315379692529,0.6181462543521092,9.546436870677258,5.246454484801782,4.144520088318062
26.470343103208776,28.370912811167393,6.013029506477869,0.5261345163917488,9.86271400619493,5.506638251285153,4.146244251632776
26.487012085011806,28.399488581620965,6.013743879342271,0.7089820389854068,9.298361451981863,5.139025596453764,4.147967710809641
26.50368106681483,28.428073683741488,6.014458498328515,0.4774261253163922,9.300986035027938,4.571433416533354,4.149690466280974
26.52035004861786,28.456668175649952,6.015173363483758,0.10768445981554586,9.37647632577849,4.891684639924018,4.151412518478914
26.53701903042089,28.485272097613677,6.015888474859532,0.7793671095913631,9.596726191163322,4.625324230173123,4.153133867835422
26.55368801222392,28.51388547204631,6.016603832511743,0.8729426726476824,9.474872357004394,4.213760438292336,4.154854514782278
26.570356994026948,28.542508303507834,6.017319436500674,0.2196697363987915,9.100442038035192,4.1364126400034325,4.156574459751088
26.587025975829974,28.571140578704544,6.018035286890982,0.49041056502884683,9.329101308061778,4.343054964426171,4.158293703173277
26.603694957633003,28.599782266489093,6.0187513837517,0.8162880040033726,9.319289751748824,4.615311946373096,4.160012245480095
26.62036393943603,28.62843331786046,6.019467727156233,1.1040566549248663,9.727447479706354,4.302264151871651,4.161730087102607
26.637032921239058,28.657093665963924,6.020184317182366,0.6968166750273744,10.066121957072477,4.772418503880572,4.163447228471707
26.653701903042087,28.685763226091126,6.020901153912254,0.5471576810666905,10.061222060145386,4.975996201989815,4.165163670018106
26.670370884845116,28.71444189568002,6.021618237432433,0.6562792802031241,9.453934138644264,5.3196051060034275,4.166879412172339
26.687039866648142,28.7431295543149,6.0223355678338075,0.9679341146375533,8.987435771408402,5.311517596428936,4.168594455364762
26.70370884845117,28.771826063726394,6.023053145211662,0.5638662206199891,9.646321143876376,5.240591861577626,4.170308800025552
26.7203778302542,28.800531267791445,6.023770969665656,0.5333208439858941,9.809360672613607,5.539748336146386,4.17202244658471
26.737046812057226,28.829244992533337,6.02448904129982,0.5967106929655758,9.722344492310182,5.879128267792938,4.173735395472057
26.753715793860255,28.857967046121676,6.025207360222564,0.5026937910321934,9.275618059333596,6.3435778153287306,4.175447647117234
26.770384775663285,28.886697218872413,6.025925926546671,0.7179936543416988,9.1184036930864,5.596459794797015,4.177159201949707
26.787053757466314,28.91543528324781,6.0266447403893,1.018495324453247,9.544056334477233,5.8541096858504,4.178870060398762
26.80372273926934,28.94418099385647,6.027363801871985,0.7582754921378756,9.738810692660403,5.325275017059856,4.180580222893507
26.82039172107237,28.972934087453332,6.028083111120633,0.643288904964442,9.861855318671136,5.226365730197405,4.182289689862873
26.837060702875398,29.00169428293966,6.028802668265529,0.6354972825822774,9.561646549969613,5.398457848236592,4.1839984617356105
26.853729684678424,29.030461281363042,6.029522473441332,0.3813212686833678,9.704443978695753,4.9292392799679705,4.185706538940292
26.870398666481453,29.059234777092538,6.030242526785853,0.8706812429720469,9.551064933323083,4.1130533360233255,4.187413921905314
26.887067648284482,29.08801522062454,6.030962828337851,0.6785916683035562,9.804752219421237,4.149574514582044,4.189120611058933
26.90373663008751,29.11680319072609,6.031683378068696,0.6581629081760697,9.661085702516665,4.600509853206928,4.190826606829203
26.920405611890537,29.14559894716688,6.032404175977038,1.3329801506568186,9.53824044135438,4.244549419314102,4.192531909643978
26.937074593693566,29.174402729787563,6.033125222066307,0.7542089279412139,9.392458915834883,3.9138132213978736,4.194236519930937
26.953743575496595,29.203214758499655,6.033846516344702,0.5441998083968593,9.537834322150559,4.141865362695833,4.195940438117582
26.97041255729962,29.232035233285632,6.034568058825191,0.6093861342712156,9.71292155839052,4.787652276996948,4.197643664631245
26.98708153910265,29.260864334198857,6.035289849525519,0.924446393377737,9.62960294023413,5.105436777435409,4.199346199899079
27.00375052090568,29.28970222136362,6.0360118884682,0.7175108945826675,9.56957182738599,5.06186601464376,4.201048044348062
27.02041950270871,29.31854903497512,6.036734175680518,0.4073007406400759,10.18493097967248,6.042966235250469,4.202749198405002
27.037088484511735,29.34740489529948,6.037456711194534,0.8789016099197777,9.556210350208517,5.762069859556349,4.204449662496523
27.053757466314764,29.376269902673744,6.038179495047076,0.5615264554519329,9.25227872653595,5.605823424305129,4.206149437049085
27.070426448117793,29.405144137505857,6.038902527279747,1.0699142401931034,9.871461905684804,5.531728909914329,4.207848522488966
27.08709542992082,29.434027660274687,6.03962580793892,0.9113636732983228,9.312499810778068,5.505524041770121,4.20954691924227
27.103764411723848,29.462920511530008,6.040349337075741,0.6059890190264526,8.96065276216818,5.842030058605957,4.21124462773493
27.120433393526877,29.491822711892524,6.041073114746127,0.9517559712861283,9.555223457432021,5.46559112472388,4.212941648392698
27.137102375329906,29.520734262053853,6.041797141010769,0.7092230645846718,9.700209966251133,5.9252226529340515,4.214637981641156
27.153771357132932,29.549655142776505,6.042521415935126,0.8663059237839994,8.979072880147568,5.632441014570652,4.216333627905708
27.17044033893596,29.578585314893946,6.043245939589433,0.7927969412201972,9.437075349395327,5.133062303155159,4.218028587611588
27.18710932073899,29.607524719310526,6.043970712048694,0.5266781984673672,9.185307047703617,4.345605509834395,4.21972286118385
27.203778302542016,29.636473277001517,6.044695733392685,0.5673386773898997,9.403686995216866,4.283243017391836,4.221416449047376
27.220447284345045,29.665430889013116,6.0454210037059575,0.90213988442221,9.856491280202146,4.697650874889557,4.22310935162687
27.237116266148075,29.694397436462427,6.04614652307783,0.6292916941831225,9.772105162313647,4.054555389363121,4.224801569346864
27.2537852479511,29.72337278053747,6.046872291602395,0.6156160702814903,9.475134727968522,4.53867799929475,4.226493102631715
27.27045422975413,29.75235676249719,6.047598309378518,0.5054202119936307,9.202348887667139,4.401108735896113,4.2281839519056055
27.28712321155716,29.78134920367143,6.048324576509834,0.7812634685051107,9.245927267321939,4.403515909451443,4.22987411759254
27.303792193360188,29.810349905460964,6.049051093104753,1.1091475293284305,10.032454190077265,4.3663469630322815,4.231563600116353
27.320461175163214,29.839358649337473,6.049777859276452,0.4832348152739637,9.711671722996593,4.779518243150503,4.233252399900698
27.337130156966243,29.868375196843566,6.050504875142886,0.7016841046371947,9.364969230724434,5.1141002736236105,4.2349405173690595
27.353799138769272,29.897399289592748,6.0512321408267775,0.9793831020775434,9.821776283262041,5.6107807938137455,4.236627952944745
27.370468120572298,29.926430649269445,6.051959656455623,0.6811094529323078,9.447716066591056,5.249637712881809,4.238314707050884
27.387137102375327,29.955468977629025,6.052687422161688,0.7876107930947658,9.343057968277272,5.600391838394806,4.24000078011044
27.403806084178356,29.984513956497732,6.053415438082014,0.4847563933363892,9.633661546379889,5.790055568751823,4.2416861725461885
27.420475065981385,30.013565247772746,6.054143704358412,0.7829951459670292,9.34655503867098,5.996743063942831,4.2433708847807425
27.43714404778441,30.042622493422172,6.054872221137464,0.6600034635043301,9.277091492569111,5.46860177714295,4.245054917236532
27.45381302958744,30.0716856648899,6.055600988506064,0.8946768680221832,9.466554190524322,5.216803619372475,4.246738270335833
27.47048201139047,30.100755668913898,6.056330006368239,0.9351065939625937,9.245522922862705,5.624696324430039,4.2484209445007695
27.487150993193495,30.12983288946432,6.057059274713655,1.2156405891805004,9.71666564591715,4.7364849628010415,4.250102940153243
27.503819974996524,30.15891764522808,6.057788793543794,0.8137529348915742,9.703726692950754,5.327939812094778,4.251784257714985
27.520488956799554,30.188010229446682,6.058518562864886,0.7630839653635745,9.058577337539232,4.65187961771273,4.2534648976075555
27.537157938602583,30.217110909916226,6.059248582687907,0.7368999264683517,9.15531574776409,4.020115308160532,4.255144860252337
27.55382692040561,30.246219928987408,6.059978853028583,0.627488133985219,8.635860716715369,4.176452664059441,4.2568241460705485
27.570495902208638,30.2753375035655,6.060709373907384,0.7659164499041706,9.365594959519237,4.337044730171242,4.258502755483233
27.587164884011667,30.304463825110382,6.061440145349529,0.639237650099788,9.33041544498047,4.04227523329928,4.260180688911262
27.603833865814693,30.33359905963652,6.062171167384982,0.732108340529853,9.526087842288575,4.2649993500040235,4.261857946775337
27.620502847617722,30.362743347712975,6.062902440048457,0.9620338277597296,9.441548717206254,4.6104739677323066,4.26353452949599
27.63717182942075,30.391896804463403,6.06363396337941,0.497303945139592,8.780139887571492,4.5171326150984275,4.265210437493575
27.65384081122378,30.421059519566036,6.064365737422052,0.9266862701551974,8.667079679621336,4.527351942821734,4.266885671188282
27.670509793026806,30.450231557253716,6.065097762225333,0.9622316332890335,9.453669843927361,4.96820710733461,4.268560231000126
27.687178774829835,30.479412956313865,6.0658300378429555,0.6752929384536455,9.476376908461738,5.72611796531194,4.270234117348949
27.703847756632864,30.508603730088495,6.066562564333368,0.27463365020140446,9.335327105049787,6.021411546647222,4.271907330654425
27.72051673843589,30.53780386647423,6.067295341759762,0.5775381808373001,8.744738526313911,5.073627667515493,4.273579871336054
27.73718572023892,30.567013327922268,6.068028370190084,0.9585993979046195,9.594441395903285,6.104084315172037,4.275251739813166
27.75385470204195,30.596232051438403,6.06876164969702,0.6947247485333341,9.580045464484206,5.8729334870882255,4.276922936504919
27.770523683844978,30.62545994858302,6.069495180358005,0.4995357489807044,9.534030134599234,6.018072733505797,4.278593461830299
27.787192665648003,30.654696905471102,6.070228962255225,0.598539007667851,9.25209971433153,5.446177932176766,4.2802633162081225
27.803861647451033,30.683942782772213,6.070962995475608,0.8677157556968206,9.407323423054489,4.891434656397815,4.2819325000570325
27.820530629254062,30.71319741571051,6.0716972801108335,0.8090361845085916,8.825243791361055,5.366538411311154,4.283601013795501
27.837199611057088,30.742460614064754,6.072431816257324,0.6520007334781635,9.536151602586754,4.659456321883487,4.285268857841828
27.853868592860117,30.7717321621683,6.073166604016252,0.6265199153457296,9.422286872350988,4.281523032297508,4.286936032614144
27.870537574663146,30.801011818909075,6.073901643493536,0.6216307742306503,9.086747718292685,4.088320564566449,4.288602538530407
27.887206556466175,30.830299317729608,6.074636934799841,0.5155979353860568,9.256227100028541,4.5004844948710065,4.290268376008403
27.9038755382692,30.859594366627032,6.075372478050579,1.0232526403230024,9.563461215667267,4.264976362657383,4.2919335454657475
27.92054452007223,30.88889664815305,6.076108273365912,0.6358109006086432,9.32234730312292,4.436876054390439,4.2935980473198825
27.937213501875256,30.918205819413963,6.0768443208707446,0.9438041524976821,9.229662817661257,4.459976432544544,4.295261881988083
27.953882483678285,30.94752151207069,6.077580620694731,1.00473307444006,9.16319622297137,4.262620768509799,4.296925049887446
27.970551465481314,30.976843332338696,6.078317172972275,0.9002294212309123,9.58761424879716,4.5572408739741075,4.298587551434904
27.987220447284344,31.006170860988085,6.079053977842522,0.6143405184076802,9.092985909172368,4.655715982579984,4.300249387047212
28.003889429087373,31.03550365334352,6.079791035449368,0.7815079001542635,9.044791276759005,4.995500349964341,4.3019105571409595
28.0205584108904,31.06484135746424,6.080528345924618,0.696020023711562,9.168099766136178,5.0121360732352125,4.303571062132562
28.037227392693428,31.09418519780199,6.081265909169168,0.5202159974951526,9.512052593865153,5.63357098820136,4.305230902438302
28.053896374496453,31.12353592082188,6.08200372513718,0.7659254123670459,9.193940342605861,6.002509855245181,4.306890078474257
28.070565356299483,31.152893880307744,6.0827417938371955,0.4653427458839179,10.058516207507349,5.531958754997687,4.308548590656327
28.087234338102512,31.182259401169695,6.083480115282038,0.9387836915944496,9.40469059025881,6.182219073742524,4.310206439400236
28.10390331990554,31.21163277944411,6.084218689488819,0.6084214259033284,9.509052383708497,5.774670665715571,4.311863625121547
28.12057230170857,31.24101428229363,6.084957516478928,0.7416738496545705,9.315863018598453,5.683197490517736,4.313520148235652
28.137241283511596,31.270404148007177,6.085696596278047,0.7581964875438737,9.306862864660328,4.9114914623024815,4.315176009157775
28.153910265314625,31.299802585999927,6.086435928916138,0.6498548748676475,9.223240252901071,4.648335013638016,4.316831208302973
28.17057924711765,31.329209776813318,6.087175514427446,0.8190715478780465,9.28451481803672,4.984288056077087,4.318485746086132
28.18724822892068,31.35862587211509,6.087915352850506,0.6068489358152691,9.591020029443696,4.93428394395968,4.320139622921973
28.20391721072371,31.388050994699228,6.0886554442281335,0.8761859677518098,9.169871176649792,4.281893585867317,4.321792839225047
28.22058619252674,31.41748523848598,6.089395788607429,0.43282737487696016,8.89073930616876,4.820870678420466,4.3234453954097365
28.237255174329768,31.44692866852186,6.090136386039779,0.7273959910284683,8.856790336723897,4.443454989499674,4.325097291890257
28.253924156132793,31.476381320979673,6.0908772365808534,1.0900026006322183,9.612544373272089,3.929685168354668,4.326748529080657
28.270593137935823,31.505843203158477,6.091618340290608,0.502247223090901,9.576600712089723,4.268772451417743,4.328399107394813
28.28726211973885,31.535314293483584,6.092359697233279,0.5668611425701662,9.358265800354854,5.132430423374113,4.330049027246436
28.303931101541878,31.56479454150662,6.093101307477394,0.8052883167233006,8.883597119812055,4.206207296889074,4.3316982890490685
28.320600083344907,31.594283867905425,6.0938431710957595,0.7385196747306804,9.558263548966972,4.968306363725509,4.333346893216087
28.337269065147936,31.623782164484137,6.09458528816547,0.772825871165187,9.283036950798305,4.962471646646877,4.334994840160693
28.353938046950965,31.653289294173156,6.095327658767902,0.8006337717058098,9.404292106152443,5.5150277218722925,4.336642130295927
28.37060702875399,31.68280509102916,6.096070282988719,0.8298370951341443,9.135565302076206,5.897140857536534,4.338288764034659
28.38727601055702,31.712329360235074,6.096813160917866,0.9249291869198905,9.355525068948085,5.564470096816494,4.339934741789589
28.403944992360046,31.741861878100107,6.0975562926495765,0.7850493283641846,9.115130409756182,6.112782475145542,4.341580063973252
28.420613974163075,31.771402392059734,6.098299678282364,0.6549304058292367,9.173505953940094,6.464147598490921,4.343224730998011
28.437282955966104,31.800950620675707,6.099043317919033,0.8377929780742341,9.649892125157027,5.760232360811251,4.344868743276065
28.453951937769133,31.830506253636013,6.099787211666665,1.0833508871814141,9.030614890056926,5.845889325846963,4.346512101219441
28.470620919572163,31.86006895175495,6.10053135963663,0.6769439745641476,9.50289938897842,5.2435943751171825,4.348154805240001
28.48728990137519,31.889638346973054,6.101275761944584,0.5086610477961088,9.554278306852188,5.195613285882962,4.349796855749436
28.503958883178218,31.919214042357147,6.102020418710465,0.9250791887101726,9.142015848709624,4.887354311308654,4.351438253159271
28.520627864981243,31.948795612100295,6.102765330058496,0.6796829293992556,8.858352859890127,4.935798859629134,4.3530789978808615
28.537296846784272,31.97838260152187,6.1035104961171855,0.2693213215207189,9.22949403362624,4.844177632933235,4.354719090325396
28.5539658285873,32.00797452706748,6.1042559170193265,0.87343559586522,9.375494206331192,4.286578719722814,4.356358530903894
28.57063481039033,32.03757107641641,6.105001592883803,0.5969816141157311,9.197279020825894,4.682895217221347,4.357997320027211
28.58730379219336,32.06717383171777,6.10574752364146,0.686036546858554,9.32080343046393,4.661253680112275,4.359635458106064
28.603972773996386,32.09678350627774,6.106493709271103,0.7706351825692769,10.135359921719221,4.513838533427725,4.361272945550973
28.62064175579941,32.12640039926191,6.1072401497876125,0.7424349266523268,9.169128034945434,4.234995034277134,4.36290978277228
28.63731073760244,32.15602478408367,6.107986845209802,0.8463211894520546,8.561598596130418,4.396021725015374,4.364545970180165
28.65397971940547,32.18565690840419,6.108733795560416,0.6174293483064539,9.582703981077652,4.566789261346767,4.366181508184641
28.6706487012085,32.215296994132444,6.109481000866134,0.8072435395020147,9.49122075101913,5.3447411190070335,4.367816397195558
28.68731768301153,32.24494523742519,6.11022846115757,0.6528087628283537,9.43574443783747,4.940074481536702,4.369450637622597
28.703986664814558,32.274601808686995,6.110976176469269,0.8525758740147117,9.0613812008697,5.720542729680243,4.37108422987528
28.720655646617583,32.304266852570215,6.111724146839712,0.8279829151274098,9.183898791268936,5.356375493708439,4.372717174362958
28.73732462842061,32.33394048797499,6.112472372311309,0.5179172793807683,8.773829598965815,6.024338167308792,4.374349471494819
28.753993610223638,32.36362280804929,6.11322085293041,0.9222970054486762,9.322981967112728,5.802900247397722,4.375981121679887
28.770662592026667,32.39331388018884,6.113969588747292,0.5980034165557377,8.549123674420889,6.140176667036356,4.377612125327021
28.787331573829697,32.423013746037185,6.114718579816169,0.866903149522358,9.173589117826948,5.952407550105195,4.379242482844912
28.804000555632726,32.45272242148565,6.115467826195187,0.7788444977384986,8.81628972394295,5.850652197281672,4.380872194642091
28.820669537435755,32.48243989667337,6.1162173279464245,1.0731191764957002,9.267633386571047,5.627402750718128,4.382501261126918
28.83733851923878,32.512166135987265,6.116967085135897,0.6608846116089249,9.158445474200805,4.982749826628922,4.384129682707592
28.854007501041806,32.54190107806203,6.11771709783355,0.6358097766562885,9.298342672207633,4.348434168392195,4.385757459792146
28.870676482844836,32.57164463578022,6.118467366113262,0.7018845033308729,9.210588453898913,4.166485462951185,4.387384592788446
28.887345464647865,32.60139669627211,6.119217890052848,0.645227717383768,8.808341951861909,3.6930538002691264,4.389011082104197
28.904014446450894,32.63115712091582,6.119968669734054,0.8659472645768098,9.456758574291417,3.897543371780857,4.390636928146935
28.920683428253923,32.660925745337245,6.120719705242561,0.38279193351630014,9.190844044344738,4.222939056430061,4.392262131324031
28.937352410056953,32.69070237941007,6.121470996667979,0.4954127031488821,8.700911658137892,4.092151279262784,4.393886692042696
28.95402139185998,32.720486807255796,6.122222544103857,0.4926836951780495,9.550065362491615,4.336214087827991,4.3955106107099695
28.970690373663004,32.75027878724369,6.122974347647675,0.8964008511274296,9.380394841152905,4.727979188448534,4.397133887732729
28.987359355466033,32.78007805199085,6.123726407400846,1.048557021192915,9.12374615964629,4.71996252038656,4.398756523517686
29.004028337269062,32.80988430836214,6.124478723468717,0.6856394775997458,9.394863214204833,4.724138897584749,4.400378518471389
29.02069731907209,32.839697237470226,6.1252312959605675,0.672859911968756,10.10110645821665,5.2882807214287295,4.401999873000219
29.03736630087512,32.86951649467559,6.125984124989611,0.7207295851796411,9.154105063846732,5.248476563019349,4.403620587510393
29.05403528267815,32.899341709586466,6.126737210672996,0.9391896696615465,9.313773686670855,5.599838905054716,4.405240662407962
29.070704264481176,32.92917248605893,6.127490553131801,0.5214381994992894,8.768809807179457,6.1802723663132575,4.406860098098814
29.0873732462842,32.959008402196815,6.128244152491039,0.7546774006783925,9.146201956155933,5.716529966040714,4.408478894988669
29.10404222808723,32.988849358521264,6.128998008855577,0.9021378684604388,9.065747117053345,6.271106959589606,4.410097053483091
29.12071120989026,33.018696721995745,6.129752122199514,0.8074118754248835,9.19163599023222,6.039009965051605,4.41171457398751
29.13738019169329,33.04855091789387,6.130506492522774,0.7452040242320347,9.29297977123687,5.245746628571997,4.413331456907148
29.15404917349632,33.07841219476395,6.13126111983789,0.9075915394254688,9.384158974202776,4.855141503273048,4.414947702647062
29.170718155299348,33.10828077980286,6.13201600416144,0.1668304428183114,9.188977918587025,4.923198111131693,4.41656331161215
29.187387137102373,33.138156878856094,6.1327711455140514,0.8431465063188107,8.54487843951694,5.041424655245212,4.418178284207144
29.2040561189054,33.168040676417704,6.133526543920393,0.5768508072519622,8.998494204939266,4.334653029230534,4.419792620836617
29.220725100708428,33.19793233563038,6.134282199409185,0.34163382642332446,8.924480504309727,4.591169151820978,4.421406321904978
29.237394082511457,33.22783199828535,6.135038112013191,0.8100953480511427,9.026338150852343,4.5850104690134375,4.423019387816476
29.254063064314487,33.257739784822476,6.135794281769222,0.9826809199466486,9.296584722746992,3.970137383142921,4.424631818975195
29.270732046117516,33.287655794330185,6.136550708718135,0.6805538511548352,8.553657480411221,4.057497893722888,4.42624361578506
29.287401027920545,33.317580104545506,6.137307392904834,0.8987127670677173,9.07558757250069,4.604505618622814,4.427854778649832
29.304070009723567,33.34751277185405,6.138064334378269,1.0306877731340947,9.512492210175811,4.6263133398871314,4.429465307973109
29.320738991526596,33.37745383129003,6.138821533191435,0.9713092365069399,9.004078744849393,4.606042213728689,4.431075204158331
29.337407973329626,33.40740329653625,6.139578989401379,1.0364134362447586,9.192582456699036,4.955729596816545,4.432684467608771
29.354076955132655,33.4373611599241,6.1403367030691856,0.8569401734738565,9.050152616635204,5.2837406020290025,4.434293098727544
29.370745936935684,33.46732739243356,6.141094674259993,0.7236955082195143,9.157355118695614,5.049099262561492,4.435901097917601
29.387414918738713,33.4973019436932,6.141852903042983,0.3883096835122779,9.02184109456158,5.9111338233737705,4.43750846558173
29.404083900541742,33.52728474198018,6.142611389491384,0.6595843739731224,9.381827992780986,5.633995973716412,4.439115202122559
29.420752882344765,33.557275694220266,6.143370133682469,0.5402415384802526,8.873458860400993,4.96251326718316,4.440721307942552
29.437421864147794,33.5872746859878,6.144129135697562,1.1431733472065124,8.923012536096968,5.732392434637906,4.442326783444014
29.454090845950823,33.617281581505715,6.144888395622029,0.6739015475851301,9.148234416951373,5.386595319359296,4.443931629029086
29.470759827753852,33.64729622364555,6.145647913545286,0.7338135379764475,9.313555492628797,5.9255902067158885,4.445535845099745
29.48742880955688,33.677318433927404,6.1464076895607915,0.8195634785410267,9.70173750183382,5.012166481313531,4.447139432057809
29.50409779135991,33.707348012520015,6.147167723766052,0.7180806794683681,9.032961407140524,4.608975180403575,4.448742390304933
29.52076677316294,33.73738473824066,6.147928016262623,1.0484641452706727,9.829073104350762,4.847160597131948,4.450344720242608
29.537435754965962,33.76742836855523,6.1486885671561025,0.5850177719401243,8.98292723352692,4.28304440715542,4.451946422272167
29.55410473676899,33.79747863957823,6.149449376556137,0.748562802530958,9.618813121924015,4.0845394241968425,4.453547496794778
29.57077371857202,33.827535266072736,6.150210444576418,0.5612408216165587,9.41186452460263,4.375164829864258,4.455147944211447
29.58744270037505,33.85759794145039,6.150971771334686,0.44582402384302033,8.93777590383511,3.8902586126355687,4.456747764923018
29.60411168217808,33.887666337771456,6.151733356952726,0.587568255277609,9.227470279661189,3.8233973729089605,4.458346959330177
29.620780663981108,33.91774010574479,6.15249520155637,0.7026082214431846,9.062853251035456,4.908959113578812,4.459945527833439
29.637449645784137,33.947818918504424,6.153257305272572,0.6242486033485047,9.320132527078325,4.7552035280183835,4.461543470833169
29.65411862758716,33.977903499139494,6.154019668136122,0.5717182796633644,8.974134989850329,4.733276603395079,4.463140788729598
29.67078760939019,34.00799444907219,6.154782290131977,0.4290323702592448,9.014625846051045,5.061036715126368,4.464737481922771
29.687456591193218,34.03809203965612,6.155545171261454,0.6937680957748608,9.743041825106394,5.4573011891752765,4.466333550812556
29.704125572996247,34.068196520986504,6.156308311530365,0.40953844273512285,9.040001272479815,5.8110883109168645,4.467928995798658
29.720794554799276,34.09830812190018,6.157071710949017,0.8625869774359335,9.38588232547436,5.455013822223922,4.46952381728063
29.737463536602306,34.12842704997563,6.157835369532205,0.7271569623398078,8.957857397446572,5.887611349256168,4.47111801565786
29.754132518405335,34.1585534915329,6.1585992872992215,0.4192518987952654,9.301562140480186,5.645562850915261,4.472711591329577
29.770801500208357,34.188687611633696,6.1593634642738495,0.6490135300763271,8.703815350439776,5.68259281996357,4.474304544694855
29.787470482011386,34.21882955408133,6.160127900484367,0.5605171710111967,8.944330859465127,5.65682162136424,4.475896876152609
29.804139463814415,34.24897944142073,6.160892595963545,0.7748764206833971,9.652517749906576,5.41634498585628,4.4774885861015905
29.820808445617445,34.27913737493842,6.161657550748645,0.9792246340839481,8.85341262918649,5.407791268414527,4.4790796749403965
29.837477427420474,34.30930343466257,6.162422764881423,0.33619303702172326,9.276607764420696,5.083698034005855,4.480670143067462
29.854146409223503,34.33947767936294,6.16318823840813,0.7343256926259952,9.473323705258696,4.241684735751083,4.482259990881065
29.870815391026532,34.36966014655094,6.163953971379506,0.6793868232852095,9.0002870090687,4.0733003671113055,4.483849218779324
29.887484372829555,34.39985085247954,6.164719963850788,0.8457742630293497,8.288291824515495,4.207096020605183,4.485437827160197
29.904153354632584,34.43004979214339,6.165486215881704,0.7542383984485216,9.010208396796768,4.770738528899758,4.487025816421486
29.920822336435613,34.46025693927872,6.166252727536476,0.5612979912182777,9.030561274083334,3.946975589579454,4.4886131869608334
29.937491318238642,34.49047224636339,6.167019498883818,0.6479738148834367,9.595375177103275,4.198379470901616,4.490199939175719
29.95416030004167,34.52069564461686,6.167786529996935,0.5526721347747799,9.254423048076518,4.230709072616598,4.491786073463468
29.9708292818447,34.55092704400021,6.168553820953531,0.927171397624259,8.728473415329338,4.415735742161088,4.493371590221244
29.987498263647726,34.581166333216146,6.169321371835799,0.716324923040687,9.326471532868322,4.866690172065663,4.494956489846054
30.004167245450752,34.611413379709,6.170089182730425,1.0923933134737176,9.117491441520523,5.483009160390511,4.496540772734743
30.02083622725378,34.64166802966469,6.170857253728589,0.7001155561744362,9.532777020653052,5.442977582849643,4.498124439284
30.03750520905681,34.67193010801077,6.171625584925963,0.5706588677493157,9.069883357688704,5.278558878172131,4.499707489890353
30.05417419085984,34.70219941841642,6.1723941764227135,0.40968980436507774,8.203695840068649,6.508140261679399,4.501289924950171
30.07084317266287,34.7324757432924,6.1731630283235,0.35189716893726813,8.923790100250711,5.80150252635485,4.502871744859666
30.087512154465898,34.76275884379112,6.173932140737472,0.39579029641515157,8.804402935588955,5.624353178763313,4.50445295001489
30.104181136268924,34.79304845980659,6.174701513778277,0.766135155555724,8.879015345254109,6.16264901075154,4.506033540811735
30.12085011807195,34.82334430997446,6.175471147564052,0.8145471298283923,9.12799008437854,5.467439176224535,4.507613517645935
30.13751909987498,34.853646091671955,6.176241042217427,0.39665624407917965,9.097566738353848,5.91662734433617,4.509192880913066
30.154188081678008,34.883953481017954,6.177011197865527,0.8919942660606835,9.434707140623402,4.925249430427463,4.5107716310085415
30.170857063481037,34.914266132872925,6.1777816146399696,0.6164665711077176,9.02077087430588,5.3658851072964024,4.512349768327621
30.187526045284066,34.94458368083896,6.178552292676864,0.7425295214619972,8.315348681621563,4.753804733260647,4.5139272932654
30.204195027087096,34.974905791362026,6.17932323210944,1.0357071417404442,8.57441423499503,4.867432106334656,4.515504206216823
30.22086400889012,35.00523312594363,6.180094432923355,0.892722935673389,9.018467552043385,4.88817599961251,4.5170805075767095
30.237532990693147,35.03556628527935,6.180865895083402,0.6597409586989597,8.868621417430946,3.882205890691557,4.51865619773969
30.254201972496176,35.06590562155829,6.181637618585458,0.535300618328309,8.799642847758882,4.58523962742031,4.520231277100222
30.270870954299205,35.09625146026287,6.1824096034301315,0.2832679176106272,8.098338660704549,3.8384424889285675,4.521805746052604
30.287539936102235,35.12660410016891,6.183181849622757,0.5698922278094991,8.832998736878343,4.077911205324052,4.523379604990984
30.304208917905264,35.15696381334559,6.1839543571734,0.6715886969728123,8.86343438221488,4.341521688551456,4.52495285430935
30.320877899708293,35.18733084515546,6.184727126096852,0.5164706516698633,9.207800894219943,4.964988242030211,4.526525494401538
30.33754688151132,35.2177054142544,6.185500156412636,0.6877469353072841,8.965383923948329,5.073376792287309,4.528097525661223
30.354215863314344,35.2480877125917,6.186273448145,0.7294604361895631,9.736763156678183,5.256691185542183,4.529668948481929
30.370884845117374,35.27847790540998,6.187047001322925,0.6692105533372082,8.77145040020836,5.5640194450526055,4.531239763257021
30.387553826920403,35.30887613124524,6.187820815980116,0.5842728828466353,9.28379899905387,5.859922764398903,4.532809970379713
30.404222808723432,35.33928250192684,6.1885948921550105,0.7480959419112113,8.942236050809862,5.978567573256386,4.534379570243055
30.42089179052646,35.36969710257749,6.189369229890771,0.8028447051148756,9.028754608994744,6.125714270747584,4.535948563239948
30.43756077232949,35.400119991613295,6.190143829235293,0.4964682865547039,8.698515357522753,6.284762884256978,4.537516949763136
30.454229754132516,35.43055120074369,6.190918690241195,0.9968260639765276,9.076729410842352,5.601297787088782,4.539084730205205
30.470898735935542,35.46099073497151,6.191693812965829,0.6950134066787204,9.030218118042232,5.260830931042858,4.540651904958586
30.48756771773857,35.49143857259291,6.192469197471273,0.7185923619397254,8.63334986724281,5.3698240332433835,4.542218474415556
30.5042366995416,35.52189466519744,6.193244843824336,0.8565566853067275,8.902075319734484,4.592903518174456,4.543784438968233
30.52090568134463,35.55235893766802,6.1940207520965505,0.7616483492848544,8.7809805165267,4.489234363241109,4.545349799008581
30.53757466314766,35.58283128818089,6.194796922364183,0.9057237312462277,8.971819621615301,4.779400223758562,4.54691455492841
30.554243644950684,35.613311588205704,6.195573354708227,0.7726124779726713,8.415103584370947,4.28004355531222,4.5484787071193695
30.570912626753714,35.64379968250546,6.196350049214402,0.5927913694928739,8.879304110620579,3.8593680606758243,4.550042255972959
30.58758160855674,35.67429538913651,6.197127005973161,0.7876707079533964,8.95014496361782,3.7556227109396505,4.551605201880516
30.60425059035977,35.704798499448586,6.1979042250796805,0.48671587892445756,8.901206384877922,4.275996603395505,4.553167545233228
30.620919572162798,35.73530877808478,6.198681706633868,0.7372641379881554,9.085421888439935,4.7350895672803155,4.5547292864221225
30.637588553965827,35.76582596298152,6.199459450740362,0.7089972340987221,9.192868019044306,4.921704046849047,4.556290425838072
30.654257535768856,35.79634976536866,6.200237457508525,0.6741108551010356,8.87202488369799,4.847840546091948,4.557850963871795
30.670926517571882,35.82687986976934,6.201015727052449,0.6901176775115236,8.90601583307684,5.666840858260493,4.559410900913852
30.68759549937491,35.85741593400014,6.201794259490956,0.3395462828420643,9.016416134238607,5.276030615183534,4.56097023735465
30.704264481177937,35.887957589170945,6.202573054947599,0.6062619814168848,8.926257342314297,5.479108872846342,4.562528973584437
30.720933462980966,35.91850443968503,6.203352113550655,0.7346667730806826,8.11960761772376,4.912669073936451,4.564087109993309
30.737602444783995,35.94905606323904,6.204131435433131,0.7481598599859223,8.737619052100081,5.644046234616681,4.565644646971203
30.754271426587025,35.97961201082296,6.204911020732763,0.510744300964543,8.620741707606726,6.053012877448274,4.567201584907901
30.770940408390054,36.010171806720166,6.205690869592016,0.9695116036979958,9.491554194894798,6.207672620814782,4.568757924193029
30.78760939019308,36.04073519514165,6.206470982121602,0.5432257310522308,8.840035986747957,5.358181783011129,4.570313665216068
30.80427837199611,36.07130347097408,6.20725135820086,0.9104427647480418,8.767277443928162,5.555237372540226,4.571868808366368
30.820947353799134,36.10187728213514,6.208031997800603,0.8020807797248247,9.20320503498914,5.499147689449031,4.573423354033089
30.837616335602164,36.132457050707224,6.2088129009241735,0.5874869868324999,8.906493003767162,4.938846430061699,4.574977302605234
30.854285317405193,36.163043165092525,6.2095940675792916,1.0718851274996724,8.271943962069574,4.007216868491385,4.5765306544716475
30.870954299208222,36.193635980013134,6.210375497778056,0.4781860415114856,8.822346889244185,4.553242839457924,4.578083410021025
30.88762328101125,36.224235816510976,6.211157191536944,0.9008346601610686,8.693260870962094,4.545347555795095,4.579635569641908
30.904292262814277,36.25484296194783,6.211939148876807,0.9172106652980069,8.125709314117476,3.937437242791113,4.581187133722686
30.920961244617306,36.28545767000537,6.212721369822878,0.5830604947812701,8.71343752894591,4.1263734280944995,4.582738102651595
30.937630226420332,36.31608016068508,6.213503854404764,0.9957678901562945,8.728235215115834,3.91500128890623,4.5842884768167185
30.95429920822336,36.346710620308336,6.214286602656453,0.6673557793929141,8.799534779713886,3.621930898657716,4.585838256605988
30.97096819002639,36.37734920151634,6.215069614616308,0.7751940189432109,8.209521048904712,4.89183774177148,4.58738744240718
30.98763717182942,36.40799602327019,6.21585289032707,0.7696098302040978,9.27257198506251,4.814131120378337,4.588936034607921
31.00430615363245,36.43865117085079,6.216636429835858,0.6907738420892655,8.79069619132055,5.54416648598772,4.590484033595683
31.020975135435474,36.46931469585895,6.2174202331941695,0.8798873315025966,8.822498456474358,5.565317862490207,4.592031439757784
31.037644117238504,36.49998661621532,6.218204300457878,0.8765134660049355,8.860291434965808,5.414946133255532,4.593578253481394
31.05431309904153,36.530666916160406,6.218988631687236,0.3681993307901491,8.475879661266763,5.658309087871639,4.595124475153525
31.07098208084456,36.56135554625457,6.219773226946873,0.9788637360590076,8.97702160374244,5.948269727047388,4.596670105161039
31.087651062647588,36.59205242337802,6.220558086305795,0.3855872104070011,8.731972050496323,6.087416931485244,4.598215143890645
31.104320044450617,36.62275743073086,6.221343209837387,0.9246847278812691,8.339143456672524,5.835016625765489,4.599759591728898
31.120989026253646,36.653470417833006,6.2221285976194105,0.9436063518281824,8.869533754795471,5.9384753284107585,4.6013034490622005
31.137658008056672,36.684191200524246,6.222914249734006,0.500161834303172,9.389443633202482,5.326964789502253,4.602846716276804
31.1543269898597,36.71491956096425,6.223700166267691,0.6362820170555579,9.068201469074683,4.8852615599919815,4.604389393758805
31.170995971662727,36.745655247632506,6.224486347311361,0.4973936536491753,8.92230505889081,4.91534527822899,4.6059314818941495
31.187664953465756,36.7763979753284,6.225272792960286,0.6756400523710425,8.510757056539843,4.7531121103127365,4.607472981068629
31.204333935268785,36.80714742517113,6.226059503314119,0.6571070310395316,8.530531951631774,4.118065517740649,4.609013891667883
31.221002917071814,36.837903244599794,6.226846478476886,0.8747355821268321,9.372824019754956,3.9155385644930893,4.610554214077396
31.23767189887484,36.86866504737332,6.227633718556992,0.9809547710245028,9.584395823903163,4.355718906253437,4.612093948682504
31.25434088067787,36.8994324135705,6.228421223667221,0.9981192884004694,9.005935864355271,4.080769496161726,4.613633095868387
31.2710098624809,36.93020488959,6.229208993924733,0.6066383836659495,8.586784314830307,4.2121668942555806,4.615171656020074
31.287678844283924,36.96098198815032,6.229997029451065,0.6773170352520338,8.58039930446616,4.285522382967799,4.616709629522439
31.304347826086953,36.99176318828983,6.230785330372134,0.38256315083924713,8.312781460920709,5.0405131105005365,4.618247016760205
31.321016807889983,37.022547935366745,6.231573896818232,0.5581661135128444,8.070638185175651,5.194463454662024,4.619783818117942
31.337685789693012,37.05333564105915,6.2323627289240315,0.9123997491893523,8.724221257419826,4.694353784998483,4.6213200339800675
31.354354771496038,37.08412659161852,6.233151826744558,1.0426352412494142,9.540996536676827,5.1489274862340055,4.622855664730858
31.371023753299067,37.1149227684843,6.233941190160614,0.4727381143288214,8.714030813358,5.776739847001993,4.624390710754455
31.387692735102096,37.145724653845654,6.234730819175962,0.6012042072174066,8.855229777922165,5.864207075599462,4.625925172434814
31.40436171690512,37.17653262701125,6.235520713804355,0.7145050361605397,9.278803208586353,5.766139918605916,4.627459050155737
31.42103069870815,37.207347034118214,6.236310874063406,0.7759075059647725,8.659786667123681,5.45601477706519,4.628992344300882
31.43769968051118,37.23816818813216,6.2371012999745785,0.5580436149922691,9.73943176790428,5.533184077143475,4.630525055253752
31.45436866231421,37.26899636884714,6.237891991563194,0.8048655307554267,9.011819127709476,5.451311864041691,4.632057183397702
31.471037644117235,37.299831822885714,6.238682948858422,0.6253744134277498,8.661566849925162,5.498467129728764,4.633588729115937
31.487706625920264,37.33067476369889,6.239474171893296,0.7173407477219735,8.480947144882819,5.694843274241342,4.635119692791513
31.504375607723293,37.36152537156615,6.240265660704696,0.8295769286135042,8.821532120084848,4.728028103730913,4.636650074807335
31.52104458952632,37.39238379359545,6.241057415333361,0.7216933681325995,8.53155272400602,4.383101941126015,4.638179875546157
31.53771357132935,37.423250143723216,6.241849435823883,0.6332205292483413,8.53217324280485,4.445420886926138,4.639709095390587
31.554382553132378,37.45412450271432,6.242641722224706,0.6986644977604174,9.223021638696585,4.625714225669055,4.641237734723078
31.571051534935407,37.485006918162156,6.243434274588132,0.7030025758882289,9.181501102925976,3.7872776263219694,4.642765793925937
31.587720516738433,37.51589740448853,6.244227092970317,0.646761628911473,8.717335042575579,4.6388241684165665,4.644293273381321
31.60438949854146,37.54679594294376,6.245020177431271,0.6690932474710851,8.057431831966571,4.2105793839655945,4.645820173471234
31.62105848034449,37.577702481606615,6.245813528034856,1.0406704771631832,8.505447921589877,4.173589663487842,4.647346494577533
31.637727462147517,37.60861693538433,6.246607144848793,0.8332134736324788,8.7260690712107,4.104872792315967,4.648872237081924
31.654396443950546,37.63953918601265,6.247401027944654,0.6620220193277858,8.479223849363017,5.028570904806801,4.650397401365963
31.671065425753575,37.67046908205572,6.248195177397867,0.8605974206156939,8.620008237173993,5.014904388531199,4.651921987811056
31.687734407556604,37.70140643890621,6.248989593287714,0.65453105641597,9.183130458674547,5.3606211050207095,4.65344599679846
31.70440338935963,37.73235103878524,6.24978427569733,0.9560082543949842,8.775958031252822,5.252024151726648,4.654969428709282
31.72107237116266,37.76330263074241,6.250579224713708,0.795400095667788,9.230281804768593,5.588259792002973,4.656492283924478
31.73774135296569,37.79426093065578,6.251374440427693,0.7000995166010444,8.266936386069373,5.6327631378017635,4.658014562824855
31.754410334768714,37.82522562123188,6.2521699229339855,0.8111915765440609,8.602956971394422,5.767059231693526,4.65953626579107
31.771079316571743,37.856196352005725,6.252965672331138,0.4075611647380095,9.035081001284729,5.536810485389261,4.66105739320363
31.787748298374773,37.88717273934078,6.2537616887215615,0.4964710629122437,8.71756867497896,5.145632133696872,4.662577945442893
31.804417280177802,37.918154366428986,6.254557972211518,0.483127674712891,9.277278475910533,6.233321857461214,4.664097922889065
31.821086261980827,37.94914078329076,6.255354522911126,0.7505893719831613,8.813422108386787,4.774024217481848,4.665617325922202
31.837755243783857,37.98013150677498,6.256151340934356,1.0685917876876037,8.944786085817238,4.987834046325756,4.667136154922215
31.854424225586886,38.01112602055902,6.256948426399037,1.1684368094949593,8.909014764830527,4.158660274615045,4.668654410268859
31.87109320738991,38.04212377514869,6.25774577942685,0.8498749506993566,8.789920389428087,3.8783536904399214,4.670172092341743
31.88776218919294,38.073124982940776,6.258543400093843,0.8225215332270447,8.499692116854208,4.34517834174219,4.671689201520335
31.90443117099597,38.10413150407167,6.259341288344161,0.36222895688998846,8.634780435486777,4.273492884865762,4.673205738183973
31.921100152798996,38.1351437484559,6.260139444184565,0.6139935668948167,8.775194747355666,4.581241599297521,4.674721702711809
31.937769134602025,38.166162015796,6.26093786763007,0.5650593572030349,9.42875727175588,4.382323033582596,4.67623709548285
31.954438116405054,38.19718657916077,6.261736558699416,0.5985343262827809,8.724659843161087,4.349398391772603,4.677751916875955
31.971107098208083,38.22821768498538,6.2625355174150625,0.6891627781529192,8.58163781147717,4.300646559680081,4.679266167269839
31.98777608001111,38.25925555307137,6.263334743803196,0.6284610798391749,9.16104741292172,5.266997999182383,4.680779847043062
32.00444506181414,38.29030037658659,6.264134237893728,0.3271068443673239,8.248637457526032,5.345606925541591,4.682292956574046
32.02111404361717,38.32135232206529,6.2649339997202915,0.8726364262683427,7.8948312722888545,4.936154391211819,4.6838054962410585
32.03778302542019,38.35241152940801,6.265734029320244,0.508593296021026,8.700835577906979,5.534185502072202,4.685317466422225
32.05445200722322,38.383478111881686,6.266534326734668,0.771078757620497,8.604920141285886,5.727566148514224,4.68682886749552
32.07112098902625,38.414552156119576,6.2673348920083685,1.1381333598660102,8.83681058997427,5.675201025922537,4.6883396998387745
32.08778997082928,38.4456337221213,6.268135725189874,0.5395273061882947,8.603076813586885,6.028734026502099,4.68984996382967
32.10445895263231,38.4767228432528,6.268936826331441,0.21743407600104947,8.874526852122846,5.986925655190304,4.69135965984574
32.121127934435336,38.507819526246394,6.269738195489043,0.6663780496575655,8.468588161549695,5.548284538621846,4.692868788264375
32.137796916238365,38.53892375120074,6.270539832722383,0.943858091938482,8.816913179902514,5.329913947657502,4.6943773494628145
32.15446589804139,38.57003547158083,6.271341738094886,1.115422884093355,8.974668006164404,5.6320532548984605,4.6958853438181505
32.171134879844416,38.60115461421803,6.2721439116737,0.4779306600578981,8.777508202552728,5.212552232762983,4.69739277170733
32.187803861647446,38.63228107931004,6.272946353529699,0.8232675666669044,9.578950841833214,4.711333083803893,4.698899633507154
32.204472843450475,38.66341474042091,6.273749063737479,0.6309527310902854,8.60412446111952,3.9881766991934207,4.7004059295942735
32.221141825253504,38.69455544448102,6.274552042375359,0.7029122093510556,8.678400259107327,4.418668809919274,4.701911660345193
32.23781080705653,38.725703011787125,6.275355289525387,1.2530575647031874,7.956940271276427,4.4304483334637705,4.70341682613627
32.25447978885956,38.75685723600231,6.276158805273327,0.4236818020143879,8.471026407749926,3.3764939997173347,4.7049214273437165
32.271148770662585,38.78801788415603,6.276962589708674,0.7751107296751486,8.459220741988313,4.338290566276466,4.706425464343595
32.287817752465614,38.81918469664405,6.277766642924644,0.8179883186847584,8.702663656412412,4.269790415935525,4.707928937511822
32.30448673426864,38.85035738722853,6.278570965018177,0.941693793531055,8.297632176745315,4.519867719142958,4.709431847224168
32.32115571607167,38.881535643037935,6.279375556089935,0.7442199606884156,8.862047289480575,4.545759937991965,4.710934193856253
32.3378246978747,38.912719124567104,6.280180416244307,0.7863201965691151,8.542090365678536,5.02319051822752,4.712435977783553
32.35449367967773,38.94390746567722,6.280985545589405,0.6464670910644793,8.450457351930902,5.728294245548022,4.713937199381396
32.37116266148076,38.97510027359581,6.281790944237064,0.7787088658683726,8.571174436025823,5.389405145300508,4.715437859024963
32.38783164328378,39.00629712891673,6.282596612302843,0.6563316527638474,8.371271305673162,5.974383902164815,4.716937957089286
32.40450062508681,39.037497588424806,6.283402549905906,0.8493710732354851,8.358655567639781,5.537156775107586,4.718437493949254
32.42116960688984,39.06870231927913,6.2842087571037,0.651221172596971,8.241756330617683,6.024746848754878,4.71993646997963
32.43783858869287,39.09991231380137,6.28501523388134,0.8006498202515541,8.398342687912775,5.737631439033765,4.721434885555025
32.4545075704959,39.131127866220766,6.285821980242995,0.7194636375070628,8.450661921329916,5.710581061470988,4.7229327410498785
32.47117655229893,39.16234924747636,6.286628996196916,0.9506126662624913,8.303008849635686,5.415723170250837,4.724430036838485
32.48784553410196,39.19357670521702,6.287436281755439,0.7152102443289603,8.6776116651148,5.374173371327473,4.725926773294997
32.50451451590498,39.224810463801404,6.288243836934976,0.37096882540203324,8.618824035560445,4.161729301751096,4.7274229507934225
32.52118349770801,39.25605072429799,6.289051661756026,0.9780459062246712,8.621587451117547,4.263033952912988,4.728918569707623
32.53785247951104,39.28729766448505,6.2898597562431675,0.5446013899730914,8.643346823973298,4.601535448256286,4.730413630411317
32.55452146131407,39.318551438850676,6.2906681204250585,0.5950807834884482,8.736088524800886,3.7020461771453324,4.731908133278079
32.571190443117096,39.34981217859276,6.291476754334445,0.6067879504745495,8.378500552191966,4.061690466136952,4.733402078681338
32.587859424920126,39.38107999161898,6.292285658008148,1.000893942958478,8.414669839370282,4.186607429338592,4.73489546699438
32.604528406723155,39.412354962546864,6.293094831487075,0.29895755352927333,8.645122676297936,4.014559002619742,4.736388298590344
32.62119738852618,39.44363715270371,6.29390427481621,1.353728132000949,8.56654636458334,4.187786456759591,4.7378805738422285
32.637866370329206,39.47492660012664,6.294713988044626,0.9374757729529548,9.058633256728518,4.668196348782131,4.739372293122885
32.654535352132235,39.50622331956259,6.2955239712254745,0.7709981367468521,8.950631118826937,5.121442694322606,4.740863456805023
32.671204333935265,39.53752730246827,6.296334224415985,0.7154574534731534,8.384522077884961,4.780808193063581,4.742354065261202
32.687873315738294,39.56883851701023,6.297144747677473,0.7836329251210885,8.421015119758282,5.1388226153198415,4.743844118863844
32.70454229754132,39.60015690806481,6.297955541075336,0.8308324092399768,8.563242964740049,5.3044743156378145,4.745333617985223
32.72121127934435,39.63148239721816,6.2987666046790505,0.8557368110137361,8.906068644059655,4.958658742851493,4.746822562997468
32.737880261147374,39.66281488276624,6.299577938562178,0.8379003141127594,8.833684661214479,5.821728102283953,4.748310954272567
32.754549242950404,39.69415423971482,6.300389542802359,0.7447812410638681,8.447832303572817,6.077475817694406,4.74979879218236
32.77121822475343,39.72550031977947,6.301201417481316,0.6874830614481879,7.828469757673772,6.041856051687145,4.751286077098545
32.78788720655646,39.75685295138556,6.302013562684857,0.6967816862555624,8.311447667725155,5.343286603931085,4.752772809392673
32.80455618835949,39.78821193966829,6.302825978502865,0.688140241155816,8.56109028953966,5.037469935845886,4.754258989436154
32.82122517016252,39.819577066472625,6.303638665029311,0.9539614275870353,8.580546355795976,5.1874874129696185,4.755744617600254
32.83789415196555,39.85094809035338,6.3044516223622455,0.8460042203879633,8.2565820573974,5.180091266973829,4.757229694256088
32.85456313376857,39.882324746575165,6.305264850603801,0.1393005734317253,8.46070308204005,4.734793498482059,4.758714219774634
32.8712321155716,39.91370674711238,6.306078349860188,0.8586438368016779,8.523531246256557,4.5626749763983625,4.7601981945267235
32.88790109737463,39.945093780649245,6.306892120241708,0.7664962582527188,7.956012344152282,4.6572963886417185,4.761681618883042
32.90457007917766,39.97648551257979,6.307706161862733,0.7238925624988649,8.86524947327272,3.9989654774149432,4.7631644932141315
32.92123906098069,40.00788158500784,6.308520474841725,0.6500158742989467,8.361196905516119,4.136978456248015,4.764646817890391
32.93790804278372,40.03928161674703,6.309335059301224,0.9526273166759698,9.050141941924814,4.75365457096726,4.766128593282072
32.95457702458675,40.07068520332081,6.3101499153678535,0.9173952294825188,8.343737180768827,4.336668866899704,4.767609819759284
32.97124600638977,40.10209252327916,6.3109650431178,0.5733995244733239,7.990449261295387,4.207118599317323,4.769090497692016
32.9879149881928,40.133504490362604,6.311780442520513,0.8094705930277593,8.230535907072426,4.618527500622357,4.770570627450114
33.00458396999583,40.16492147570316,6.312596113568908,0.5338138228279075,8.392075771481016,4.787584702104427,4.7720502094032495
33.02125295179886,40.19634381872142,6.313412056260762,0.45230652746400324,8.21068992509027,5.419131914203978,4.77352924392095
33.037921933601886,40.22777183191525,6.314228270598371,0.6029716627255475,8.37138208873837,5.25559602020281,4.775007731372604
33.054590915404916,40.25920580085982,6.315044756588557,0.9008787058617929,8.536273151881486,5.766743256303323,4.776485672127454
33.071259897207945,40.29064598420761,6.3158615142426555,0.9191098807059395,8.327160736368933,5.558552830473081,4.777963066554608
33.08792887901097,40.32209261368839,6.316678543576533,0.8311867723832812,8.380163775289764,5.159986828249313,4.779439915023025
33.104597860813996,40.353545894109224,6.317495844610572,0.8736736189379902,7.533867221235594,5.828576871423024,4.780916217901528
33.121266842617025,40.38500600335445,6.318313417369678,0.8319748486512737,8.43906898031656,5.648598064862944,4.782391975558797
33.137935824420055,40.416473092385736,6.319131261883278,0.6005275582827702,8.344381242576851,5.567708537505799,4.783867188363368
33.154604806223084,40.44794728524204,6.319949378185323,0.8152930287842872,9.013336105524322,4.978429392157491,4.7853418566836385
33.17127378802611,40.479428679039586,6.3207677663142805,0.8890750238241147,8.214658391326086,4.696750194594337,4.786815980887863
33.18794276982914,40.51091734397194,6.321586426313144,0.8799359400612022,7.467578899556203,4.808135475982013,4.788289561344155
33.204611751632164,40.54241332330992,6.322405358229427,0.966944860088052,8.453443172240064,4.931062143426484,4.789762598420487
33.221280733435194,40.57391663340169,6.323224562115167,0.8709074232866052,8.508028246952621,4.317737462174218,4.791235092484687
33.23794971523822,40.60542726367265,6.324044038026918,0.7996207197505248,7.9635008038040995,4.347924439982145,4.792707043904446
33.25461869704125,40.63694517662555,6.324863786025762,0.9434455066277786,8.096767417638127,4.1065535846645975,4.794178453047312
33.27128767884428,40.6684703078404,6.325683806177296,0.7241955441473659,9.122663361293295,3.800456195617649,4.795649320280687
33.28795666064731,40.700002565974515,6.326504098551645,0.5532091590786579,8.546268443856698,4.686398816155721,4.797119645971839
33.30462564245034,40.73154183276254,6.327324663223452,0.6970549461407582,7.316804962395143,4.860442275565632,4.7985894304878896
33.32129462425336,40.76308796301635,6.328145500271884,0.5807720158357723,8.163772037511738,5.033246796581867,4.800058674195818
33.33796360605639,40.79464078462519,6.328966609780624,0.5948010519159427,8.625602496303486,5.015150623408393,4.801527377462467
33.35463258785942,40.82620009855553,6.329787991837884,0.7010170911116502,8.099725458323944,5.491742795077963,4.802995540654533
33.37130156966245,40.857765678851194,6.330609646536393,0.5715209156128547,8.26672708611894,5.793035774690015,4.804463164138571
33.38797055146548,40.88933727263327,6.331431573973405,0.6684966246412793,8.213633657660896,6.171840375830131,4.805930248281
33.40463953326851,40.92091460010015,6.332253774250693,0.35144998411671546,7.88614544285745,6.076087464585198,4.80739679344809
33.42130851507154,40.95249735452752,6.33307624747455,0.7729156020865959,8.031894771743485,5.816086045982682,4.808862800005974
33.43797749687456,40.98408520226838,6.3338989937557955,0.730581854939153,8.846738434972055,5.343842243435242,4.810328268320644
33.45464647867759,41.01567778275301,6.334722013209769,0.5670068890419565,8.064579723024256,5.650298433090986,4.811793198757948
33.47131546048062,41.04727470848896,6.3355453059563285,0.8623575604491794,8.416683531675844,5.488755939805687,4.813257591683592
33.48798444228365,41.07887556506114,6.336368872119857,0.9181062218973702,8.659599586258278,5.392354162353603,4.8147214474631435
33.504653424086676,41.110479911131705,6.337192711829258,0.4091639451939276,8.057967786042443,5.336085524052837,4.816184766462026
33.521322405889705,41.14208727844011,6.338016825217958,0.578214642120503,7.842185170471324,4.658507557168639,4.817647549045524
33.537991387692735,41.173697182180646,6.3388412124224125,0.5770147636967333,8.466594324993183,5.105125514292105,4.819109795578778
33.55466036949576,41.20531023280821,6.339665873422089,0.5429462052913632,8.518524608092584,3.786241424580809,4.820571506426819
33.571329351298786,41.23692739775817,6.340490808143926,0.896905341781006,8.051187530490347,4.346194532641187,4.822032681954521
33.587998333101815,41.268549161158106,6.341316016583268,0.6923286495282821,8.497670525855565,3.96353478717553,4.823493322526599
33.604667314904844,41.300175970889285,6.34214149873988,0.678274368899671,8.89004755663645,3.6916517480120774,4.824953428507624
33.621336296707874,41.331808238586646,6.342967254617953,0.3304882801342626,8.320541305761243,4.336095924070908,4.826413000262032
33.6380052785109,41.36344633963882,6.343793284226096,0.8584277308702631,7.906558388513974,4.151364822951541,4.827872038154119
33.65467426031393,41.39509061318813,6.34461958757734,0.4835757736136347,8.114663079977863,4.772266616256042,4.829330542548043
33.671343242116954,41.42674136213057,6.34544616468914,0.7434972623207445,8.323228249743389,5.080860573659261,4.830788513807822
33.68801222391998,41.45839885311583,6.346273015583369,0.7870693634536445,8.17619281527108,5.648830976475654,4.832245952297338
33.70468120572301,41.49006331654726,6.347100140286326,1.0038088905197897,8.394712779614382,5.073158409388021,4.833702858380333
33.72135018752604,41.52173494658191,6.347927538828729,0.46999624289797215,7.627853344670207,5.958685587528889,4.835159232420407
33.73801916932907,41.553413901130526,6.348755211245716,0.12794099879121157,7.6735565058120025,5.809110411619952,4.836615074781027
33.7546881511321,41.5851003018575,6.349583157576852,0.7686964019877175,8.288299152908033,6.1055331061864315,4.8380703858255165
33.77135713293513,41.61679423418096,6.350411377866119,1.0921117482529528,8.00805742741278,5.606519591393208,4.839525165917065
33.78802611473815,41.64849574727266,6.351239872161924,0.9798817572688645,8.165299625867082,5.203469091354869,4.840979415418719
33.80469509654118,41.68020485405809,6.352068640517092,0.7741073002666872,7.511603751499942,5.045934137766222,4.842433134693388
33.82136407834421,41.7119215312164,6.352897682988873,0.6339310664009342,8.251243374044693,4.791422528663352,4.843886324103843
33.83803306014724,41.74364571918039,6.353726999638938,0.8937656649393994,8.231066316823009,5.072566694571104,4.845338984012715
33.85470204195027,41.77537732213661,6.354556590533377,0.5377147035088727,8.563338368657401,5.129486848187564,4.8467911147825
33.8713710237533,41.807116208025256,6.355386455742708,0.8277782508963073,8.242821454359355,4.304817385083996,4.848242716775551
33.88804000555633,41.838862208540206,6.356216595341862,0.8336834381553939,8.17497736414776,4.502409113883996,4.849693790354085
33.90470898735935,41.87061511912902,6.357047009410199,0.9447140528248067,8.688374545644136,3.7632030070670917,4.851144335880178
33.92137796916238,41.902374698992965,6.357877698031498,1.2846866998004232,7.995215847978362,4.257248901471897,4.85259435371577
33.93804695096541,41.934140671086965,6.358708661293958,0.811320461821618,8.488069028184222,4.464660689348865,4.854043844222661
33.95471593276844,41.96591272211964,6.359539899290205,0.6311270752707766,7.991667365159309,3.9626495105501953,4.855492807762513
33.971384914571466,41.99769050255328,6.360371412117278,0.7278874256433264,7.8643254198548975,4.527950533871541,4.856941244696846
33.988053896374495,42.0294736266039,6.361203199876648,0.37926955040067906,7.734827568805743,5.036150661034729,4.858389155387047
34.004722878177525,42.06126167224114,6.3620352626741985,0.5942245040690967,8.343000499049838,4.190994095731628,4.85983654019436
34.02139185998055,42.093054181188364,6.362867600620242,0.6513929971686291,8.17067542004299,5.714546822069863,4.861283399479891
34.038060841783576,42.12485065892261,6.363700213829507,0.6285141152889255,8.198189831545944,5.632064076676,4.862729733604609
34.054729823586605,42.156650574674586,6.364533102421147,0.7638850349317601,7.735568621429257,5.901529076962642,4.864175542929343
34.071398805389634,42.188453361428714,6.365366266518737,0.5690122952466583,8.075942889985583,5.656026542192646,4.865620827814784
34.088067787192664,42.220258415923055,6.366199706250272,0.9577845919193283,8.05656890922506,5.279999690238759,4.867065588621482
34.10473676899569,42.252065098649396,6.3670334217481726,0.7337020036870124,8.378164103429869,5.895989993951646,4.868509825709853
34.12140575079872,42.28387317787705,6.367867413105918,0.7318826142265511,8.050612700287166,5.577906433906605,4.869953539440175
34.138074732601744,42.315684728321884,6.368701680186404,0.6682457783889209,8.734260941887577,5.420219473619389,4.871396730172618
34.15474371440477,42.347500561967244,6.369536222967128,0.7649448571712358,7.520851235929463,5.504566259001141,4.872839398267179
34.1714126962078,42.37932117323829,6.370371041455888,0.8990083274959919,8.031990347530053,5.157146147207852,4.874281544083714
34.18808167801083,42.41114701549561,6.371206135664325,0.5606445410227923,9.007684114948171,5.262139236265943,4.875723167981944
34.20475065981386,42.44297850103516,6.372041505607919,0.6025291513763116,8.108488134066173,4.519932997927416,4.877164270321453
34.22141964161689,42.474816001088286,6.372877151305999,0.6734890638707139,7.6147678929008205,4.1059463096994495,4.878604851461691
34.23808862341992,42.506659845821744,6.373713072781727,0.4651418607587991,8.245536216336028,4.163554818029696,4.88004491176197
34.25475760522294,42.53851032433765,6.374549270062115,0.5705462047136757,8.073074465774038,4.3279137673708785,4.881484451581465
34.27142658702597,42.57036768467356,6.375385743178013,0.6392352885151502,7.735665436005865,4.5691229772563995,4.882923471279219
34.288095568829,42.602232133802396,6.376222492164115,0.909438941278751,8.004085158810767,3.9574359231463276,4.884361971214137
34.30476455063203,42.634103837632445,6.3770595170589575,0.7871549681791835,9.301861533750962,4.592276114200063,4.8857999517449855
34.32143353243506,42.66598292100743,6.377896817904916,0.7734422372098301,8.044859752006717,5.304918685291672,4.887237413230398
34.33810251423809,42.697869467706454,6.378734394748212,0.9049853552268377,7.801036177276204,4.999758065089211,4.888674356028872
34.35477149604112,42.729763520443996,6.379572247638906,0.7074128682541627,8.882570302132331,5.593856570781315,4.890110780498768
34.37144047784414,42.76166508086993,6.380410376630904,0.8130616143289822,8.214175170455293,5.674421435512066,4.891546686998311
34.38810945964717,42.79357410956955,6.381248781781951,0.7144056674187249,7.809758307642821,5.973627186464041,4.8929820758855875
34.4047784414502,42.8254905260635,6.382087463153637,0.7882038167845311,7.762078276227359,5.5370696188372595,4.894416947518552
34.42144742325323,42.857414208807846,6.3829264208113905,0.6186608995035434,8.241921226206442,5.55513340131454,4.895851302255022
34.438116405056256,42.889344995194044,6.383765654824487,0.24753043869822183,7.996493768500394,5.741578277369841,4.897285140452676
34.454785386859285,42.92128268154892,6.3846051652660405,0.708519232434817,7.861940896253615,5.142557600409817,4.898718462469061
34.471454368662314,42.953227023134716,6.385444952213007,1.0200058417860958,8.859903624486417,5.329063243599743,4.900151268661584
34.48812335046534,42.98517773414905,6.3862850157461875,0.9207803998684616,7.9404590863776905,5.253466423565432,4.901583559387518
34.504792332268366,43.01713448772495,6.387125355950223,0.9286978763369729,8.370854530531819,5.463222257933285,4.903015335004
34.521461314071395,43.049096915930825,6.387965972913598,0.9829255389077012,8.741668143958647,4.805941476903812,4.904446595868032
34.538130295874424,43.08106460977047,6.388806866728638,0.7535118829801588,7.96796208484014,4.660819557565422,4.905877342336476
34.55479927767745,43.11303711918308,6.389648037491511,0.7753244316086789,8.528448379811397,4.662294834871525,4.9073075747660635
34.57146825948048,43.14501395304325,6.390489485302227,0.6124117914632419,7.839135226467413,3.930527437136497,4.9087372935133855
34.58813724128351,43.17699457916094,6.391331210264639,0.6728084348347149,7.759138523673175,4.153752792743812,4.9101664989349
34.604806223086534,43.208978424281526,6.392173212486442,0.8592580265364327,7.874483207540504,4.992264476583411,4.911595191386926
34.62147520488956,43.24096487408577,6.393015492079171,0.9769614295947282,8.135430750885815,4.374269066229653,4.91302337122565
34.63814418669259,43.27295327318981,6.393858049158208,0.7083759876248293,7.886326153640709,4.925243621898838,4.91445103880712
34.65481316849562,43.30494292514523,6.394700883842772,0.6463080453967466,7.9569080477830525,5.111858356172976,4.915878194487249
34.67148215029865,43.33693450783431,6.395543996172673,0.7365321007349234,8.27631735340341,4.629081993853444,4.917304838621828
34.68815113210168,43.3689303089109,6.396387386067482,0.856748424321226,8.123109099040255,5.408338668571333,4.918730971566517
34.70482011390471,43.40093077439534,6.397231053536982,0.4478166318403749,7.956217943142043,5.571035931393956,4.920156593676822
34.72148909570773,43.43293628372372,6.398074998596162,0.27743187991586277,8.357116359578322,5.786214339491875,4.921581705308108
34.73815807751076,43.46494718199453,6.398919221263469,0.6266411310504422,8.136953614022579,5.55391889857885,4.923006306815609
34.75482705931379,43.496963779968596,6.3997637215608085,0.49268640108527983,7.607848152941593,5.461614909455078,4.924430398554429
34.77149604111682,43.52898635406911,6.400608499513545,0.635281186956598,8.267249766397171,5.592418752135173,4.925853980879532
34.78816502291985,43.56101514638166,6.401453555150499,0.7074334578238102,8.101152472214851,5.572425783759763,4.927277054145756
34.80483400472288,43.59305036465419,6.40229888850395,0.6464200897519508,8.05513954231976,5.764881036148476,4.928699618707798
34.82150298652591,43.62509218229702,6.403144499609635,1.0276434832726733,8.39041571322899,5.722115799807112,4.930121674920228
34.83817196832893,43.65714073838284,6.403990388506748,0.8025790889584066,7.920139874682772,5.34611557548907,4.931543223137478
34.85484095013196,43.68919613764672,6.404836555237943,0.7974051224417089,8.204812364303894,4.942539832197996,4.932964263713849
34.87150993193499,43.72125845048608,6.405682999849333,0.8618317486167497,7.829673239186872,4.171423625905388,4.934384797003507
34.88817891373802,43.75332771296074,6.4065297223904825,0.5097037203321185,8.20074023791717,4.189925791341614,4.935804823360486
34.904847895541046,43.78540392679286,6.407376722914423,0.9453726802289666,8.786374083533381,4.282747965457869,4.937224343138685
34.921516877344075,43.817487059367004,6.408224001477636,0.7224773990556677,7.84566943578919,4.013609322785412,4.9386433566918715
34.9381858591471,43.84957704373007,6.409071558140067,0.8718062681748325,7.640852039019618,4.438077632448019,4.940061864373677
34.95485484095013,43.88167377859138,6.409919392965115,0.5234185412131593,7.924896720508031,4.6146116483604285,4.9414798665376
34.971523822753156,43.91377712832257,6.41076750601964,0.4271180324281427,8.068141304363662,4.751801295731537,4.94289736353701
34.988192804556185,43.94588692295768,6.411615897373958,0.9015274697468948,7.597229045565909,5.130958314260109,4.944314355725137
35.004861786359214,43.97800295819313,6.412464567101843,0.8133111505571059,8.082528045618957,4.801834070596007,4.945730843455079
35.02153076816224,44.01012499538767,6.41331351528053,0.557698596331815,8.426572756111517,5.59568512774479,4.947146827079804
35.03819974996527,44.04225276156246,6.414162741990707,0.5642559074689226,8.06948641553139,5.318843165627482,4.948562306952141
35.0548687317683,44.07438594940102,6.415012247316524,0.963355051767028,7.255307593708508,5.405303092481688,4.949977283424791
35.071537713571324,44.10652421724923,6.415862031345588,0.5004652420953356,8.380308022218227,5.9399417496857465,4.9513917568503185
35.08820669537435,44.13866718911537,6.416712094168961,1.066961691714091,8.158918232883947,6.161389085499685,4.952805727581153
35.10487567717738,44.170814454670044,6.417562435881168,0.558382389121655,8.401747296411186,5.881350280403559,4.954219195969596
35.12154465898041,44.20296556924628,6.418413056580189,0.8662643107403424,8.031987527829667,5.607545177922899,4.955632162367809
35.13821364078344,44.235120053839445,6.419263956367461,0.6729415746002929,8.073096321098669,5.501831814132335,4.957044627127824
35.15488262258647,44.267277395107286,6.4201151353478805,0.8593820546468598,8.378017970376249,5.217169622116834,4.95845659060154
35.17155160438949,44.2994370453699,6.420966593629803,0.6300010212216295,8.320373518457599,4.588655654059704,4.959868053140719
35.18822058619252,44.331598735389434,6.421818331312397,0.7063444481627686,7.494993903849198,4.311056714666342,4.9612790150969985
35.20488956799555,44.36376421973152,6.422670348388321,0.7471660266927298,8.105927158169532,4.448553030698946,4.962689476821903
35.22155854979858,44.3959341559808,6.423522644853902,0.538623817182172,7.928031982621115,4.33619478128581,4.964099438666799
35.23822753160161,44.4281088614008,6.424375220718487,0.8873052486208286,7.910671244351277,4.223015893517362,4.965508900982911
35.25489651340464,44.46028862635507,6.425228075995041,0.6365766918992211,7.680439332698647,4.406235567915406,4.9669178641213385
35.27156549520767,44.4924737143072,6.426081210700136,0.6935784022256174,7.812215809516652,4.20054871944178,4.9683263284330454
35.2882344770107,44.52466436182079,6.426934624853958,0.540507444900309,7.823512751866647,4.567820111616639,4.969734294268868
35.30490345881372,44.556860778559454,6.427788318480304,0.22698947700461491,7.752922783684406,4.548138438084969,4.971141761979507
35.32157244061675,44.58906314728684,6.428642291606586,0.7013294995835604,7.518999150670145,5.371106695887942,4.972548731915539
35.33824142241978,44.62127162386661,6.4294965442638246,1.2221369341493313,7.860104040688425,5.098120823498949,4.973955204427401
35.35491040422281,44.65348633726246,6.430351076486654,0.8966134594977377,7.73527259687464,6.018694690432424,4.975361179865409
35.371579386025836,44.685707389538074,6.431205888313324,0.7359192324158719,7.947074676561623,5.633664987068317,4.976766658579738
35.388248367828865,44.717934855857195,6.43206097978569,0.6872718033039598,7.252560139529006,5.623837378462383,4.978171640920439
35.40491734963189,44.75016878448356,6.432916350949223,0.7444217628141493,7.368438087875032,5.510626189062839,4.9795761272374275
35.421586331434916,44.78240919678097,6.433772001853008,0.8494309767012018,7.990519185205311,5.363696091599283,4.9809801178804936
35.438255313237946,44.814656087213194,6.4346279325497395,0.5039231143121412,7.52358455340165,5.437237471672279,4.98238361319929
35.454924295040975,44.84690942334405,6.4354841430957235,0.9630284942938113,8.054971611002397,5.336961307901691,4.983786613543343
35.471593276844004,44.87916914583738,6.436340633550881,0.8833188506978434,8.009891699265792,5.526631325464478,4.985189119262045
35.48826225864703,44.91143516845703,6.437197403978743,0.883958119249234,8.1466551288439,5.0177107939329195,4.9865911307046575
35.50493124045006,44.94370737806688,6.438054454446452,0.8280944626012119,8.164852936830354,4.9818237959788805,4.987992648220315
35.52160022225309,44.97598563463084,6.438911785024767,0.7444009413283313,7.750744069849343,5.067794996883581,4.989393672158016
35.538269204056114,45.00826977121282,6.439769395788053,0.8751281061369017,7.82930272357512,4.445333781049972,4.990794202866631
35.55493818585914,45.04055959397676,6.4406272868142915,0.8589968890346532,8.265733050176284,4.935628350717931,4.992194240694898
35.57160716766217,45.07285488218663,6.441485458185074,0.6699040776149554,8.092587961685307,3.8667195106396575,4.9935937859914254
35.5882761494652,45.10515538820642,6.442343909985606,0.626069976899621,7.858208692587502,4.158294675730348,4.994992839104688
35.60494513126823,45.13746083750013,6.443202642304703,0.7612396563514225,8.583591076972922,4.103674214553133,4.9963914003830325
35.62161411307125,45.16977092863177,6.444061655234794,1.0507504475474028,7.8590099101508635,4.680339337894049,4.997789470174673
35.63828309487428,45.20208533326542,6.44492094887192,0.49320297618138353,7.8963608189687555,3.9201774816599264,4.999187048827694
35.65495207667731,45.23440369616514,6.445780523315736,0.4475972663250829,7.887510218692743,4.391845628901213,5.000584136690047
35.67162105848034,45.266725635195016,6.446640378669504,0.7741323699710498,7.705534138761593,5.042397873217913,5.001980734109553
35.68829004028337,45.29905074131917,6.447500515040103,0.7514355784130622,7.911540791054344,5.782532372656337,5.003376841433905
35.7049590220864,45.331378578601736,6.448360932538022,0.7760041612891658,8.045342019446016,5.596338366776021,5.00477245901066
35.72162800388943,45.36370875596642,6.4492216312745105,0.790204212410309,8.05383155315838,5.282832420681627,5.0061675871872495
35.73829698569246,45.39604218362047,6.4500826112855645,0.6968508203406664,7.8750837791852755,5.421463682124784,5.007562226311004
35.75496596749549,45.428379566215504,6.450943872558915,1.0395416114377591,7.830267701407762,6.2983946148609915,5.008956376729095
35.77163494929851,45.46072125540361,6.451805415091708,0.42146573446766367,8.02174348247192,5.548053080213823,5.010350038788557
35.78830393110154,45.4930675757817,6.452667238885198,0.5760246856336712,7.947410206223031,5.317492961080289,5.01174321283629
35.80497291290457,45.52541882489148,6.453529343944758,0.7211506529530234,8.107005910963357,5.8507964296317025,5.013135899219069
35.8216418947076,45.55777527321948,6.454391730279876,0.4132413110967094,7.718857595437085,5.478208231747279,5.014528098283542
35.838310876510626,45.59013716419701,6.455254397904154,0.7067856147226828,7.903200910773496,5.307268387068202,5.015919810376224
35.85497985831365,45.62250471420022,6.456117346835311,1.0743279049583547,8.079965730617001,4.397547895434468,5.0173110358435045
35.87164884011668,45.654878112550065,6.456980577095177,0.7462884995829625,7.7113234741629615,4.013620488688841,5.018701775031645
35.888317821919706,45.687257521512294,6.457844088709701,0.7883286670711637,7.90496013087479,4.3514754227875505,5.020092028286778
35.904986803722736,45.71964307629746,6.458707881708944,0.49023277077448796,6.997425515142358,4.319847863976108,5.021481795954908
35.921655785525765,45.75203488506095,6.459571956127084,0.6190706339458966,7.916176038740332,4.312915544537646,5.0228710783819075
35.938324767328794,45.78443302890293,6.460436312002412,0.6673807850823034,8.153855599617236,4.70920018920689,5.0242598759135255
35.95499374913182,45.8168375618684,6.461300949377336,0.678954141222962,7.914226556770333,3.8797186856260923,5.025648188895379
35.97166273093485,45.84924851094715,6.462165868298379,0.9989029728212171,7.651141005829816,4.850624299354447,5.027036017672958
35.98833171273788,45.88166587607379,6.463031068816175,0.8541894330162054,7.933741980613928,4.496474044262477,5.028423362591625
36.005000694540904,45.91408963012773,6.463896550985479,0.5204365903242887,8.073583633220482,5.332017673855249,5.029810223996614
36.02166967634393,45.9465197189332,6.464762314865155,0.7921060520137517,8.51371952726376,5.175272952808956,5.031196602233026
36.03833865814696,45.978956061259225,6.465628360518186,0.8425263144028572,7.801406474018525,5.284918181968652,5.032582497645838
36.05500763994999,46.011398548819656,6.466494688011668,0.9709885945297575,7.8606558391203825,5.505681447884709,5.0339679105799
36.07167662175302,46.04384704627312,6.467361297416814,1.059143699992408,8.226330699435522,5.347083083053552,5.03535284137993
36.08834560355604,46.07630139122309,6.468228188808949,0.5400934538829926,7.5185181322971975,5.80856081941231,5.0367372903905165
36.10501458535907,46.10876139421784,6.469095362267515,0.5810174732783232,7.630992261626224,5.502314306088165,5.038121257956124
36.1216835671621,46.14122683875043,6.469962817876069,0.49175004069668027,7.9542445753737105,5.835809756905671,5.039504744421086
36.13835254896513,46.17369748125874,6.470830555722282,0.6965382312902134,8.197869240260463,5.59900051737433,5.040887750129608
36.15502153076816,46.20617305112548,6.471698575897939,0.8366904222910904,7.92466760752656,5.680644837547335,5.042270275425765
36.17169051257119,46.23865325067814,6.4725668784989425,0.9409621486534883,7.5009751197385395,5.034253610119558,5.043652320653507
36.18835949437422,46.27113775518903,6.473435463625309,0.7283814921700703,7.751302030733411,4.8381230027929725,5.045033886156654
36.20502847617725,46.30362621287526,6.474304331381169,0.6796785974250159,7.700271660619638,4.890658421846662,5.046414972278896
36.22169745798028,46.33611824489876,6.475173481874768,0.7740760593030955,7.909777467507439,4.122871326420411,5.0477955793637985
36.2383664397833,46.36861344536627,6.476042915218469,0.5767721928901163,7.45546791210393,3.77268037421421,5.0491757077547925
36.25503542158633,46.40111138132932,6.4769126315287435,1.1617847834887274,7.573371214571064,4.263629091059355,5.0505553577951865
36.27170440338936,46.433611592784274,6.477782630926187,0.4224210532161666,6.730047971087238,3.839232443952139,5.0519345298281575
36.288373385192386,46.466113593141706,6.478652913535453,0.7809775474507681,7.907207921071495,5.136492328226023,5.053313224196755
36.30504236699541,46.498617723665554,6.479523479386927,1.1488268020767283,7.584777662863716,5.029966395034977,5.054691441243925
36.32171134879844,46.53112494584621,6.480394328424557,0.7455416072148126,7.8110792825520985,5.475335932304809,5.0560691813124805
36.33838033060147,46.56363575720609,6.4812654606386255,0.7062498648728734,7.747112416860757,5.094726270881799,5.057446444745081
36.355049312404496,46.596150619090906,6.482136876023741,0.672844574365313,7.211815581542849,5.483572708032295,5.058823231884258
36.371718294207525,46.62866995666955,6.483008574578834,0.708331263098539,7.586992411096516,5.39179059226883,5.060199543072422
36.388387276010555,46.66119415893416,6.483880556307162,1.0190551883648826,7.312503146156509,5.953884780069705,5.061575378651851
36.405056257813584,46.693723578700094,6.484752821216302,0.3021889585827122,7.4572063874164645,5.4162550682732915,5.062950738964702
36.42172523961661,46.726258532605925,6.485625369318162,1.051323881952952,7.799892760169509,5.033438007388353,5.064325624353005
36.43839422141964,46.75879930111347,6.486498200628968,0.4599214654603326,7.331540126069791,5.496625381656497,5.065700035158664
36.45506320322267,46.79134612850776,6.4873713151692725,0.6914581377573278,7.938463776583502,5.162816102778432,5.067073971723458
36.471732185025694,46.82389922289705,6.488244712963953,0.6590153805810844,8.157146390517024,5.849760435512429,5.068447434389038
36.48840116682872,46.85645875621282,6.48911839404221,0.8626505329999148,8.029108740798748,5.718219417109731,5.06982042349693
36.50507014863175,46.889024864209766,6.4899923584375685,0.4253905764279236,7.693526479774584,4.502781571924878,5.071192939388537
36.52173913043478,46.921597646465834,6.490866606187878,0.8375255011195212,8.468062827057576,5.068793810379451,5.072564982405131
36.5384081122378,46.954177166382166,6.491741137335311,1.1500283669841376,7.683019763858865,4.755520673905303,5.0739365528878615
36.55507709404083,46.986763451183165,6.492615951926368,0.472607069142641,7.693132491164505,3.839882313782228,5.075307651177751
36.57174607584386,47.01935649191641,6.493491050011867,0.7832584846141558,7.768385125860717,4.101925987599254,5.076678277615699
36.58841505764689,47.05195624345276,6.494366431646956,0.6129961498457105,7.831264390890932,4.029618233239197,5.078048432542475
36.60508403944992,47.08456262448624,6.495242096891104,0.8306453142243302,8.014622315209126,4.49069913961696,5.079418116298723
36.62175302125295,47.117175517534136,6.4961180458081085,0.7493726693029619,7.636204245029935,4.032139291612975,5.080787329224965
36.63842200305598,47.149794768936964,6.496994278466084,0.6173209260841068,7.464680426192774,4.564256552952618,5.0821560716615926
36.65509098485901,47.182420188858444,6.497870794937474,0.8432679121650899,7.9326213721078975,4.6210442883736285,5.083524343948875
36.67175996666204,47.215051551285526,6.498747595299046,1.1066381776565684,7.818343893813675,5.21868957529693,5.084892146426954
36.68842894846507,47.247688594028396,6.499624679631891,0.7076628510582402,7.485029411553006,5.254003443628833,5.086259479435844
36.70509793026809,47.28033101872046,6.500502048021425,0.8898702047196597,7.4864096738510835,5.369582608340659,5.087626343315438
36.72176691207112,47.31297849081833,6.5013797005573855,0.48733898476967263,7.5870157115637475,5.62537291927347,5.088992738405497
36.73843589387415,47.34563063960188,6.502257637333837,0.5547812141874688,7.910496916837306,6.391882175474468,5.090358665045661
36.755104875677176,47.378287058174166,6.503135858449168,0.8406246114733285,8.007629939908014,5.671229293527664,5.091724123575445
36.7717738574802,47.41094730346149,6.504014364006089,1.0430413810753878,7.068094029497241,5.421258687229436,5.093089114334232
36.78844283928323,47.4436108962134,6.504893154111637,0.8174156177067794,7.61110834323856,5.7740256173981654,5.094453637661284
36.80511182108626,47.476277321002634,6.505772228877171,0.6837560675227408,7.494054369392016,5.362723425873923,5.095817693895738
36.821780802889286,47.508946026225175,6.506651588418377,0.7463006334718073,8.174794868425023,4.748264328058178,5.0971812833766
36.838449784692315,47.54161642410022,6.507531232855263,0.49643543742077684,7.646507672198757,5.592414180953467,5.098544406442756
36.855118766495345,47.574287890670185,6.508411162312161,0.8674946343669838,7.197470435195871,4.574895142688458,5.099907063432962
36.871787748298374,47.60695976580074,6.509291376917728,0.9231327194811847,7.713849192276333,4.3562214468733576,5.10126925468585
36.8884567301014,47.639632340028726,6.510171876698158,0.6563225313956866,7.4719143896085995,4.358411633729635,5.10263098053994
36.90512571190443,47.672307447453676,6.51105266151788,0.6528066123672238,7.1726462931547905,4.737890281384973,5.10399224133364
36.92179469370746,47.70498574446753,6.511933731371767,0.8000650848031995,7.469197659368708,3.6998108350870167,5.105353037405199
36.938463675510484,47.737667810353784,6.512815086261818,0.6596198416010128,8.499150210959064,4.349374869066611,5.106713369092743
36.95513265731351,47.77035417713469,6.513696726193896,0.7338115687888269,7.677224809256379,5.0274175724229595,5.108073236734278
36.97180163911654,47.80304532957126,6.514578651177715,1.167056705406521,7.673996727758543,4.633138687446295,5.109432640667682
36.988470620919564,47.83574170516318,6.515460861226847,0.697781416223471,7.5296705175371486,4.456906184928773,5.110791581230715
37.00513960272259,47.86844369414895,6.516343356358729,0.6755926876939721,7.677217854135668,4.891863148374656,5.112150058761007
37.02180858452562,47.901151639505755,6.517226136594647,0.6178264716087012,7.758662792126204,5.381745992244252,5.113508073596071
37.03847756632865,47.933865836949515,6.518109201959746,0.8962472945710931,7.650620304121508,5.929920188033551,5.114865626073293
37.05514654813168,47.966586534934905,6.518992552483033,0.7112380860466087,7.661562157931152,5.587915167082715,5.116222716529936
37.07181552993471,47.999313934655326,6.519876188197371,0.617682286314722,7.9412355861201505,6.029215563602439,5.117579345303141
37.08848451173774,48.03204819004292,6.5207601091394745,1.0118916265779545,7.610943731929065,5.365621149797171,5.118935512729924
37.10515349354077,48.06478940776855,6.521644315349924,1.031625300011913,7.115869418106303,5.300165868254271,5.1202912191471786
37.1218224753438,48.09753764724184,6.522528806873155,0.6276938177746975,7.527743021772741,5.453692284945676,5.1216464648916755
37.13849145714683,48.13029292061113,6.523413583757458,0.37454432527692694,6.755594769576751,5.836587546193344,5.123001250300061
37.155160438949856,48.16305519276351,6.524298646054982,0.9494287909423536,8.36722433472765,5.192815094246903,5.124355575708859
37.17182942075288,48.195824381324776,6.525183993821736,0.611073778034152,7.754887286719243,5.009213684488038,5.12570944145447
37.18849840255591,48.2286003566595,6.526069627117584,0.9061985060011217,7.174245581175387,4.763422646552798,5.127062847873169
37.20516738435894,48.26138294187097,6.526955546006249,0.3541262183658229,7.551715647496927,4.801822186092867,5.12841579530111
37.22183636616196,48.29417191280118,6.527841750555309,0.9267399980508654,7.310941974182007,4.127041054615029,5.129768284074323
37.23850534796499,48.32696699803094,6.528728240836204,0.5060596457468458,8.166755369728014,4.425190381953338,5.131120314528715
37.25517432976802,48.35976787887972,6.529615016924229,0.8945203093434928,7.30584343639078,3.954537323611691,5.1324718870000705
37.27184331157105,48.39257418940575,6.530502078898536,0.7512955057258596,7.629854998712149,4.861840063915416,5.133823001824047
37.288512293374076,48.42538551640601,6.531389426842134,0.5577263675948482,7.556940883642297,4.161581875707657,5.135173659336184
37.305181275177105,48.45820139941618,6.532277060841893,0.6671803008776744,7.918726745936405,4.330405343751064,5.136523859871891
37.321850256980134,48.49102133071074,6.533164980988538,0.8859245195025117,7.524009959842699,4.993089193325516,5.137873603766462
37.338519238783164,48.52384475530282,6.534053187376651,0.7699129360276947,7.225522360946742,5.102013658727998,5.13922289135506
37.35518822058619,48.556671070944354,6.534941680104675,0.8656898114240126,7.43233253075096,5.418376891858858,5.140571722972731
37.37185720238922,48.58949962812598,6.535830459274904,1.1441684547749382,7.440366078279363,5.599395441560732,5.141920098954393
37.38852618419225,48.622329730077084,6.536719524993497,0.4361050906754882,7.585332504959638,5.362951763815179,5.143268019634843
37.40519516599527,48.655160632765785,6.5376088773704675,1.0724689557468965,8.094130151297577,6.265377806748523,5.144615485348754
37.4218641477983,48.68799154489894,6.5384985165196845,0.7699706085689955,7.213184295558157,6.064226466692081,5.145962496430677
37.438533129601325,48.720821682530776,6.539388442555742,0.5694155442727187,7.143417336230658,6.140686932350354,5.147309053215036
37.455202111404354,48.75365313857433,6.5402786554219,0.4831825142104587,7.474644080589722,5.439569713782711,5.148655156036159
37.47187109320738,48.78648776795925,6.54116915505468,0.7114939991578029,7.373583270276512,5.529533787329519,5.150000805228236
37.48854007501041,48.81932610035354,6.5420599414636325,0.9337208901732237,7.814649128385922,5.230681304999901,5.151346001125319
37.50520905681344,48.852168620900805,6.542951014661577,0.7239537866942547,7.496985508064889,5.259976218314893,5.152690744061342
37.52187803861647,48.88501577022028,6.54384237466461,1.051767292293115,7.7344292264799455,5.027433392708562,5.15403503437012
37.5385470204195,48.9178679444068,6.544734021492099,0.4593738161858277,7.451232206471757,4.52645294490584,5.1553788723853415
37.55521600222253,48.95072549503084,6.545625955166685,0.7472637650441979,7.619188658826372,3.8543686825718897,5.156722258440578
37.57188498402556,48.983588729138475,6.54651817571428,0.4992754185990035,7.813647110179222,4.752453609473296,5.158065192869278
37.58855396582859,49.0164579092514,6.547410683164076,0.8225529893119717,7.37466951428172,4.37066664910856,5.159407676004771
37.60522294763162,49.04933325336695,6.54830347754853,0.9272765485351138,7.901532080542043,4.084606866095063,5.160749708180263
37.621891929434646,49.082214934958046,6.549196558903377,0.6658191219176444,7.515163219619213,4.524125587347257,5.16209128972884
37.63856091123767,49.11510308297324,6.550089927267624,0.2292010718623655,7.952172957218464,4.142396430006913,5.16343242098347
37.6552298930407,49.14799778183671,6.5509835826835525,0.7899057874629841,7.426598710207066,5.145476170958085,5.164773102276994
37.67189887484372,49.180899071448216,6.551877525196714,0.837536135734464,7.573336487452263,4.637408471574082,5.1661133339421355
37.68856785664675,49.2138069471832,6.552771754855935,0.8311195960185997,7.476835613249884,5.254710515026454,5.167453116311499
37.70523683844978,49.24672135989268,6.553666271713318,0.9974892553698572,7.482947289320085,5.605059522720786,5.1687924497175635
37.72190582025281,49.27964221590329,6.554561075824233,0.5361942053817065,7.601627497804079,6.002074314437977,5.170131334492691
37.73857480205584,49.31256937701727,6.5554561672473275,0.8865202390208844,7.691752066087599,5.813483039394251,5.171469770969118
37.755243783858866,49.34550266051252,6.55635154604452,0.9890505493451299,7.244468102009273,5.986584067541425,5.172807759478964
37.771912765661895,49.378441839142525,6.557247212281005,0.39490351125271705,8.196562243938123,5.724271883904788,5.174145300354226
37.788581747464924,49.411386641136396,6.558143166025246,0.8146233267143386,7.264803410016356,5.587949228615082,5.175482393926781
37.805250729267954,49.444336750198865,6.559039407348982,0.6499288810638696,7.183634750419491,5.4296173851144465,5.176819040528381
37.82191971107098,49.47729180551027,6.559935936327227,0.7345321506245839,7.437438267069371,5.114071323391597,5.178155240490662
37.83858869287401,49.510251401726585,6.560832753038263,0.8204437721630571,7.5497765996878154,4.414909521906624,5.179490994145137
37.85525767467704,49.54321508897939,6.561729857563652,0.653534505060452,8.252649352336148,4.44822233457949,5.180826301823198
37.87192665648006,49.57618237287587,6.562627249988224,0.6159102966822463,7.250873468346713,4.5414484738975105,5.182161163856115
37.88859563828309,49.60915271449886,6.563524930400083,0.7579540428335596,7.244312000855407,4.234665006625021,5.1834955805750385
37.905264620086115,49.64212553040677,6.564422898890609,0.533745970561116,6.652635018518415,4.171663107902208,5.184829552310996
37.921933601889144,49.6751001926337,6.565321155554451,0.5341016837170615,7.461477946866788,4.106933220858949,5.186163079394897
37.93860258369217,49.70807602868928,6.566219700489534,0.8872128693948957,7.587775838388112,4.008338730327377,5.187496162157529
37.9552715654952,49.741052321558804,6.567118533797057,0.5216508612168176,7.631438649225756,4.254697301850239,5.188828800929555
37.97194054729823,49.774028979593396,6.568017655556768,0.8847435759971944,7.498075938384995,4.504277639053035,5.190160996041526
37.98860952910126,49.80700855697606,6.568917065728564,0.8440706940611961,7.838741705006758,4.831095324675954,5.191492747823892
38.00527851090429,49.83999174405759,6.569816764311881,0.40646240150200136,7.553728926040184,5.197480303753482,5.192824056606953
38.02194749270732,49.872978915348156,6.570716751318188,0.616182080643785,7.220788052879103,5.267435223535288,5.19415492272089
38.03861647451035,49.905970412257176,6.5716170267621115,0.9905881076386949,7.274109730601012,5.223348091014636,5.195485346495764
38.05528545631338,49.93896654309336,6.572517590661443,0.5556042887735352,7.549414890301985,5.271350240320879,5.1968153282615175
38.07195443811641,49.971967583064696,6.573418443037134,0.6590276625522388,6.864432400674337,6.560899711789249,5.198144868347975
38.088623419919436,50.00497377427846,6.574319583913296,0.8443917657039901,7.677396701205107,5.457081490481012,5.199473967084842
38.10529240172246,50.03798532574122,6.575221013317206,0.9087287129629391,7.3422141147930935,5.576853907375136,5.200802624801702
38.12196138352548,50.07100241335878,6.576122731279297,0.7018138099501192,7.555740066654589,5.752240682806539,5.2021308418280245
38.13863036532851,50.1040251799363,6.57702473783317,0.6326904762595607,7.211536466169653,5.511629571245479,5.2034586184931575
38.15529934713154,50.13705373517816,6.577927033015584,1.0367373675492264,7.515787676435247,5.326366210634526,5.204785955126331
38.17196832893457,50.17008815568805,6.578829616866458,1.1001141599399429,7.451986072076536,4.787370698617716,5.206112852056656
38.1886373107376,50.20312848496892,6.579732489428878,0.9481766212534661,7.385890927477918,4.749647478146371,5.207439309613125
38.20530629254063,50.236174733423034,6.580635650749084,0.7695393754590893,7.35646766577168,4.4858978436234915,5.20876532812461
38.221975274343656,50.26922687835191,6.581539100876484,0.5908932903857036,7.570582448994896,4.215409709023225,5.210090907919866
38.238644256146685,50.30228486395635,6.5824428398636465,0.5865281930757449,7.0497960900190435,4.291880139681283,5.2114160493275286
38.255313237949714,50.335348601336456,6.583346867766298,0.8571904870052911,7.16085407284073,4.520618494808099,5.212740752676115
38.27198221975274,50.36841796849159,6.58425118464333,0.8364378535734269,8.012859350783037,4.261039008798827,5.214065018294025
38.28865120155577,50.40149281032042,6.5851557905567955,1.0331484232935617,7.472827734379372,4.398427643377869,5.2153888465095335
38.3053201833588,50.43457293862087,6.586060685571907,0.8829891703716992,7.41620873308753,4.917378448159266,5.216712237650805
38.32198916516183,50.46765813209015,6.586965869757039,0.452353490510897,8.013491055768144,5.1186427520950994,5.218035192045879
38.33865814696485,50.50074813632477,6.58787134318373,0.9634294252306211,7.32986356467844,5.555342477722115,5.2193577100226785
38.355327128767875,50.5338426638205,6.5887771059266775,0.5534980788577213,8.038112968190159,4.7953704436398965,5.220679791909007
38.371996110570905,50.566941393972435,6.589683158063741,0.6763862043627014,7.396115965472799,5.804301497116338,5.222001438032552
38.388665092373934,50.60004397307489,6.590589499675943,0.8032907062207005,6.934172905040346,5.871600791169075,5.2233226487208775
38.40533407417696,50.63315001432149,6.591496130847466,1.1524543209155969,8.06754387958714,5.516121147923415,5.224643424301433
38.42200305597999,50.66625909780515,6.592403051665656,1.37537464390621,7.561728453994861,5.871432562685921,5.225963765101545
38.43867203778302,50.69937077051806,6.593310262221017,0.8748056060232479,7.304602825786426,6.047496825455679,5.227283671448426
38.45534101958605,50.732484546351685,6.594217762607219,0.7168916836740048,7.443339219492473,5.347928038585726,5.228603143669164
38.47201000138908,50.765599906096774,6.595125552921089,0.8605021020541276,7.185960047746524,5.53553698817807,5.229922182090735
38.48867898319211,50.79871637178185,6.596033633260807,0.93120197417726,7.668703467497059,5.430830279224611,5.23124078703999
38.50534796499514,50.83183515696123,6.596942003663248,0.689607232226755,6.884281281977335,4.5981852361630935,5.232558958843693
38.52201694679817,50.86495716337957,6.597850664120839,1.1128528485342781,6.842662964652188,4.634755268711145,5.233876697828466
38.5386859286012,50.898082746780986,6.598759614634419,0.7998945008683375,7.456791156020307,4.557264385769638,5.235194004320801
38.555354910404226,50.93121223466536,6.59966885520839,0.8534986901779154,7.237670100001034,4.069858005571955,5.236510878647079
38.57202389220725,50.964345926288395,6.600578385850719,0.8872045977381662,7.420110110851602,3.9543632375114792,5.237827321133556
38.58869287401027,50.99748409266152,6.60148820657294,0.8384066960425914,7.0743400464181025,4.163565565666681,5.239143332106378
38.6053618558133,51.03062697655205,6.6023983173901515,0.9219470522175789,8.25644844395639,4.508472376416876,5.240458911891575
38.62203083761633,51.063774792482995,6.603308718321016,0.630777844616507,7.46556986729024,4.596677093854193,5.241774060815056
38.63869981941936,51.0969277267332,6.604219409387763,0.6426376125239587,7.244400832506723,4.339109601307866,5.243088779202614
38.65536880122239,51.13008593733728,6.6051303906161865,0.534336549677905,7.175471152702616,5.026567400639751,5.244403067379928
38.67203778302542,51.16324955408564,6.606041662035645,0.8423370269139518,7.52772868213191,4.830074296539972,5.245716925672561
38.688706764828446,51.196418678524466,6.606953223679064,0.9102934175553616,8.30920118553107,4.839827532300993,5.247030354405954
38.705375746631475,51.22959338395576,6.6078650755829305,0.846129977678514,7.4246990973836215,5.423143339457566,5.2483433539054385
38.722044728434504,51.26277371543728,6.6087772177873,1.0895431302318124,8.249475763397198,6.028368987806758,5.249655924496223
38.73871371023753,51.295959689782585,6.6096896503357945,0.7535946304164486,6.966816810030437,5.978752755011602,5.250968066503407
38.75538269204056,51.32915129556102,6.610602373275598,0.8885313074133214,7.149015954797556,5.795414226476504,5.252279780251964
38.77205167384359,51.362348493097706,6.6115153866574605,0.5365118946589579,6.715978129899605,5.606866991697921,5.253591066066758
38.78872065564662,51.39555121447357,6.612428690535697,0.677501174450225,7.353786738757057,5.479281743254645,5.254901924272536
38.805389637449636,51.42875936352531,6.613342284968188,0.8940976629696789,7.377796905733987,5.434800295514307,5.256212355193923
38.822058619252665,51.46197281584544,6.614256170016381,0.9248794815565645,7.24241992015555,4.84821047533108,5.257522359155434
38.838727601055695,51.49519141878223,6.615170345745287,0.6963345692533754,7.456766931989422,4.814364248135383,5.258831936481465
38.855396582858724,51.528414991439746,6.61608481222348,0.7408769592066176,7.907409562151483,4.612131303237916,5.260141087496292
38.87206556466175,51.56164332467784,6.616999569523104,0.4516908624347187,7.123688107497306,4.061131069702646,5.26144981252408
38.88873454646478,51.59487618111216,6.6179146177198644,0.6839285251897367,7.031551657587174,4.056811846518118,5.262758111888874
38.90540352826781,51.62811329511414,6.618829956893035,0.9334797030096287,7.593366903890598,4.341113810384414,5.264065985914603
38.92207251007084,51.66135437281098,6.61974558712545,0.8705127298429484,7.190001633365086,4.2070032199473655,5.26537343492508
38.93874149187387,51.69459909208571,6.620661508503514,0.8556734785621167,6.882562521532333,4.175633867123778,5.266680459244002
38.9554104736769,51.72784710257711,6.621577721117194,0.7655636307215169,7.388458135488301,4.130594220604358,5.267987059194947
38.97207945547993,51.76109802567976,6.622494225060022,0.7570900353325642,6.719482333481779,5.071191956688795,5.2692932351013795
38.98874843728296,51.79435145454402,6.623411020429097,0.6236816373429509,7.158449174658617,4.580205790456647,5.270598987286646
39.00541741908599,51.82760695407605,6.624328107325081,0.8955799622049277,7.334062148211209,5.157028693932839,5.271904316073975
39.022086400889016,51.86086406093781,6.625245485852203,0.8400772312521204,6.980389475687202,5.17715645703782,5.273209221786481
39.03875538269203,51.894122283546984,6.626163156118257,0.8543547274526454,7.348514296482973,5.544690460935747,5.27451370474716
39.05542436449506,51.92738187010345,6.627081118183865,0.6508122560574244,7.015569729731378,5.829111970958657,5.275817765278915
39.07209334629809,51.960643824153856,6.627999372022578,0.3254188585975576,7.785676258616189,5.371034739061059,5.277121403704529
39.08876232810112,51.99390862338826,6.628917917623112,0.9755861541344314,7.229932648952193,5.79382987057459,5.2784246203466445
39.10543130990415,52.02717671046506,6.629836754978228,0.660456241011935,7.58630843331397,6.088815009603915,5.279727415527791
39.12210029170718,52.0604484936423,6.630755884084699,0.5837366510399803,7.3303474022793615,6.124195166729172,5.281029789570383
39.138769273510206,52.09372434677753,6.631675304943308,0.8950556090584931,6.976384018903831,5.3625568897131135,5.282331742796718
39.155438255313236,52.12700460932792,6.632595017558852,0.6780252726981056,6.474876710863976,5.180563499289471,5.283633275528984
39.172107237116265,52.16028958635022,6.633515021940139,0.9684830026636956,7.313131080473575,5.5815017689065884,5.28493438808925
39.188776218919294,52.193579548500736,6.634435318099988,0.8799647920954172,7.2744304239709265,5.016640837524295,5.286235080799477
39.20544520072232,52.22687473203537,6.6353559060552305,0.8933452942862202,7.295755081102978,4.280747977354338,5.287535353981505
39.22211418252535,52.26017533880962,6.636276785826711,0.48350806599948826,7.135352736278595,4.122300677944717,5.288835207957064
39.23878316432838,52.2934815362785,6.637197957439284,0.9991557350248617,7.0691662191688325,4.504779782895214,5.290134643047767
39.25545214613141,52.32679345749668,6.638119420921815,0.8090847250039567,7.628808398041311,3.9009098569339407,5.291433659575116
39.272121127934426,52.36011120111834,6.6390411763071855,0.6830468228062772,6.492077453825897,4.594862930424232,5.292732257860496
39.288790109737455,52.39343483139732,6.639963223632286,0.785647527098149,7.301032738146369,4.504778453349166,5.294030438225178
39.305459091540484,52.42676437818696,6.640885562938017,0.40179032108719426,6.971583745243339,4.75405713328959,5.295328200990323
39.322128073343514,52.46009983694022,6.641808194269295,0.8388354150502689,7.0910643117009675,4.75526206185172,5.29662554647697
39.33879705514654,52.49344116870963,6.642731117675044,0.5512979872422624,7.150426057938591,4.89329797072283,5.29792247500605
39.35546603694957,52.526788300147295,6.643654333208205,0.48670561885893476,6.811408221362598,5.762753498040365,5.29921898689838
39.3721350187526,52.56014112350491,6.6445778409257255,0.45283517694461833,7.2697086081593,5.4603053447207675,5.300515082474657
39.38880400055563,52.59349949663373,6.645501640888568,0.9799119783455024,7.805714894580301,5.56889887044569,5.301810762055469
39.40547298235866,52.62686324298461,6.646425733161706,0.631588864754232,7.37870407600412,5.75821712613618,5.303106025961288
39.42214196416169,52.66023215160797,6.647350117814125,1.0642542765945087,7.221124295073339,5.853649752552264,5.304400874512472
39.43881094596472,52.69360597715382,6.648274794918823,0.6504155840795187,6.706877633992795,5.422066097731525,5.305695308029264
39.45547992776775,52.72698443987174,6.649199764552807,0.4161713781977227,7.250165792826956,5.425816911199956,5.306989326831795
39.47214890957078,52.760367225610885,6.650125026797099,0.534405125687701,8.123042064482588,5.215547411560145,5.308282931240079
39.48881789137379,52.79375398581998,6.651050581736731,1.0049393325619607,7.047488299853537,5.42096051652621,5.309576121574017
39.50548687317682,52.82714433754739,6.651976429460749,0.7266643187656405,7.111368419616865,4.651618560942934,5.310868898153396
39.52215585497985,52.86053786344098,6.652902570062209,0.6482533917437666,6.905110945848169,4.148794853800033,5.312161261297889
39.53882483678288,52.89393411174824,6.653829003638179,0.7899813437851294,7.129553004388717,3.8752853269800562,5.313453211327053
39.55549381858591,52.92733259631622,6.654755730289738,0.8584010442918075,5.993371046595906,3.8665315913688336,5.314744748560333
39.57216280038894,52.96073279659155,6.6556827501219775,0.981591009540838,7.327349005782083,4.626130172467463,5.316035873317059
39.58883178219197,52.99413415762046,6.6566100632440035,1.0478777924865876,7.0032831032057095,4.209154909964161,5.317326585916446
39.605500763994996,53.02753609004873,6.657537669768931,0.6862908683307483,6.369852131947997,4.419202688795233,5.318616886677595
39.622169745798026,53.06093797012173,6.6584655698138855,0.49310166207293477,7.248009440799002,4.565901248352379,5.319906775919494
39.638838727601055,53.09433962560857,6.65939376344404,0.6756847196729946,6.698096433133629,4.616200280329837,5.321196253961025
39.655507709404084,53.127742529389394,6.660322250547187,0.8105003566173903,7.03669609461324,4.8105305896956105,5.322485321120977
39.67217669120711,53.161147452955134,6.6612510311038475,0.5657589242440454,7.45622069287641,5.396297838534041,5.323773977717994
39.68884567301014,53.19455503781963,6.662180105108071,0.5671469314620494,6.456662948624637,5.368592641466525,5.325062224070601
39.70551465481317,53.22796587600167,6.663109472557734,0.8274010464628152,6.993370359781706,5.954575221382513,5.326350060497216
39.72218363661619,53.26138051002492,6.66403913345453,0.7489793062947808,7.268780014869709,5.878778194774894,5.327637487316144
39.738852618419216,53.29479943291801,6.664969087803978,0.7653354328788472,7.577894305026329,5.597065299243295,5.3289245048455784
39.755521600222245,53.32822308821447,6.665899335615413,0.6071431747631825,6.828763567971857,5.646530668330774,5.330211113403598
39.772190582025274,53.36165186995275,6.666829876901997,0.7128282574751086,7.3472407236036075,5.512790857566629,5.331497313308172
39.788859563828304,53.39508612267621,6.66776071168071,0.5741278807694669,7.202861598555375,5.960076073371507,5.3327831048771595
39.80552854563133,53.42852614143314,6.668691839972353,0.9370802518361611,6.248618936726652,5.278837394459782,5.3340684884283025
39.82219752743436,53.46197217177674,6.66962326180155,0.96615644721266,7.43378883296917,4.927151746624091,5.335353464279235
39.83886650923739,53.49542440976516,6.670554977196745,0.3899349691330555,7.311571633438174,5.012646277613014,5.336638032747478
39.85553549104042,53.52888300196142,6.671486986190204,0.5733362814984543,6.976296524214378,4.645736984468683,5.337922194150442
39.87220447284345,53.562348045433495,6.672419288818014,0.45999846510612746,7.2597575160686905,4.55326500456915,5.339205948805422
39.88887345464648,53.59581958775427,6.673351885120084,0.6293653424483732,7.617910734967886,4.874240248905111,5.340489297029606
39.90554243644951,53.629297627001556,6.674284775140143,0.7427482991831589,7.161887975321167,4.491444316590502,5.341772239140066
39.92221141825254,53.66278211175807,6.675217958925742,0.4695725636063482,7.029295836831113,4.212468636714719,5.343054775453763
39.93888040005557,53.696272941111445,6.676151436528254,0.5751953099066451,6.634558524074545,3.8465845621958192,5.344336906287547
39.95554938185858,53.72976996465424,6.677085208002873,0.5588414136693869,7.111832898498807,4.255433100324053,5.345618631958156
39.97221836366161,53.76327298248397,6.678019273408612,0.8011519200752837,7.359827250648802,4.81326344150723,5.346899952782216
39.98888734546464,53.796781745203006,6.678953632808309,0.7736328382558965,6.990100859339266,4.482335569827325,5.348180869076241
40.00555632726767,53.830295953918686,6.67988828626862,0.6154819273652131,6.661024326010191,5.725925432899381,5.349461381156632
40.0222253090707,53.863815260243236,6.680823233860027,0.7952590301629598,7.736270766569477,5.329756806942797,5.35074148933968
40.03889429087373,53.89733926629382,6.681758475656826,0.6506242070259841,7.122564151141893,5.550019536861305,5.352021193941563
40.05556327267676,53.930867524692516,6.6826940117371425,0.7056945205800755,6.935816061407779,5.4928849435330225,5.353300495278346
40.072232254479786,53.96439953856632,6.683629842182916,1.0947812298878956,7.4159625106216955,5.931570847107436,5.3545793936659845
40.088901236282815,53.99793476154715,6.684565967079911,1.0282482418377825,7.405827516246441,5.448197490183633,5.35585788942032
40.105570218085845,54.03147259777184,6.685502386517715,0.5003049542019208,5.69943404622191,6.380214183122855,5.357135982857083
40.122239199888874,54.06501240188215,6.686439100589733,0.9262328057147946,7.13486461030517,5.989549912405225,5.358413674291894
40.1389081816919,54.09855347902475,6.687376109393194,0.9226307040201875,6.469160045857601,5.695036955543201,5.359690964040258
40.15557716349493,54.13209508485125,6.688313413029146,0.5307637567732533,7.2700653909584245,4.748881917467265,5.360967852417568
40.172246145297954,54.16563642551812,6.68925101160246,0.9242369150832724,7.108453646168663,4.977642443788938,5.362244339739109
40.18891512710098,54.19917665768685,6.690188905221828,1.068132692217577,7.395840929901691,5.036975188694262,5.363520426320052
40.205584108904006,54.23271488852377,6.691127093999764,0.5361022198708282,7.02586814381997,4.642307233168063,5.364796112475455
40.222253090707035,54.26625199644989,6.692065577935116,0.5771754398710273,6.262477718378294,4.006314319983015,5.366071398520279
40.238922072510064,54.299790758293994,6.693004356900196,0.9642730707539295,6.905198950106954,4.022349907473857,5.367346284769378
40.25559105431309,54.333331897325785,6.693943430896572,0.8151045632065519,7.1528698599827685,4.068857775406181,5.368620771537474
40.27226003611612,54.36687605796614,6.6948827999304585,0.8711654300780387,7.571864860697614,4.088364398573452,5.369894859139177
40.28892901791915,54.400423828958836,6.695822464011231,0.8290526426191472,6.94449300348585,4.86452287239339,5.371168547888989
40.30559799972218,54.43397574337056,6.696762423151424,0.8391385581414856,7.507604043489466,4.024250479768657,5.3724418381013015
40.32226698152521,54.4675322785909,6.697702677366737,0.4957694732060466,6.819536530141821,5.031106653378226,5.373714730090396
40.33893596332824,54.501093856332346,6.698643226676031,0.9705919153882688,7.13131726552416,4.696637702224711,5.374987224170446
40.35560494513127,54.53466084263026,6.699584071101329,0.9951107980162808,6.801057538782388,5.037694114996937,5.376259320655512
40.3722739269343,54.56823354784294,6.700525210667815,0.7153790264426292,7.0705881688125976,4.932963642315856,5.377531019859549
40.38894290873733,54.60181222665156,6.701466645403835,0.7526261112654732,7.436591733867131,5.528510934501516,5.378802322096398
40.40561189054035,54.635397078060194,6.702408375340898,0.4551642769233641,6.592813612600571,6.235913758212526,5.380073227679791
40.42228087234337,54.66898824539586,6.703350400513675,0.86430095506635,6.904848498141303,5.874971855477436,5.3813437369233545
40.4389498541464,54.702585816308414,6.704292720959998,0.8759256688436661,7.1339259430629225,5.3709534925324025,5.382613850140602
40.45561883594943,54.73618982277064,6.705235336720862,0.7491401039365879,7.283556801630174,5.899021224801905,5.383883567644935
40.47228781775246,54.76980024107822,6.7061782478404215,0.9865130563315097,6.662182003654018,5.7685343381854,5.385152889749648
40.48895679955549,54.803416991849744,6.707121454365997,0.6948909653555235,7.789084723132797,5.196541470596728,5.386421816767927
40.50562578135852,54.837039940026685,6.708064956348068,0.8746915740852844,7.444529160822943,5.5257488714472185,5.387690349012846
40.52229476316155,54.870668894873425,6.709008753840276,0.5579014486719602,6.981212608011065,4.920080907729182,5.388958486797369
40.538963744964576,54.90430360997725,6.7099528468994265,0.757187763875947,6.99692761827927,4.668652936127258,5.390226230434351
40.555632726767605,54.93794378324833,6.710897235585484,0.727091170235066,6.723953383683383,4.065584940796058,5.391493580236539
40.572301708570635,54.971589056919754,6.711841919961578,0.8070873841009321,6.996955763951434,4.405453135173728,5.392760536516567
40.588970690373664,55.00523901754751,6.712786900093998,0.688184141903309,6.729657175224637,4.269549752496106,5.394027099586962
40.60563967217669,55.03889319601046,6.713732176052196,0.7358586866008741,6.979351974663296,4.425629177725331,5.395293269760139
40.62230865397972,55.07255106751041,6.7146777479087865,0.927426268164599,7.165615156354668,4.200981360698399,5.396559047348405
40.638977635782744,55.106212051572,6.715623615739545,0.6749275646334905,6.746702617069156,4.639589201674868,5.397824432663955
40.65564661758577,55.139875512042856,6.71656977962341,0.44102852018987243,6.920985299280938,4.589955617369796,5.399089426018879
40.672315599388796,55.173540757093434,6.717516239642481,1.1123241994747068,6.656010309041731,4.44088339117849,5.40035402772515
40.688984581191825,55.20720703921712,6.718462995882021,1.0387616626951854,7.190848277584806,5.626198406500667,5.40161823809464
40.705653562994854,55.24087355523018,6.7194100484304515,0.5040816862748021,7.029086287998079,5.085685183135462,5.402882057439102
40.72232254479788,55.27453944627182,6.72035739737936,0.9005391146871047,7.0278163508709515,5.725731437643177,5.4041454860701865
40.73899152660091,55.30820379780408,6.721305042823494,0.6620658778611792,6.917677399933639,5.882739048040199,5.40540852429943
40.75566050840394,55.34186646068124,6.722252984832363,0.8154215033502334,6.9346578926355065,5.893419432099714,5.406671172438267
40.77232949020697,55.37553088099436,6.723201223335578,0.8216320643664443,7.242181838029441,5.645253228359224,5.407933430798035
40.78899847201,55.409198012745925,6.724149758327248,0.715968806735324,6.987526068155145,5.674772314161645,5.409195299689945
40.80566745381303,55.442868334923624,6.725098589817919,0.6061603118592487,7.125033432491931,5.539827913131639,5.410456779425095
40.82233643561606,55.476542283551495,6.726047717820921,0.6248682626222999,7.064831957708938,5.3851337521522185,5.411717870314475
40.83900541741909,55.51022025168999,6.726997142352372,0.5798010680174082,7.216130865794952,5.434662251668827,5.412978572668967
40.85567439922211,55.543902589435916,6.727946863431166,0.5967379374027604,7.31706640719423,4.743232565471131,5.414238886799346
40.87234338102514,55.57758960392252,6.728896881078988,0.749729598869275,6.997537009990172,4.482553816433048,5.415498813016281
40.88901236282816,55.6112815593194,6.729847195320304,0.6200760867704217,7.636951577816581,4.034231893115793,5.416758351630331
40.90568134463119,55.64497867683254,6.730797806182361,0.8997012753196867,7.128372961139907,4.347873638354293,5.418017502951946
40.92235032643422,55.67868113470432,6.731748713695192,1.0608028206881481,7.242293102774013,4.404801658530436,5.4192762672914725
40.93901930823725,55.712389068213504,6.732699917891615,0.6474056186380176,7.2702528715823975,4.212274805968061,5.420534644959144
40.95568829004028,55.74610256967526,6.73365141880723,0.8113597941454926,6.783931164846742,4.570209074667048,5.42179263626509
40.97235727184331,55.7798216884411,6.7346032164804175,0.8634784930487956,7.532304302158109,4.514010097072817,5.4230502415193325
40.98902625364634,55.81354643089899,6.735555310952348,0.8580044519333393,7.011379776158967,5.03699514469372,5.424307461031782
41.005695235449366,55.847276760473214,6.736507702266972,0.7788575278935536,6.948432479749512,5.359497957075557,5.425564295112246
41.022364217252395,55.88101259762449,6.737460390471023,0.9122653843308104,7.096614132731846,5.596932621770449,5.4268207440704215
41.039033199055424,55.9147538198499,6.738413375614019,0.860241067319317,6.920482760474106,5.572272992143698,5.428076808215896
41.055702180858454,55.94850026168293,6.739366657748264,0.5163211182059566,7.051071121814356,5.381932758748042,5.4293324878581535
41.07237116266148,55.98225171469344,6.7403202369288415,0.9377470911895432,6.732095059012778,5.599408043536527,5.430587783306567
41.089040144464505,56.01600792748768,6.7412741132136205,0.9414362711454914,7.213192495281804,5.9739230631705365,5.431842694870404
41.105709126267534,56.04976860570829,6.742228286663254,0.611383057965213,6.888660710864602,6.464535079751404,5.433097222858822
41.122378108070556,56.0835334120343,6.743182757341177,0.7716899707157273,6.9051510108517515,5.490724137175527,5.434351367580874
41.139047089873586,56.11730196618113,6.744137525313612,0.9008302767183589,6.537140106947317,5.534683525205716,5.435605129345499
41.155716071676615,56.151073844900566,6.745092590649562,0.7223637384630497,7.036805403834532,4.9971451959058735,5.436858508461537
41.172385053479644,56.184848581980816,6.746047953420812,0.9788840858359285,6.974789978775793,4.621745527462162,5.438111505237712
41.18905403528267,56.21862566824643,6.747003613701936,1.2371248987796275,7.126236808529183,4.469442459741641,5.4393641199826455
41.2057230170857,56.252404551558406,6.747959571570285,0.60721506655922,6.830586981783545,3.8380799577092466,5.440616353004849
41.22239199888873,56.286184636814056,6.748915827105999,0.4882651753315721,6.230296470422905,4.711933659835124,5.441868204612727
41.23906098069176,56.31996528594714,6.749872380391999,0.8252995875932885,7.156087722428166,3.5479074133931263,5.443119675114576
41.25572996249479,56.35374581792779,6.7508292315139915,0.9089100916296402,7.234869537483281,4.125513222751719,5.4443707648185855
41.27239894429782,56.38752633706646,6.751786380540664,0.7184859875779134,6.412125969798629,3.9168132330834258,5.445621474032842
41.28906792610085,56.42130906168693,6.752743827461716,1.0553730163521426,7.074140853394059,4.1419799876281,5.446871803065344
41.30573690790388,56.45509452594245,6.753701572277516,0.49706129467123233,7.04100310905087,5.015327475187238,5.44812175222395
41.3224058897069,56.48888309708052,6.7546596149936855,0.903427699725303,6.912208801319631,4.896700852867422,5.44937132181642
41.33907487150993,56.52267511067587,6.7556179556188125,0.6437332810337371,6.82910987350561,4.7967925915148975,5.450620512150403
41.35574385331295,56.5564708706304,6.756576594164457,1.1088424460452404,6.222827437527792,5.1511260984703435,5.451869323533444
41.37241283511598,56.59027064917321,6.757535530645145,1.1635313045957032,7.0036287415686695,5.307792735826363,5.453117756272982
41.38908181691901,56.6240746868606,6.758494765078375,0.6117582350920548,6.566976999327482,5.6812066800345775,5.45436581067635
41.40575079872204,56.657883192576065,6.759454297484611,0.6552393936703222,6.617437998032867,5.83499241844844,5.455613487050777
41.42241978052507,56.6916963435303,6.760414127887291,0.9371296159563137,7.109488479751153,6.363973030756395,5.456860785703382
41.4390887623281,56.7255142852612,6.76137425631282,0.6878470758041082,5.9640096783263035,5.1547150398221095,5.458107706941182
41.45575774413113,56.75933713163383,6.76233468279057,0.7562520788589157,6.749467440507281,5.582027719589802,5.459354251071088
41.472426725934156,56.793164964840486,6.763295407352887,0.7704730727072526,6.886281451430749,5.302656040295209,5.460600418399902
41.489095707737185,56.82699783540064,6.764256430035082,0.3815217729710725,6.999365530669915,5.4472420522897025,5.4618462092343245
41.505764689540214,56.86083576216098,6.765217750875435,0.7627498200503956,6.991724314996437,5.019686932633718,5.463091623880946
41.522433671343244,56.89467873229537,6.766179369915202,0.6276327289502437,6.737600609884242,4.848809029641304,5.4643366626462555
41.539102653146266,56.92852670130486,6.767141287198597,0.667014583200555,7.128210779071169,4.5658302035153655,5.465581325836633
41.555771634949295,56.96237959301775,6.7681035027728145,1.054426361703708,6.7832921527381345,4.02595889035157,5.466825613758353
41.572440616752324,56.99623729958949,6.769066016688013,0.5144593448839527,6.796164784875255,4.580183482793462,5.468069526717586
41.589109598555346,57.030099681502726,6.770028828997319,0.9284624732081106,6.710269995097737,4.444288733393223,5.469313065020395
41.605778580358376,57.06396656756732,6.77099193975683,0.7100895112881545,6.937638892283006,4.5451969355312745,5.470556228972739
41.622447562161405,57.09783775492032,6.771955349025613,0.709990674517088,6.932711272336009,4.786978283710546,5.471799018880469
41.639116543964434,57.13171300902598,6.772919056865703,0.9240776476425309,7.397916440752515,4.728279232485323,5.47304143504933
41.65578552576746,57.16559206367574,6.773883063342107,0.8340740369045623,6.324775773504674,5.281362008522184,5.474283477784965
41.67245450757049,57.19947462098824,6.774847368522798,0.8802468363244248,6.815212605242067,5.200397421383911,5.475525147392909
41.68912348937352,57.23336035140931,6.775811972478719,0.95982157719645,7.086654678297876,5.262900388438616,5.476766444178587
41.70579247117655,57.267248893712,6.776776875283784,0.6999833259706933,6.918641351358896,5.5359729270762825,5.478007368447326
41.72246145297958,57.30113985499653,6.777742077014875,0.6438579625199143,6.863397261720771,5.687463899778633,5.479247920504342
41.73913043478261,57.33503281069033,6.7787075777518435,0.5493354602091529,7.056528762060283,5.627449873518683,5.480488100654744
41.75579941658564,57.368927304548016,6.779673377577508,0.6013436648978363,6.684822176049735,6.284791380257319,5.481727909203542
41.77246839838866,57.402822848651404,6.780639476577661,1.3563048105904882,7.626938726114542,5.818207205084159,5.482967346455633
41.78913738019169,57.436718923409536,6.781605874841061,1.015481945561962,6.945769958329933,5.620423550831106,5.484206412715812
41.80580636199472,57.47061534132409,6.7825725724502215,0.49639120929816066,6.260868627352428,5.51320244823442,5.4854451082887765
41.82247534379774,57.504513368309254,6.783539569417447,0.5021744935440743,6.454754820006601,6.056550255443326,5.486683433479133
41.83914432560077,57.53841356745453,6.784506865731718,0.863099248805946,6.623022698914995,4.57303016313234,5.487921388591358
41.8558133074038,57.57231636102723,6.785474461386312,0.8762388967123195,7.179289722640114,4.417552212167989,5.489158973929821
41.87248228920683,57.60622213869878,6.7864423563779885,0.8766225542682886,6.719518818231947,4.047616249059933,5.490396189798785
41.88915127100986,57.64013125754478,6.787410550706989,0.7159144276443797,6.693599564625388,4.2354300723758955,5.491633036502413
41.90582025281289,57.67404404204498,6.788379044377034,0.7418744826756686,7.0022540986356185,4.290317308025441,5.49286951434476
41.92248923461592,57.707960784083255,6.789347837395332,0.8326009369886965,6.820131775351068,4.065216682438267,5.494105623629781
41.939158216418946,57.74188174294765,6.790316929772568,0.7842632800441462,6.960456041759503,4.108906910565157,5.495341364661324
41.955827198221975,57.775807145330326,6.791286321522913,0.3232842000013477,6.72975766219172,4.450954324007901,5.496576737743137
41.972496180025004,57.80973718532763,6.792256012664017,0.7212438933265608,7.088288287725761,4.452950682299518,5.497811743178861
41.98916516182803,57.843672024440025,6.793226003217015,0.5969820265943122,6.602002513081329,4.9308006909879145,5.499046381272035
42.005834143631056,57.87761179157212,6.7941962932065225,0.802365040335553,6.7542593238713335,5.422069898096025,5.500280652326092
42.022503125434085,57.911556583032706,6.795166882660638,1.3644339492733888,6.9391492627622,5.532363582086452,5.501514556644366
42.039172107237114,57.94550646253469,6.796137771610941,0.8409378231264936,6.828712366884735,5.802774692843751,5.502748094530083
42.055841089040136,57.97946146119512,6.797108960092495,0.7047948431448476,6.827441156011178,6.02073867310452,5.503981266286366
42.072510070843165,58.01342157753522,6.798080448143843,0.9519203201799501,6.541393226989564,5.868257478657323,5.5052140722162335
42.089179052646195,58.047386777480334,6.799052235807012,0.8641567856777107,6.748754901346216,5.747555939125278,5.506446512622604
42.105848034449224,58.08135699435995,6.800024323127511,0.8516972438125292,6.811601799050906,5.497355444417475,5.507678587808289
42.12251701625225,58.115332128907745,6.8009967101543305,0.8891075508752504,6.680422813617595,5.474178702093901,5.508910298075995
42.13918599805528,58.14931204926148,6.801969396939945,1.1791051807203896,6.603440141563334,5.239008033450659,5.510141643728329
42.15585497985831,58.18329659096312,6.802942383540306,0.5416777652128306,6.9452267143066075,5.381411880999148,5.511372625067793
42.17252396166134,58.21728555695873,6.803915670014855,0.8626408011537715,6.529024817410347,5.015888175239892,5.51260324239678
42.18919294346437,58.251278717598574,6.804889256426509,0.582697042287351,7.373492655542803,4.879454773541813,5.513833496017588
42.2058619252674,58.285275810637,6.80586314284167,0.8791346290117837,6.915401670133595,4.113170114033177,5.515063386232404
42.22253090707042,58.31927654123255,6.80683732933022,0.5843535778620846,6.249423470655531,4.734388834408708,5.516292913343315
42.23919988887345,58.3532805819479,6.807811815965527,0.6846762467993558,7.287249583203879,4.0884262014687724,5.517522077652303
42.25586887067648,58.38728757274987,6.808786602824439,0.709190304967776,6.760743042545955,3.8748852269876566,5.518750879461247
42.27253785247951,58.421297121009424,6.809761689987284,0.9634302589020246,6.996919263068663,4.139347128013745,5.51997931907192
42.28920683428253,58.45530880150167,6.810737077537876,0.9520163799508667,6.741502595835118,5.1538327440383425,5.521207396785996
42.30587581608556,58.48932215640589,6.8117127655635095,0.5192405409028291,7.190351684020753,4.487874599232135,5.52243511290504
42.32254479788859,58.52333669530548,6.812688754154959,0.779429312311073,6.930665928143085,4.740902780533976,5.523662467730516
42.33921377969162,58.55735189518798,6.813665043406484,0.6265849419584058,6.606407938381386,5.030862167227968,5.5248894615637845
42.35588276149465,58.5913672004451,6.8146416334158255,0.5168583024373239,6.201231619426853,5.285304551605824,5.526116094706101
42.37255174329768,58.62538202287269,6.815618524284206,0.7252141950075646,6.642871149458012,5.304544047244128,5.527342367458617
42.38922072510071,58.659396438105624,6.816595716049701,0.7069793167661136,6.857349785190857,5.7382726646557565,5.5285682801224
42.405889706903736,58.69341160340524,6.817573208650027,1.2540773899249151,6.980574450926659,6.106228666791285,5.529793832998416
42.422558688706765,58.727428192455,6.818551002070422,0.8553842247490899,6.910575461723858,5.889357957065546,5.531019026387501
42.439227670509794,58.76144682663457,6.819529096300248,0.4933268753587733,6.710140212600657,5.3953939909185005,5.532243860590393
42.455896652312816,58.79546808007312,6.820507491332492,0.6559536393085648,6.660890308844452,5.487758072205325,5.533468335907723
42.472565634115846,58.8294924796495,6.821486187163779,0.9732431126511699,6.464861902577848,5.230048692978936,5.534692452640027
42.489234615918875,58.86352050499208,6.822465183794358,1.186712970340169,7.18046390287238,5.177108182738192,5.535916211087735
42.505903597721904,58.897552588478774,6.823444481228111,0.45188566428680454,6.656100825183571,5.310294966626018,5.537139611551174
42.522572579524926,58.931589115237145,6.82442407947255,0.39315530943108923,6.82948643863336,4.6251264760197515,5.538362654330573
42.539241561327955,58.965630423144276,6.8254039785388185,1.1433910300030279,6.658563513033733,4.434308737150788,5.539585339726059
42.555910543130985,58.99967680282683,6.826384178441688,0.8471785876068875,6.902269022785984,4.837812109535403,5.540807668037655
42.572579524934014,59.03372849766109,6.827364679199564,0.5956549116847316,6.58641927500487,4.479241245135485,5.542029639565282
42.58924850673704,59.06778570377286,6.828345480834481,0.8762969299240639,6.976022957039756,4.3771919915904,5.543251254608763
42.60591748854007,59.10184857003756,6.829326583372102,0.24227916823706697,7.131663315505323,4.858840004734215,5.544472513467817
42.6225864703431,59.13591719808017,6.830307986841722,0.7701613693910643,6.701377460612254,4.556116855366459,5.545693416442061
42.63925545214613,59.16999164227523,6.831289691276267,0.8351080033508025,6.68851724453695,4.008838447528223,5.546913963831011
42.65592443394916,59.20407190974689,6.832271696712294,0.9544552460687182,6.542635781455962,5.088915351557187,5.548134155934083
42.67259341575218,59.238157960368824,6.833254003189986,0.5668794257390843,6.433504291261436,4.611584944214386,5.549353993050586
42.68926239755521,59.27224970676438,6.834236610753165,0.7868533951612454,6.313258356623354,5.466128251402986,5.550573475479735
42.70593137935824,59.30634701430637,6.835219519449274,0.5846883329872589,6.754052369730474,5.025379562459858,5.551792603520637
42.72260036116127,59.340449701117244,6.836202729329393,0.8209072532773521,6.8773089027913,5.555597176960342,5.5530113774723
42.7392693429643,59.37455753806902,6.837186240448231,0.5908184302270045,6.785963661741727,5.674555402285535,5.554229797633631
42.75593832476732,59.40867024878327,6.838170052864124,0.6883246680276025,6.664913764291826,5.563957740086643,5.555447864303432
42.77260730657035,59.44278750963116,6.839154166639044,0.5708388466536728,7.19061098751027,5.623799641213146,5.55666557778041
42.78927628837338,59.47690894973344,6.8401385818385885,0.9002862123096846,6.731960034099929,5.900359602049997,5.5578829383631625
42.80594527017641,59.51103415096043,6.841123298531989,0.9418061741798212,7.0338406096998325,5.180713957837774,5.559099946350189
42.82261425197944,59.54516264793202,6.842108316792106,0.723248772319988,6.081057326071967,5.324084642560716,5.56031660203989
42.83928323378247,59.579293928017655,6.843093636695429,0.777877369315064,5.869745862857012,4.6207706972452804,5.56153290573056
42.855952215585496,59.6134274313364,6.844079258322083,0.4805683199457094,6.858993618483589,4.61230559354485,5.562748857720392
42.872621197388526,59.64756255075687,6.8450651817558175,0.7104080543473696,6.589335385556364,4.557391415431226,5.563964458307482
42.889290179191555,59.68169863189725,6.846051407084014,0.7603591901328226,6.620906553200334,4.00521534344364,5.565179707789818
42.90595916099458,59.715834973125304,6.8470379343976875,1.2946154098449432,6.603388427148979,3.822723049400943,5.566394606465292
42.922628142797606,59.74997082555843,6.84802476379148,0.5481200130764307,7.0554265238213,4.352609045100457,5.5676091546316915
42.939297124600635,59.7841053930635,6.849011895363668,1.0634054410578206,6.906781831118129,4.608613257643626,5.568823352586702
42.955966106403665,59.81823783225703,6.8499993292161525,0.9699982715495449,6.721397910978131,4.385924955813317,5.570037200627909
42.972635088206694,59.85236735776875,6.850987065446371,0.8268102697656771,7.0735013801690965,4.468209950144392,5.571250699052796
42.989304070009716,59.88649584515565,6.851975103953683,1.1224635061694046,6.83579972471397,4.886502265271734,5.572463848158769
43.005973051812745,59.920624957576166,6.852963444669559,0.8452168727551957,6.601260770966037,5.106525298973686,5.573676648243112
43.022642033615774,59.95475551868641,6.853952087590696,0.8486839347008364,7.229708340368691,5.404033125454435,5.574889099603005
43.039311015418804,59.9888882879862,6.854941032716872,0.7602842307164264,6.598986128564723,4.781544461349901,5.576101202535523
43.05597999722183,60.023023960818946,6.855930280050945,1.015678351964888,6.837586023886098,5.375267043199109,5.577312957337643
43.07264897902486,60.05716316837169,6.856919829598849,0.9903145848024029,6.135106699497655,5.530261699393728,5.578524364306245
43.08931796082789,60.091306477675126,6.8579096813695966,0.6459413914871883,6.735741642839353,5.8401754650535525,5.579735423738104
43.10598694263092,60.12545439160361,6.858899835375284,0.5072834693893378,6.78495384205666,5.783929710334636,5.5809461359299
43.12265592443395,60.159607348875085,6.85989029163108,0.7305927885183997,6.834839670789592,5.780974024917673,5.58215650117821
43.13932490623697,60.19376572405114,6.860881050155237,0.6112371591615554,5.9954144600042865,5.47156697390811,5.583366519779514
43.15599388804,60.227929827537054,6.861872110969086,0.7585958615060246,6.467156717746192,4.76963777173736,5.584576192030193
43.17266286984303,60.26209990558168,6.8628634740970345,1.0188442560877455,6.861469850933623,5.343873166576701,5.585785518226524
43.18933185164606,60.29627614027754,6.86385513956657,0.6799520991785561,6.845944879081476,5.050095361148259,5.58699449866469
43.20600083344909,60.33045864956078,6.864847107408259,0.7629035032911435,6.693770723477702,4.082265297411269,5.588203133640767
43.22266981525211,60.36464748721119,6.865839377655748,0.7831284241746128,6.254267464095563,4.403641191330236,5.5894114234507395
43.23933879705514,60.39884264285217,6.866831950345761,0.9412656996047901,6.461536675540772,4.037472192375163,5.590619368390487
43.25600777885817,60.43304404195083,6.8678248255181,0.3222572505983382,6.9448059765740515,4.246783395215874,5.591826968755791
43.2726767606612,60.467251545817824,6.868818003215647,0.6503506009438655,6.6449876328425574,4.587971394226287,5.593034224842334
43.28934574246423,60.50146495160749,6.869811483484365,0.8140028891140473,6.7013027875660205,5.049147173993483,5.594241136945698
43.30601472426726,60.53568399231781,6.870805266373292,1.0118173809537474,6.61591980492909,4.831394666229994,5.595447705361364
43.322683706070286,60.56990833679039,6.871799351934548,0.6734764874157931,6.239339709386916,4.928964216304008,5.596653930384717
43.339352687873316,60.60413758971047,6.872793740223332,0.39660177118520723,6.867754873450484,4.988628746378211,5.597859812311038
43.35602166967634,60.638371291606916,6.8737884312979185,0.8959098852807083,6.910358444462496,5.386438294692441,5.599065351435512
43.37269065147937,60.67260891885228,6.874783425219664,0.6449503502230766,6.859068598107899,5.948464504826308,5.600270548053222
43.389359633282396,60.70684988366269,6.875778722053002,0.5341446762671561,6.209015554284069,5.682929703809335,5.601475402459155
43.406028615085425,60.74109353409795,6.876774321865448,0.6472640584254056,6.951305027143915,5.518136308389732,5.602679914948191
43.422697596888455,60.77533915406147,6.877770224727592,0.7352831412949998,6.365808675882227,5.308929315558332,5.6038840858151175
43.439366578691484,60.809585963300336,6.878766430713108,0.6512943045414553,6.7298946090350595,5.881791255664141,5.605087915354622
43.456035560494506,60.84383311740523,6.879762939898743,0.33118499880654195,6.734336865112279,5.663834658844721,5.6062914038612846
43.472704542297535,60.87807970781049,6.8807597523643285,0.9517663705249013,5.732843282744925,5.1999123144713515,5.607494551629595
43.489373524100564,60.91232476179411,6.88175686819277,1.0273830084577402,6.572932794993447,5.466978322938623,5.608697358953939
43.506042505903594,60.94656724247768,6.882754287470058,0.9027672156473704,6.52080205342445,4.782544982890229,5.609899826128604
43.52271148770662,60.980806048826445,6.883752010285256,0.5449804485844928,6.2954280852513715,4.627491298739763,5.6111019534477755
43.53938046950965,61.015041493468985,6.8847500366788354,0.7322739892720233,6.67412005119459,4.4542105048739415,5.612303741205548
43.55604945131268,61.04927776148247,6.885748366545332,0.7713226944993706,7.13464319919223,4.198200045276622,5.6135051896959265
43.57271843311571,61.08351581765092,6.8867469998803,0.8924404450226342,6.589655222416752,4.286719953487042,5.614706299212801
43.58938741491873,61.11775629580403,6.887745936690983,0.9064042224897133,6.680963991581931,4.5506579462652015,5.615907070049958
43.60605639672176,61.15199977283859,6.888745176987125,0.6259558706867079,6.690457371209133,3.92952346796464,5.617107502501089
43.62272537852479,61.18624676871847,6.889744720780961,0.789244195471514,6.632245118887103,4.55714381742416,5.618307596859786
43.63939436032782,61.22049774647454,6.890744568087223,0.8643555668979601,6.14857073559429,4.658266788267487,5.619507353419545
43.65606334213085,61.254753112204845,6.891744718923143,1.0641183002197299,7.025891402963355,4.887297212952319,5.6207067724737625
43.67273232393388,61.28901321507443,6.892745173308445,0.9139094415897903,6.6919146826059555,5.352822172363333,5.621905854315737
43.6894013057369,61.323278347315444,6.89374593126535,0.9308737169430825,6.820380620107203,5.347222278353826,5.623104599238671
43.70607028753993,61.35754874422712,6.894746992818577,0.7898818988953176,6.554719262479883,5.685116249029745,5.6243030075356675
43.72273926934296,61.391824584175716,6.895748357995339,1.0552625441796257,6.41825311293686,5.911445189554601,5.625501079499733
43.73940825114599,61.42610598859463,6.896750026825347,0.855177364138006,6.556570775453184,5.6327993192558745,5.626698815423774
43.75607723294902,61.46039302198429,6.897751999340806,0.6010612606859755,6.278592664387131,5.884511806700112,5.627896215600602
43.77274621475205,61.49468569191221,6.89875427557642,1.0540068224774215,5.780888551515593,5.652350609006985,5.629093280322929
43.789415196555076,61.52898394901298,6.899756855569386,0.912967416638712,6.563643203022068,5.549371580916712,5.63029000988337
43.806084178358105,61.563287686988275,6.9007597393593985,0.6848318395202915,6.843923326183798,5.29645836492023,5.6314864045744395
43.82275316016113,61.597596742606775,6.901762926988648,0.6775958798075181,6.377145888274432,5.2998138775770585,5.632682464688558
43.83942214196416,61.63191089570437,6.902766418501825,0.8328633597729441,6.383421316730216,4.932877785077684,5.633878190518047
43.856091123767186,61.66622986918389,6.903770213946109,0.8662389351615385,6.204351659101187,4.785612645738673,5.635073582355127
43.872760105570215,61.70055332901531,6.90477431337118,0.8131141024930659,6.56741192222986,4.453440208388236,5.636268640491926
43.889429087373244,61.73488088423565,6.905778716829214,0.8359710051995566,6.447248263200914,3.82190635965029,5.637463365220471
43.906098069176274,61.76921208694901,6.906783424374883,1.113754314445551,7.376569414887116,4.2252324816523315,5.63865775683269
43.922767050979296,61.8035464323266,6.9077884360653545,0.9881249868614862,6.8345773848169715,4.224344598502288,5.639851815620417
43.939436032782325,61.83788335860663,6.9087937519602916,0.8119969394064951,7.105717077594419,4.345337099966282,5.641045541875384
43.956105014585354,61.87222224709445,6.909799372121854,0.9621853498905333,6.6947698974872045,4.232941348548878,5.642238935889228
43.97277399638838,61.90656242216246,6.9108052966147,0.5674718134494686,6.152838556426078,4.248586404744396,5.6434319979534875
43.98944297819141,61.94090315125013,6.911811525505979,0.8536153123865098,6.1569234466170455,5.029234446866164,5.644624728359602
44.00611195999444,61.975243644864,6.912818058865343,1.135944428400021,6.345830966452704,5.009880469447059,5.6458171273989155
44.02278094179747,62.00958305657769,6.913824896764934,0.730527183235113,7.250310558885083,5.384441229261034,5.647009195362672
44.03944992360049,62.0439204830319,6.914832039279394,0.604662728243765,6.543026195192628,5.457123567976037,5.648200932542019
44.05611890540352,62.07825609214493,6.9158394864621044,0.6438248356866474,6.032200481059918,5.6952101920931835,5.649392339228011
44.07278788720655,62.112593122861746,6.916847238281737,0.5563690531480306,6.431307028908788,5.649461453266436,5.650583415711616
44.08945686900958,62.14693227365851,6.917855294738531,0.6173962739656853,6.530327684978316,5.504251579542487,5.651774162283688
44.10612585081261,62.181273973918096,6.918863655839192,0.7002999786013145,6.714537178119316,5.869415830886904,5.652964579234982
44.12279483261564,62.21561861430645,6.919872321592849,0.4933410849549806,6.600880331199302,5.407767533233348,5.654154666856155
44.13946381441867,62.24996654677261,6.920881292011041,0.7776309937852401,6.211191618093482,5.441653946117543,5.655344425437772
44.15613279622169,62.28431808454865,6.9218905671077255,0.955015547680419,6.821317972808403,5.2809433733095315,5.656533855270299
44.17280177802472,62.31867350214977,6.922900146899277,0.5930616105345824,6.432480495082155,4.731646957645643,5.657722956644106
44.18947075982775,62.35303303537421,6.923910031404484,1.0785223126362615,6.496162010813258,4.305448907762596,5.658911729849467
44.20613974163078,62.387396881303275,6.924920220644553,0.8768765746504,6.628314977242246,5.186007186148099,5.660100175176562
44.22280872343381,62.42176519830137,6.925930714643103,0.9808868507896751,6.285385804917482,4.144468426915673,5.661288292915472
44.23947770523684,62.45613810601597,6.926941513426176,0.6432563472874153,6.365579372359235,4.402709224814608,5.662476083356184
44.256146687039866,62.49051568537761,6.92795261702222,0.945780775527139,6.699072622840619,4.787202691675787,5.663663546788587
44.27281566884289,62.52489797859992,6.928964025462109,0.5565413697437274,6.141094558746049,4.509821478428776,5.6648506835024754
44.28948465064592,62.55928498917959,6.929975738779127,0.9530300173420845,6.532028594989157,4.321400043406876,5.666037493787547
44.30615363244895,62.5936766818964,6.930987757008977,0.8094007001185275,6.8085638917113895,4.587700835038359,5.667223977933404
44.322822614251976,62.62807298281319,6.932000080189774,0.8857353387648993,7.29163188987464,4.5927547972549885,5.668410136229551
44.339491596055005,62.662473779275864,6.933012708362055,0.5400183838642235,6.6941945194477634,5.357164929447712,5.669595968965398
44.356160577858034,62.69687891991344,6.934025641568768,0.5961754943583116,6.7906679676923885,5.503583937823745,5.670781476430258
44.372829559661064,62.73128821463796,6.935038879855278,0.8946872118820025,6.598630149268165,5.387747555411198,5.671966658913348
44.389498541464086,62.76570143464458,6.936052423269368,0.5856240203875097,6.077230739081268,5.3847187058726815,5.67315151670379
44.406167523267115,62.80011831241152,6.937066271861237,0.8679868802266174,6.593281726058805,5.38801451722099,5.674336050090608
44.422836505070144,62.83453854170007,6.938080425683497,0.5019700086527022,6.5438713244677205,6.090550139913543,5.675520259362732
44.43950548687317,62.86896177755458,6.939094884791179,0.9450843081696663,6.707898332122184,5.763117158807388,5.676704144808994
44.4561744686762,62.903387636302526,6.9401096492417285,0.5289966459179518,6.556777834710639,5.652725917021399,5.67788770671813
44.47284345047923,62.937815695554384,6.941124719095009,0.886013087176746,6.714416765557488,5.144975333110966,5.679070945378781
44.48951243228226,62.972245494203776,6.942140094413296,0.9007310246632328,6.4334343430391,4.7180698059294155,5.680253861079493
44.50618141408528,63.006676532427335,6.943155775261285,0.6363021600554599,6.555718228183611,5.195781315011532,5.681436454108712
44.52285039588831,63.04110827168484,6.944171761706088,0.8921134704699705,5.934132671612708,4.678591725762424,5.682618724754791
44.53951937769134,63.07554013471908,6.945188053817229,0.8278481905258612,6.513592337018616,4.729838397477753,5.683800673305987
44.55618835949437,63.10997150555595,6.946204651666651,0.6680428949113792,7.155941912700838,4.1866779091482,5.684982300050459
44.5728573412974,63.144402418014074,6.947221555318818,0.574151805100301,6.649436437507175,4.1445014421917055,5.686163605276279
44.58952632310043,63.17883461552853,6.9482387647817205,0.3833890268116783,6.529935054296323,4.419434099958734,5.687344589271436
44.60619530490346,63.21326861877096,6.949256280049231,0.8458955452920275,7.470067013245709,4.492844967731097,5.688525252323798
44.62286428670648,63.24770482675598,6.950274101118424,0.46305629969103207,6.422413616499265,4.651275800529347,5.68970559472114
44.63953326850951,63.282143606079,6.951292227989191,0.7951369594187463,6.036633170825714,4.519884105656277,5.690885616751141
44.65620225031254,63.31658529091623,6.95231066066424,0.7234296893070001,7.136097260013097,5.027585764198844,5.6920653187013865
44.67287123211557,63.351030183024605,6.953329399149097,0.9119990480202257,6.537193718188888,5.426079335375574,5.693244700859368
44.6895402139186,63.38547855174185,6.954348443452105,0.7158125008501784,6.405420250920773,5.302905578152616,5.69442376351248
44.70620919572163,63.419930633986475,6.955367793584424,0.7103830986909929,6.428111729962214,5.388542087776218,5.695602506948028
44.72287817752465,63.45438663425771,6.9563874495600295,0.9226977994173025,6.721342026972494,6.100537305948045,5.696780931453215
44.73954715932768,63.488846724635664,6.957407411395719,0.8433862143529587,6.713667169803727,5.588187901818638,5.697959037315159
44.75621614113071,63.5233110447811,6.958427679111104,0.8396566973167393,6.271911096224429,5.983357565102819,5.699136824820877
44.77288512293374,63.55777970193564,6.959448252728612,0.8703298685438012,6.448277304733484,5.70918686062929,5.700314294257295
44.789554104736766,63.5922527709216,6.960469132273492,0.46941271799076795,6.4894399334467145,5.035287419509161,5.70149144591124
44.806223086539795,63.626730294142135,6.961490317773805,0.9279356180181871,6.6284429886292155,5.729829261632453,5.702668280069452
44.822892068342824,63.66121228158113,6.962511809260432,0.8991223275409581,6.1165525422618625,4.329079958551105,5.70384479701857
44.83956105014585,63.69569871080326,6.963533606767074,0.5733425770595778,6.794730846521712,4.311065363687285,5.7050209970451435
44.856230031948876,63.73018952695398,6.9645557103302425,0.7279136893862268,6.962349146857571,4.823544709537725,5.706196880435624
44.872899013751905,63.76468464275949,6.965578119989273,0.768918855241648,6.479811348933029,4.615276269656146,5.70737244747637
44.889567995554934,63.79918393852679,6.966600835786314,0.7499314318232299,6.41059098714786,4.110842278499414,5.708547698453646
44.90623697735796,63.83368726214361,6.967623857766332,0.8436532052343676,6.457165900138026,4.259756737623457,5.709722633653623
44.92290595916099,63.86819442907852,6.968647185977113,1.0632049387750613,6.327553459055207,3.4460972586635177,5.710897253362375
44.93957494096402,63.902705222380796,6.969670820469258,0.9933352456930417,6.283442609583221,4.485525126329262,5.712071557865883
44.956243922767044,63.937219392680504,6.970694761296184,0.5145883264737505,6.479755985451663,4.487397435415329,5.713245547450035
44.97291290457007,63.97173665818852,6.971719008514129,0.9014963754651298,7.217902241474653,4.595360654144308,5.714419222400624
44.9895818863731,64.00625670469644,6.972743562182147,1.0429192007876602,6.832699341794705,4.850158786698695,5.715592583003346
45.00625086817613,64.04077918557665,6.973768422362108,0.8545443477182948,6.70869052934801,5.242019171852913,5.716765629543807
45.02291984997916,64.07530372178233,6.974793589118698,0.9954287825311992,6.677701783526682,5.326300926175525,5.717938362307516
45.03958883178219,64.10982990184738,6.975819062519423,1.1797367877518534,6.406383347676211,4.980884828787955,5.719110781579886
45.05625781358522,64.14435728188653,6.976844842634606,0.9820745561454125,6.473588179333228,6.35695404077426,5.72028288764624
45.07292679538825,64.17888538559524,6.977870929537386,0.8272442615497867,6.833468481170538,6.144898253463181,5.721454680791803
45.08959577719127,64.21341370424976,6.978897323303721,0.9864500799114231,6.203001851366438,5.40894928935263,5.722626161301707
45.1062647589943,64.2479416967071,6.979924024012382,0.8064597415529973,6.801990527926625,5.622880164729056,5.723797329460991
45.12293374079733,64.28246881260812,6.980951031744038,0.7823125205863898,6.666423260479361,5.516472948013526,5.7249681855546
45.13960272260036,64.31699559337505,6.9819783465245076,0.707298748929593,6.958174146397686,5.714296733823383,5.726138729867404
45.15627170440339,64.35152295954026,6.983005968330316,1.0903138991194015,6.982446699662089,4.507970558147742,5.727308962684167
45.17294068620642,64.38605150408408,6.984033897146584,0.6139950725734673,6.531623468560138,4.755907916875816,5.728478884289548
45.18960966800944,64.42058177759536,6.9850621329616445,1.0842038762251847,6.958300270916613,4.136520678647083,5.72964849496811
45.20627864981247,64.45511428827147,6.986090675767044,0.8777526286747042,6.423623504804591,4.371113579411661,5.730817795004328
45.2229476316155,64.48964950191821,6.987119525557539,0.4979679887032628,6.83255253273751,4.160024888313559,5.731986784682579
45.23961661341853,64.52418784194987,6.9881486823310945,0.8514084490894983,6.7069210045759196,4.2391822438423725,5.733155464287153
45.256285595221556,64.55872968938924,6.989178146088888,0.35792260286959215,6.540868949791261,4.024146183312952,5.734323834102241
45.272954577024585,64.59327538286759,6.990207916835311,0.9030787687465758,7.122896389743326,4.048417966189526,5.735491894411949
45.289623558827614,64.62782521862468,6.9912379945779595,0.9550726700209865,6.43053579825875,4.598850919950393,5.736659645500284
45.30629254063064,64.66237945050874,6.992268379327645,0.6596043373885935,6.386984189043228,4.746064658790139,5.737827087651165
45.322961522433665,64.69693828997649,6.99329907109839,0.8028341698495722,6.50267869998744,5.010010712949664,5.738994221148416
45.339630504236695,64.73150190609314,6.994330069907425,1.1690051665822492,6.232286430605505,5.041666243472616,5.7401610462757695
45.356299486039724,64.76607042553236,6.995361375775194,0.6770733351784843,6.578229793284143,5.164083754959062,5.741327563316864
45.37296846784275,64.80064393257635,6.996392988725352,0.5664901018338443,6.333692563400505,5.507958203989799,5.742493772555249
45.38963744964578,64.83522246911576,6.997424908784763,1.074653189958269,6.930815337792053,5.848743805155974,5.743659674274377
45.406306431448805,64.8698060346497,6.998457135983503,1.1708867847894748,6.478451805710134,5.131759885376461,5.744825268757611
45.422975413251834,64.90439458628583,6.999489670354858,0.7791572652581331,6.34137541726107,5.912583733857829,5.745990556288221
45.43964439505486,64.93898803874025,7.000522511935329,0.9807594691538732,6.047509267034798,5.818870016804073,5.747155537149384
45.45631337685789,64.97358626433754,7.001555660764621,1.046810723331127,6.440076854242595,5.6054541301260805,5.7483202116241845
45.47298235866092,65.00818909301078,7.002589116885657,0.6300673188298631,6.7638830160545895,5.345238362217581,5.749484579995615
45.48965134046395,65.04279631230153,7.003622880344565,0.6815515703271354,6.647773844490367,4.385230495648361,5.750648642546574
45.50632032226698,65.07740766735984,7.004656951190688,1.0248361590361554,6.29192329509862,4.772961101666668,5.751812399559871
45.52298930407001,65.11202286094422,7.005691329476577,1.1157125780834998,6.034928853850308,5.200909406334075,5.752975851318219
45.53965828587304,65.14664155342169,7.006726015257998,0.8913343072361188,6.500552734818834,4.460000360843447,5.7541389981042395
45.55632726767606,65.18126336276774,7.007761008593922,0.6028436242739276,6.12688583862682,4.20924765688925,5.755301840200462
45.57299624947909,65.21588786456635,7.008796309546537,1.1762670239917483,6.469338856264781,4.2202103931686175,5.756464377889326
45.58966523128212,65.25051459201,7.009831918181237,0.6727088756622208,6.475361491197587,4.312123199354649,5.7576266114531744
45.60633421308515,65.2851430358996,7.010867834566631,0.7119236994491192,6.599530247336917,4.471664106875926,5.758788541174259
45.62300319488818,65.3197726446446,7.011904058774535,0.8474669699169927,6.508595123667423,4.344764433781669,5.759950167334741
45.6396721766912,65.3544028242629,7.01294059087998,1.089879581365376,5.8783238804878515,4.737748340929786,5.761111490216684
45.65634115849423,65.38903293838094,7.013977430961205,0.9498907335947537,5.770508092798637,5.348271437386774,5.762272510102067
45.67301014029726,65.42366230823355,7.0150145790996605,0.8621166262679651,6.309621176102937,5.397304789908711,5.763433227272769
45.68967912210029,65.45829021266411,7.016052035380008,0.8718491669707255,7.327507055456105,6.038329085136134,5.76459364201058
45.706348103903316,65.49291588812447,7.0170897998901225,0.7879422762584374,6.5883211829482615,5.347094895978467,5.765753754597198
45.723017085706346,65.52753861633542,7.018127872712905,0.8909150738380855,7.255135815879996,6.20159231809785,5.766913565314229
45.739686067509375,65.56215958422155,7.019166253769833,0.27342293061305567,6.367194777725946,5.547726893903961,5.768073074443208
45.756355049312404,65.59678014399383,7.020204943004859,0.7200611763592821,6.022766482297506,5.900336860475914,5.769232282265563
45.77302403111543,65.63140118646739,7.021243940407169,0.827694723972629,5.276682927306043,5.945578192974579,5.770391189062615
45.789693012918455,65.66602353646915,7.022283245968892,0.5492751358670296,6.385426016794638,5.433100906964353,5.771549795115604
45.806361994721485,65.7006479528379,7.02332285968509,0.856790178531461,6.341017062362442,5.415811899820521,5.77270810070567
45.823030976524514,65.73527512842426,7.024362781553763,0.7386787799176445,6.884190724401514,5.427519596725233,5.773866106113868
45.83969995832754,65.76990569009072,7.025403011575852,1.130715619682141,6.627408116382208,4.6911425679251515,5.7750238116211605
45.85636894013057,65.80454019871156,7.026443549755233,1.094271827715605,6.537868621950286,5.164259268128135,5.7761812175084195
45.873037921933594,65.83917914917294,7.027484396098722,0.6865541182429816,6.358854241170584,4.040239137063569,5.777338324056425
45.889706903736624,65.87382297037286,7.028525550616072,0.7495949858786279,5.993099734147874,4.883002025698601,5.778495131545869
45.90637588553965,65.90847202522113,7.029567013319973,0.7650202579180067,6.510846432200662,4.515401483667753,5.779651640257351
45.92304486734268,65.94312661063945,7.030608784226056,0.6895250653688472,6.581792615185145,4.178857106687124,5.780807850471379
45.93971384914571,65.97778695756135,7.031650863352883,0.8189090936718654,6.612507414541849,4.153511172980811,5.781963762468374
45.95638283094874,66.01245323093212,7.032693250721963,0.6282947660495957,6.342210339047062,4.26179502102312,5.783119376528661
45.97305181275177,66.04712552970904,7.033735946357739,0.5538751424869207,6.708103204125653,4.570143688715748,5.784274692932479
45.9897207945548,66.08180388686108,7.034778950287587,0.9045874305792745,6.564481762983896,4.831412542397804,5.785429711959974
46.00638977635783,66.11648826936917,7.035822262541828,0.9059980256369142,6.166151761116909,5.472690630834445,5.786584433891201
46.02305875816085,66.15117857822601,7.036865883153717,0.6192758265134851,6.0262848747006075,5.927468685115382,5.787738859006125
46.03972773996388,66.18587464843617,7.037909812159451,0.9592568809016098,6.461824840244804,5.604451620077385,5.788892987584622
46.05639672176691,66.22057624901603,7.038954049598157,0.6539170118613888,6.305364844739393,5.4453866688970685,5.790046819906474
46.07306570356994,66.25528308299388,7.039998595511908,0.8309123148802701,6.964667648333518,5.62134576597894,5.791200356251374
46.08973468537296,66.28999478740978,7.04104344994571,0.944394725997342,6.524212745913814,5.739256037740665,5.792353596898925
46.10640366717599,66.32471093331569,7.042088612947511,0.7736500133513581,6.1668095548846225,5.416504723304989,5.793506542128638
46.12307264897902,66.35943102577535,7.043134084568193,0.8713672581437755,6.4046908132366545,5.232176403495797,5.794659192219935
46.13974163078205,66.39415450386437,7.044179864861576,0.6771796429588155,6.432597750162702,6.017950711444801,5.7958115474521446
46.15641061258508,66.42888074067024,7.0452259538844215,0.7412186976599703,6.148567330075185,5.244480160734527,5.796963608104508
46.173079594388106,66.46360904329222,7.046272351696426,0.7393865173584157,6.189590679799101,4.653590727094623,5.798115374456173
46.189748576191135,66.49833865284148,7.047319058360224,0.6312890699861295,6.746160581306979,4.90779199499712,5.799266846786198
46.206417557994165,66.53306874444097,7.048366073941388,0.7452961889926905,6.460104376715631,4.1016028540340015,5.80041802537355
46.223086539797194,66.56779842722551,7.04941339850843,0.4709735907179287,6.66876622157099,3.971951495301937,5.801568910497107
46.23975552160022,66.60252674434177,7.050461032132798,0.6825126764814463,6.925573249581196,3.973956629619841,5.802719502435653
46.256424503403245,66.63725267294828,7.051508974888879,0.7238144491906866,6.269467822196195,4.70221280966927,5.803869801467885
46.273093485206275,66.67197512421532,7.052557226853997,0.7295996658470794,7.2194105824318955,4.198741772297901,5.805019807872408
46.289762467009304,66.70669294332514,7.053605788108414,0.7325821421715419,6.328740684502025,3.6818668673831088,5.806169521927735
46.30643144881233,66.74140514362911,7.054654658726322,0.7685747528824588,5.9377307172002745,4.9745123777391065,5.807318943912291
46.323100430615355,66.77611526285085,7.055703838607654,0.8768618044809763,5.777228083563013,4.754732113257326,5.808468074104425
46.339769412418384,66.81082560112101,7.056753327698614,0.955922770191296,6.285618899819659,4.541993488623633,5.8096169127823885
46.35643839422141,66.84553703418746,7.057803125999537,0.6511121109791828,6.1402185232618995,5.2425005866174,5.810765460224328
46.37310737602444,66.88025036477426,7.058853233513038,0.5404707327293466,6.424601510995485,5.701450038379428,5.811913716708307
46.38977635782747,66.9149663225816,7.059903650244015,0.5727477152824763,6.495463650154827,5.8206291821761935,5.813061682512297
46.4064453396305,66.94968556428591,7.060954376199644,0.6837616538729134,5.969308741467122,6.32472206618213,5.814209357914184
46.42311432143353,66.98440867353973,7.062005411389379,0.7108635613775878,6.2919055769713665,5.538268566050199,5.81535674319176
46.43978330323656,67.01913616097174,7.063056755824956,0.6272941449698961,6.199486987519357,5.739262958979456,5.816503838622734
46.45645228503959,67.05386846418685,7.064108409520393,0.5221155050587426,6.255778343434933,5.375512353865922,5.817650644484719
46.47312126684262,67.08860594776608,7.065160372491984,0.6901600985353926,5.939729665293577,4.925544314451207,5.818797161055245
46.48979024864564,67.12334890326666,7.066212644758306,0.8177149605880573,6.110721007813244,5.41866903452453,5.819943388611749
46.50645923044867,67.15809754922194,7.067265226340214,0.900480848672292,6.71325691898824,5.04181844120872,5.821089327431582
46.5231282122517,67.19285203114146,7.068318117260845,0.6700356102196834,6.4709314459466025,4.747281409281002,5.822234977792003
46.53979719405473,67.22761242151093,7.069371317545614,0.6989658681364621,6.421991816919567,4.582632731523111,5.823380339970186
46.55646617585775,67.2623787197922,7.070424827222218,0.5962709288985105,5.7012215200343155,4.09477430329329,5.824525414243209
46.57313515766078,67.29715085242333,7.0714786463206325,0.7753678610662637,6.788379842520309,3.913027128532144,5.825670200888069
46.58980413946381,67.33192867281848,7.072532774873112,0.6120150191381352,6.676979393939101,4.217237687825936,5.826814700181671
46.60647312126684,67.36671196136804,7.073587212914195,0.8963713058128708,5.386780818528694,4.623263921007207,5.8279589124008275
46.62314210306987,67.4015004254385,7.074641960480695,0.42461738831082557,6.320502601198835,4.897278013782963,5.8291028378222665
46.639811084872896,67.43629369937257,7.075697017611709,0.7099096420762979,6.591370205132998,4.8507329227696445,5.830246476722626
46.656480066675925,67.47109134448911,7.076752384348614,0.8421018806018576,6.591311055837454,4.856084188997923,5.831389829378452
46.673149048478955,67.50589284908311,7.077808060735063,0.8186920985437669,6.207053646945238,5.178444129000313,5.832532896066206
46.689818030281984,67.54069762842579,7.078864046816996,1.3205766569016322,6.214791173738581,5.341616711713981,5.833675677062256
46.70648701208501,67.57550502476445,7.079920342642624,0.8519746041473724,6.32264373313193,5.237876677734913,5.834818172642886
46.723155993888035,67.61031430732264,7.080976948262447,0.5812483012871306,6.412605468237809,5.707147329819422,5.835960383084285
46.739824975691064,67.64512467230001,7.082033863729239,0.7630109389444458,6.777337524962823,5.384882923290797,5.837102308662559
46.756493957494094,67.67993524287242,7.0830910890980565,0.42689903565219656,6.179427361573245,5.756790803778489,5.838243949653721
46.773162939297116,67.71474506919185,7.084148624426235,0.7660728127373827,6.852338836195351,6.215783471624385,5.839385306333696
46.789831921100145,67.7495531283865,7.08520646977339,0.6156259577073854,6.3046263306981505,5.831764771667311,5.8405263789783195
46.806500902903174,67.78435832456069,7.086264625201419,0.9653595769814697,5.976224273999491,5.110655766696227,5.84166716786334
46.8231698847062,67.81915948879491,7.087323090774497,0.6724177659548818,6.640155365109509,5.130596705265469,5.842807673264414
46.83983886650923,67.85395594998164,7.088381866548441,0.7590168829537057,6.572368374593489,4.651831654218025,5.843947895457114
46.85650784831226,67.88875205644695,7.089440952476125,0.6553026892964299,6.773214939676404,4.642790951737363,5.845087834716934
46.87317683011529,67.92354947531088,7.09050034854236,1.1302286656299054,6.262881772610666,4.766417416037068,5.846227491319268
46.88984581191832,67.9583487704677,7.09156005475172,0.7182539259265532,6.1423119221090285,4.495980122940765,5.847366865539416
46.90651479372135,67.99315045473365,7.092620071110733,1.1490579179374447,6.635966454298422,4.959845781918816,5.848505957652594
46.92318377552438,68.02795498984699,7.093680397627883,0.9454208379489139,6.3595825717053565,4.563771952569395,5.849644767933928
46.93985275732741,68.06276278646793,7.094741034313606,0.8790477534598065,5.820282708629685,4.336395875207609,5.850783296658456
46.95652173913043,68.0975742041787,7.095801981180297,0.8564249060991501,6.378833838224461,4.618476220817455,5.851921544101131
46.97319072093346,68.13238955148348,7.0968632382423005,0.8614815510889071,6.024825432006418,4.551980966895829,5.8530595105368155
46.98985970273649,68.16720908580848,7.09792480551592,0.3972313365452951,6.966593944982093,4.509766041598917,5.854197196240287
47.00652868453951,68.20203301350183,7.098986683019411,0.7270328807034421,6.709481089805722,5.4899349091815575,5.855334601486233
47.02319766634254,68.23686148983373,7.100048870772984,0.9518848070317264,6.640627229959909,5.641468660326965,5.856471726549257
47.03986664814557,68.2716946189963,7.1011113687988034,0.7731173754950889,6.434380556107859,5.473853809854233,5.857608571703871
47.0565356299486,68.30653245410367,7.1021741771209905,0.5019023883497189,6.370427064108607,5.782271988535167,5.858745137224503
47.07320461175163,68.34137499719198,7.103237295765619,0.7725029592326474,6.604885009865434,6.15774552268757,5.85988142338549
47.08987359355466,68.37622219921928,7.104300724760719,1.1238483903458478,6.688913912260056,6.047833841415261,5.861017430461084
47.106542575357686,68.41107396006569,7.105364464136271,1.0324490140489302,6.458892177349429,5.285726026380163,5.86215315872545
47.123211557160715,68.44593012853328,7.106428513924218,0.7707131990083835,6.31991189355327,5.657516433116162,5.863288608452663
47.139880538963745,68.4807905023461,7.1074928741584475,0.9734471323169258,5.568132361181225,5.336691108330357,5.864423779916712
47.156549520766774,68.5156548281502,7.1085575448748095,0.7098990949312901,6.306270057053569,5.4855401231905,5.865558673391498
47.1732185025698,68.55052280151361,7.1096225261111075,0.4424693498067912,6.529171170261243,5.210764421200846,5.866693289150836
47.189887484372825,68.58539406692636,7.110687817907094,0.59839358377288,6.7981063110279285,5.056494896282957,5.8678276274684515
47.206556466175854,68.6202682178004,7.111753420304483,1.0959075953782973,6.365588273740104,4.118206582851091,5.868961688617982
47.22322544797888,68.65514479646978,7.1128193333469385,0.7285742316316742,6.086935428448863,4.0645063967482855,5.87009547287298
47.239894429781906,68.69002329419042,7.1138855570800805,0.7347390044782292,5.647534023248385,4.548694789783937,5.871228980506909
47.256563411584935,68.72490315114032,7.114952091551485,0.723491059480595,6.211252138052289,4.028620847668003,5.872362211793145
47.273232393387964,68.75978375641944,7.116018936810682,1.164328861050982,6.1781422638688115,3.819061679333864,5.873495167004977
47.28990137519099,68.79466444804966,7.117086092909153,1.108736116619915,6.3060580479904145,4.575586975666478,5.874627846415605
47.30657035699402,68.82954451297495,7.118153559900338,1.2273431166504136,6.604694860835886,4.449159490511673,5.8757602502981445
47.32323933879705,68.86442318706115,7.11922133783963,0.7518207102880851,7.009568186519469,5.385640117348072,5.87689237892562
47.33990832060008,68.8992996850505,7.120289426784098,0.842797278510719,6.353191558036273,5.187750212601346,5.878024232570971
47.35657730240311,68.93417567635336,7.1213578267585085,0.480386445248124,6.216232913256315,5.387481408510376,5.879155811507062
47.37324628420614,68.96905284876897,7.122426537754465,1.0791443606965896,6.3047314027625845,5.435906885287745,5.880287116006666
47.38991526600917,69.0039316328095,7.1234955597703555,0.5502440315215725,6.376931571548384,6.177679485435236,5.8814181463424555
47.4065842478122,69.03881242363933,7.124564892806707,0.8271974667833953,6.034467015264868,5.893162304012859,5.8825489027870175
47.42325322961522,69.07369558107497,7.1256345368661815,0.564424206705419,6.3474903435424945,5.671292395271629,5.883679385612857
47.43992221141825,69.1085814295851,7.126704491953579,0.6661536510227087,6.539531802198436,5.486135201072402,5.8848095950923875
47.45659119322127,69.14347025829049,7.127774758075837,0.6165167802282532,6.330627799504678,5.561911486944072,5.885939531497941
47.4732601750243,69.17836232096418,7.12884533524203,0.662436410292014,6.52237813690636,5.093075264055932,5.887069195101762
47.48992915682733,69.21325783603125,7.12991622346337,0.67622906369957,6.464250825358444,5.459617517730757,5.888198586176006
47.50659813863036,69.24815698656894,7.130987422753205,0.6744419331517164,5.8911872081939345,4.358256110250394,5.889327704992749
47.52326712043339,69.2830599203067,7.132058933127025,0.9508045081973222,6.626101685516151,4.61842606327023,5.890456551823974
47.53993610223642,69.3179667496261,7.13313075460245,0.5632071468224438,6.268396654904218,4.6361051776233655,5.8915851269415835
47.55660508403945,69.35287755156081,7.134202887199244,0.8283299163125716,5.816406318657836,4.402038331942186,5.8927134306173885
47.573274065842476,69.38779236779672,7.135275330939304,1.02785533271894,5.930313707917202,3.999153266668141,5.8938414631231195
47.589943047645505,69.42271120467186,7.1363480858466675,0.6816660465683839,6.412793278533585,4.404278669482596,5.894969224730417
47.606612029448534,69.45763403317636,7.137421151947505,0.6407633043920196,6.198827995542983,4.0099761217142555,5.896096715710837
47.623281011251564,69.49256078895256,7.1384945292701305,0.7382838664252551,6.198587751596677,4.409569878249398,5.89722393633585
47.63994999305459,69.5274913722949,7.139568217844989,1.020375487894558,6.522222828714217,4.809488892177757,5.89835088687684
47.656618974857615,69.56242564815003,7.1406422177046665,0.8232935730076109,5.810772537576205,4.988262405885786,5.899477567605104
47.673287956660644,69.59736344611669,7.141716528883886,0.6782707343154333,6.337927579268346,4.897075978354729,5.900603978791856
47.689956938463666,69.63230456044575,7.142791151419506,0.8813304157121531,6.420731569524837,5.699284124215237,5.901730120708218
47.706625920266696,69.66724875004034,7.143866085350525,0.564138093554529,6.3594356896068165,5.573197986321672,5.9028559936252325
47.723294902069725,69.70219573845567,7.144941330718078,0.9209098094594572,7.106616911778239,5.923664592785004,5.9039815978138535
47.739963883872754,69.73714521389905,7.146016887565434,0.866400698554179,5.832289627345947,6.244457869189896,5.905106933544947
47.75663286567578,69.77209682923004,7.147092755938004,0.7231588182150399,6.287230819770801,6.129011647802549,5.906232001089295
47.77330184747881,69.80705020196027,7.1481689358833345,0.6170445739605346,6.163110490789395,6.060102494467198,5.9073568007175945
47.78997082928184,69.84200491425356,7.149245427451109,0.6074667161707763,6.325629681335275,5.641279914082764,5.908481332700454
47.80663981108487,69.87696051292589,7.150322230693147,0.8918074806366195,6.39453920108528,5.623938306382082,5.909605597308397
47.8233087928879,69.91191650944533,7.1513993456634095,1.0306811723598732,6.1752451247395195,5.21434751438444,5.910729594811861
47.83997777469093,69.94687237993217,7.152476772417989,0.6574645266977597,6.1893627260192,4.537268588613211,5.911853325481198
47.85664675649396,69.98182756515882,7.153554511015121,0.8766443667942987,5.745842895534196,4.750471392245421,5.912976789586674
47.87331573829699,70.01678148149766,7.154632561515127,0.3676025180752984,6.355991060256735,4.529464055478588,5.914099987398467
47.88998472010001,70.05173475802432,7.155710923959452,0.6681252170994217,6.500173535121189,4.474184496993669,5.915222919186691
47.90665370190304,70.0866884484991,7.156789598340139,0.7788777638074919,6.606094774312506,4.175807764120261,5.916345585221362
47.92332268370606,70.12164307334804,7.157868584644149,0.6031935998440099,6.216089156581804,3.977851460321705,5.917467985772397
47.93999166550909,70.1565991152306,7.1589478828610265,0.5978696868412983,5.967218004035229,4.4730366794766505,5.918590121109633
47.95666064731212,70.19155701903962,7.160027492982893,0.6516556747566711,6.221153019926194,4.022781279486422,5.919711991502819
47.97332962911515,70.22651719190141,7.161107415004452,0.8436907016516072,6.450443898767549,5.052193853418752,5.920833597221619
47.98999861091818,70.26148000317565,7.16218764892298,0.7478268679178692,5.931271566435059,4.7806489541874075,5.921954938535615
48.00666759272121,70.29644578445546,7.163268194738339,0.33768688621617293,6.7316835077065615,5.1739388929116705,5.9230760157143045
48.02333657452424,70.33141482956738,7.164349052452965,0.36123350929768333,5.643241294004774,5.508235102934392,5.924196829027099
48.040005556327266,70.36638739457136,7.165430222071878,0.664040856850602,6.30167189435313,5.724905173608537,5.925317378743324
48.056674538130295,70.40136369776074,7.166511703602672,0.8769915078762144,6.992774223932626,5.278407229951855,5.926437665132226
48.073343519933324,70.43634391966235,7.167593497055524,0.23599346600237614,6.4877285630375034,6.033084543961309,5.927557688462961
48.090012501736354,70.47132820303635,7.168675602443189,0.6855885888298039,6.324368587230058,5.88461425948745,5.928677449004605
48.10668148353938,70.5063166528764,7.169758019781,0.6803251878924874,5.805556914849058,5.533188065154851,5.929796947026146
48.123350465342405,70.54130933640948,7.17084074908687,1.0632823955889938,6.19455689950577,5.358097937193035,5.930916182796491
48.14001944714543,70.57630628309607,7.171923790381289,0.7086505039639226,6.628028649092559,5.284930006545569,5.932035156584459
48.156688428948456,70.61130748463006,7.173007143687331,0.8622926352141075,6.793168709761728,4.759960178352333,5.9331538686587875
48.173357410751485,70.6463128949387,7.174090809030644,0.8139861838354645,6.17164925011227,5.416053424857108,5.934272319288128
48.190026392554515,70.68132243018272,7.175174786439458,0.35966132299360326,5.717631660126874,5.104861894025505,5.93539050874105
48.206695374357544,70.71633596875621,7.1762590759445795,0.9394558709958927,6.124612501731704,4.587556883928391,5.936508437286035
48.22336435616057,70.75135335128671,7.177343677579398,0.8289334830451536,5.830979286208745,4.231709880202651,5.937626105191479
48.2400333379636,70.7863743806352,7.178428591379878,0.8875476097354429,6.235542960785207,4.154943756996405,5.938743512725701
48.25670231976663,70.82139882189601,7.179513817384565,1.5711810684891372,6.660579875344299,4.43379551369737,5.939860660156926
48.27337130156966,70.85642640239696,7.180599355634584,0.3691505302506688,6.603097890728835,4.8037303921147645,5.940977547753302
48.29004028337269,70.89145681169924,7.181685206173638,1.130951984590751,6.290504697572657,4.246122078530568,5.942094175782888
48.30670926517572,70.92648970159746,7.18277136904801,0.7285626327786999,6.089727748440483,4.279884285572829,5.943210544513661
48.32337824697875,70.96152468611967,7.18385784430656,0.8435573450841947,6.071315715415776,5.315052519345238,5.944326654213514
48.34004722878178,70.9965613415273,7.184944632000731,0.7770284882052374,6.610155807498504,4.564831548144689,5.945442505150252
48.3567162105848,71.03159920631525,7.186031732184541,0.7013229891573436,6.36708007906344,5.038740042672882,5.9465580975916
48.37338519238782,71.06663778121178,7.187119144914589,0.6722429342627526,6.140061500717272,5.474150120468777,5.947673431805194
48.39005417419085,71.10167652917862,7.188206870250053,0.8521504765932663,5.961631906471535,5.23330849596153,5.948788508058591
48.40672315599388,71.13671487541086,7.18929490825269,0.48285314519962974,5.973715027121617,6.119633692618305,5.949903326619258
48.42339213779691,71.17175220733708,7.190383258986837,0.9364428185733042,6.13267648662792,6.050651715349768,5.951017887754581
48.44006111959994,71.2067878746192,7.1914719225194075,0.7031271500991241,6.540739594820149,5.5510307689797065,5.95213219173186
48.45673010140297,71.24182118915259,7.192560898919896,0.5603911547401296,6.257237028526734,5.966403901477314,5.953246238818314
48.473399083206,71.2768519514927,7.193650188216964,0.6964413878784412,6.228062048066214,5.819321527350591,5.95436002928108
48.49006806500903,71.31188134031751,7.194739790350041,1.0379126852294833,6.709227273758797,5.114945518223159,5.95547356338723
48.506737046812056,71.34691024885286,7.195829705300239,0.6794546522756457,6.091952685257403,4.7634801095579276,5.956586841403723
48.523406028615085,71.38193949441633,7.1969199330528175,0.8582511665778988,7.17516046098385,5.33626560653951,5.957699863597437
48.540075010418114,71.41696983389063,7.1980104735956685,0.640407906477743,6.219570879761761,4.66788685094547,5.958812630235164
48.55674399222114,71.45200196372348,7.19910132691932,0.93822219571083,6.299436297331246,4.375291051760399,5.959925141583619
48.57341297402417,71.48703651992767,7.200192493016931,0.9237779830024573,6.162559581965467,4.623009832744355,5.961037397909427
48.59008195582719,71.52207407808108,7.201283971884297,1.1564367568276983,6.287475257633464,4.297043271387661,5.962149399479137
48.60675093763022,71.55711515332665,7.202375763519847,0.7516407013909198,6.474726980690525,4.1249941654479265,5.963261146559211
48.623419919433246,71.59216020037239,7.203467867924645,0.9205228971557058,6.281646395961004,4.441767607222969,5.964372639416029
48.640088901236275,71.62720961349136,7.204560285102383,0.8064438352089686,5.913307605343232,4.927368663407435,5.965483878315887
48.656757883039305,71.66226372652167,7.205653015059396,1.04604302014722,5.872807957157166,4.253790645763753,5.9665948635250015
48.673426864842334,71.69732281286656,7.2067460578046445,0.64314046809539,6.86423925234345,5.0152565087964005,5.9677055953095035
48.69009584664536,71.73238708549425,7.207839413349728,0.9359462353969026,6.015430075503455,5.756847872935364,5.968816073935442
48.70676482844839,71.76745669693811,7.208933081708876,0.7480438861569316,6.293292075051379,5.3951552783609555,5.969926299668782
48.72343381025142,71.8025317392965,7.210027062898957,0.7741838278646315,5.521396290529528,6.165606586473797,5.971036272775407
48.74010279205445,71.8376122442329,7.2111213569394685,0.8054100234220516,6.155622086161303,6.210541924831502,5.972145993521118
48.75677177385748,71.87269818297582,7.212215963852544,0.8375456143964921,6.218702501269633,5.773832818261531,5.973255462171631
48.77344075566051,71.90778946631889,7.213310883662951,0.7638896803910402,6.480888205511929,5.552608651193441,5.974364678992581
48.79010973746354,71.94288594462071,7.21440611639809,0.8301160248720801,6.088861818844845,5.495833202988899,5.9754736442495195
48.80677871926657,71.97798740780505,7.215501662087996,1.102834844284005,6.3230067818298314,6.183305721176039,5.976582358207917
48.82344770106958,72.01309358536065,7.216597520765338,0.984338959732048,5.856908470557913,5.710537961742289,5.977690821133156
48.84011668287261,72.04820414634143,7.217693692465417,0.9611176762424665,6.3254435792868255,4.9356052868182765,5.978799033290543
48.85678566467564,72.08331869936626,7.218790177226172,0.696216532961856,5.737239437220741,4.475307694692202,5.979906994945296
48.87345464647867,72.11843679261915,7.219886975088171,0.6095138982267928,6.194875845886599,4.486142513472769,5.981014706362554
48.8901236282817,72.15355791384914,7.22098408609462,0.9784597465009547,6.119542433815568,4.37120651907157,5.98212216780737
48.90679261008473,72.18868149037036,7.222081510291354,0.9626465096082736,5.8866200077069335,3.840808921625091,5.983229379544717
48.92346159188776,72.22380688906198,7.223179247726849,1.082008747762241,6.1258672982686315,4.230565345172941,5.984336341839484
48.94013057369079,72.25893341636824,7.224277298452206,0.6667158941816145,5.656710842869116,4.673700208619251,5.985443054956475
48.95679955549382,72.29406031829846,7.225375662521168,0.7416396403133682,6.13522019136484,3.8783916969338064,5.986549519160414
48.973468537296846,72.32918678042704,7.226474339990107,0.4596898361297763,6.702988359225731,4.8643601382919615,5.987655734715943
48.990137519099875,72.36431192789338,7.22757333091803,0.7091296899044597,5.800870643415313,5.264571848248426,5.9887617018876185
49.006806500902904,72.39943482540204,7.228672635366578,0.9869752009395483,6.194977944386818,4.934191055863972,5.989867420939913
49.02347548270593,72.43455447722256,7.229772253400028,0.6943991559032148,6.607133104397489,5.8508144885629925,5.990972892137221
49.04014446450896,72.46966982718962,7.230872185085285,0.9158312689253143,6.202215382908942,5.342122572434567,5.992078115743851
49.05681344631198,72.50477975870287,7.231972430491894,0.749671712025921,5.861486345140847,5.834433764363773,5.993183092024027
49.07348242811501,72.53988402400142,7.233072989648237,0.8526207074071169,6.312526669891362,5.694216180041707,5.994287821241899
49.090151409918036,72.5749860032546,7.234173862424782,0.5583079375269406,6.510183784526145,5.701303460023201,5.9953923036615455
49.106820391721065,72.61008712627333,7.235275048799034,0.8049249643270412,5.661636400572812,5.537681876369766,5.9964965395469445
49.123489373524095,72.64518845083441,7.236376548764837,0.18969268430620168,6.225404615679308,5.79113426562973,5.997600529161991
49.140158355327124,72.68029094940275,7.237478362318113,0.7505773961089244,5.445094924914309,5.637950293187229,5.998704272770499
49.15682733713015,72.71539550913137,7.238580489456862,0.46189867341515933,6.099722632598533,5.128197769841008,5.999807770636197
49.17349631893318,72.75050293186139,7.239682930181165,1.0292288650393195,6.240296426599622,4.48930504133057,6.000911023022739
49.19016530073621,72.78561393412211,7.240785684493181,0.9435480170025529,5.812478212005731,4.778073832837767,6.002014030193693
49.20683428253924,72.8207291471309,7.241888752397147,0.8814372727035193,6.20474006862598,4.577126827280299,6.003116792412547
49.22350326434227,72.85584911679327,7.24299213389938,1.0923407967368333,5.5889438960174695,4.232709257594917,6.004219309942708
49.2401722461453,72.89097430370283,7.244095829008274,0.5983926672616993,6.255173346769279,4.773857022096827,6.0053215830474995
49.25684122794833,72.92610508314134,7.245199837734307,1.137684976251607,6.488844006199764,3.737463672872079,6.006423611990168
49.27351020975134,72.96124174507865,7.24630416009003,0.9746869598755956,5.690379444978743,3.6120929188165842,6.007525397033873
49.29017919155437,72.9963844941728,7.2474087960900775,0.7409738450410316,6.192304344089924,4.199427696801652,6.008626938441697
49.3068481733574,73.03153344976987,7.24851374575116,1.0154451324820866,6.45528497284062,4.830125172737971,6.009728236476641
49.32351715516043,73.06668864590408,7.249619009092067,0.5670985462163287,6.634524779124703,4.536065320204078,6.010829291401622
49.34018613696346,73.10185003129779,7.2507245861336695,0.6234905071318758,5.856339865955337,4.808759434626381,6.011930103479477
49.35685511876649,73.13701746936148,7.251830476898916,0.6667114306069498,6.141838908179138,5.628499008755834,6.013030672972963
49.37352410056952,73.17219073819375,7.252936681412832,0.6826698145314277,6.239569279724432,5.6884955421143175,6.0141310001447525
49.39019308237255,73.2073695305813,7.254043199702525,0.5771897535465302,6.176712672526905,5.815561651320548,6.01523108525744
49.40686206417558,73.24255345399898,7.2551500317971795,1.0331537665301638,5.388196638016788,6.0208052687692915,6.016330928573537
49.423531045978606,73.27774203060973,7.256257177728061,0.7368020891009869,6.345858347290973,5.665754691075559,6.017430530355474
49.440200027781636,73.31293469726462,7.257364637528511,0.8591097239546992,6.965233479849264,5.608876979065685,6.018529890865599
49.456869009584665,73.34813080550289,7.258472411233953,0.6745741631466627,6.227037058845854,5.824015716269177,6.01962901036618
49.473537991387694,73.38332962155184,7.259580498881887,0.4245594274966765,5.750151726697549,4.979229611938223,6.020727889119404
49.49020697319072,73.41853032632687,7.260688900511892,0.8427271554857617,6.046641738824733,4.504022165468786,6.0218265273873754
49.50687595499374,73.4537320154316,7.2617976161656275,0.40630022994195647,6.6572109780455015,4.766617841735746,6.022924925432117
49.52354493679677,73.48893369915768,7.262906645886834,0.7750599020378217,6.663568452193196,4.935754053424829,6.024023083515573
49.5402139185998,73.52413430248494,7.264015989721324,0.5151591347211677,6.252415007286148,4.5266831643790315,6.025121001899603
49.556882900402826,73.55933266508127,7.265125647716996,1.1863127185637694,6.379265721772566,4.554577067134507,6.026218680845987
49.573551882205855,73.59452754130274,7.266235619923824,0.9711653843727565,5.993890027522035,3.6086710348277653,6.0273161206164225
49.590220864008884,73.6297176001935,7.267345906393862,0.8100788643959125,6.165785308401186,4.30138158711738,6.028413321472527
49.606889845811914,73.66490142548585,7.268456507181242,1.0417046528532383,6.176790883595931,4.4737370545395425,6.029510283675837
49.62355882761494,73.70007778172469,7.2695674223374365,0.6197352779800237,6.2441153303176975,4.013918848164753,6.030607007487804
49.64022780941797,73.73525146944091,7.27067865180267,0.8977294503215392,6.901770835902817,4.8762282451883525,6.031703493169817
49.656896791221,73.77042543125621,7.271790195540022,0.8290307074024114,6.588732643543273,4.820049408800916,6.0327997409831715
49.67356577302403,73.80560045520991,7.27290205354975,0.8419076279466753,5.859730261297136,6.025144092958793,6.0338957511890765
49.69023475482706,73.8407772593132,7.274014225833694,1.0436092476660284,6.321489065182091,4.690652372601281,6.034991524048663
49.70690373663009,73.87595649154915,7.275126712395282,0.9356718491021763,6.250887796967258,5.960972530923027,6.03608705982298
49.72357271843312,73.91113872987276,7.276239513239527,0.8469529869429264,6.492965581398603,5.584529827010724,6.037182358772997
49.74024170023613,73.94632448221081,7.277352628373031,0.45826553788750135,5.998895332465643,5.301359087060105,6.038277421159605
49.75691068203916,73.98151418646212,7.278466057803983,0.5972684817494177,6.934763184059902,5.635135639563514,6.039372247243613
49.77357966384219,74.01670821049724,7.279579801542154,0.7647706146686154,5.583951208910914,5.805516027247296,6.040466837285754
49.79024864564522,74.05190685215872,7.2806938595989035,0.8080214817292394,6.150462586678087,5.89184180585802,6.041561191546673
49.80691762744825,74.08711033926092,7.2818082319871795,0.5633408123223822,6.314268182680058,5.89867163139675,6.0426553102869445
49.82358660925128,74.12231882959011,7.282922918721514,1.2717513876466382,6.916734631090216,5.572719623819422,6.043749193767055
49.84025559105431,74.15753241090447,7.284037919818027,1.0927293037394155,5.998042831985182,4.606296154767452,6.044842842247416
49.85692457285734,74.192751100934,7.285153235294424,0.9099085418023457,6.0758485074645625,4.99491101991146,6.045936255988356
49.87359355466037,74.22797484738066,7.286268865169998,0.8039265798865991,6.262328634069222,4.566893895998895,6.047029435250127
49.890262536463396,74.26320352791826,7.287384809465626,0.7471116884199361,6.196579338967843,4.100675099722739,6.048122380292897
49.906931518266425,74.29843695019248,7.288501068203774,0.5992040100238237,6.092086871827718,4.1498584409987656,6.049215091376755
49.923600500069455,74.33367485182092,7.289617641408493,0.8051179702114188,6.344790044365555,3.993870443340503,6.050307568761714
49.940269481872484,74.36891690039303,7.29073452910542,0.8412064838603369,6.336302160877113,4.289005627290719,6.051399812707701
49.956938463675506,74.40416269347014,7.291851731321782,0.5413379148978716,6.256516688718792,4.200741060956018,6.052491823474567
49.97360744547853,74.43941175858552,7.292969248086387,0.8565593124373699,6.791695423420886,4.3098261928594805,6.053583601322081
49.99027642728156,74.47466355324428,7.294087079429635,0.7587061630429437,6.304016411306485,4.99792729399907,6.054675146509933
50.00694540908459,74.50991746492342,7.295205225383508,0.40823034987076334,6.273668776182313,5.293054540220581,6.0557664592977325
50.023614390887616,74.54517281107184,7.296323685981575,0.6177486927410807,6.304873373451471,5.288174416701751,6.0568575399450095
50.040283372690645,74.58042883911028,7.297442461258993,0.7071383664693398,6.225062849720162,5.961040248000042,6.057948388711214
50.056952354493674,74.61568472643143,7.298561551252507,1.16743072767791,6.2242493726441666,5.624981422212339,6.059039005855714
50.0736213362967,74.65093958039982,7.2996809560004445,0.9012374889659198,6.198281858284519,5.695799647193045,6.060129391637801
50.09029031809973,74.68619243835188,7.300800675542723,0.5228641628751678,6.497577042264838,5.991277878671243,6.061219546316685
50.10695929990276,74.72144226759593,7.301920709920843,0.8872012919949321,6.938693569545581,5.682244082731367,6.062309470151494
50.12362828170579,74.75668796541214,7.303041059177893,0.4805667385138799,6.119006927287757,5.6055605519074785,6.063399163401278
50.14029726350882,74.79193087003372,7.304161723331712,1.0065991940366257,6.20085956363313,4.625337211502722,6.064488626325014
50.15696624531185,74.82717441687748,7.305282702360326,0.6958694446144335,5.965740779220527,5.1504773791172145,6.065577859181602
50.17363522711488,74.86241913497507,7.306403996261967,0.7714004737037542,6.117201582436195,4.347059726182807,6.066666862229848
50.1903042089179,74.89766548538714,7.3075256050366235,1.055320322182038,6.391423734713548,4.288946248607718,6.067755635728485
50.20697319072092,74.93291388607238,7.3086475286858175,0.5327615049208563,6.2283738436596625,4.048405220755458,6.068844179936161
50.22364217252395,74.96816471188762,7.309769767212606,0.5108037523149811,6.142300680729513,3.9839479855162407,6.069932495111451
50.24031115432698,75.00341829458776,7.310892320621582,0.6735406394977014,5.554688727609701,4.048648351412126,6.071020581512846
50.25698013613001,75.03867492282575,7.312015188918872,0.9979693351232323,5.950116566694639,4.060966757270279,6.072108439398761
50.27364911793304,75.07393484215267,7.313138372112139,0.48645735469331447,6.630156135569515,4.477461257629999,6.073196069027532
50.29031809973607,75.10919825501767,7.314261870210579,0.22392839974644552,6.052358765506031,4.486835562674401,6.074283470657417
50.3069870815391,75.14446532076798,7.315385683224924,0.7001606419709231,6.734072421133133,4.048515823799373,6.0753706445465925
50.32365606334213,75.1797361556489,7.316509811167439,0.9007734126170934,6.36411779249519,4.87986653591019,6.076457590953159
50.34032504514516,75.21501083280388,7.317634254051928,1.0305103862566307,6.520940071368551,5.200604163429328,6.077544310135137
50.356994026948186,75.25028938227437,7.318759011893725,0.6978584922512665,6.0923092310453715,5.246513622922978,6.078630802350467
50.373663008751215,75.285571791,7.3198840847097015,0.7082381162839202,6.0851018754041,5.53298528041326,6.0797170678570165
50.390331990554245,75.3208580028184,7.321009472518264,1.0213362022701156,6.385245317047416,5.760536442374285,6.0808031069125645
50.407000972357274,75.35614791846531,7.322135175339352,0.4166402778585865,6.612229046520266,6.016138700139051,6.08188891977482
50.423669954160296,75.39144139557457,7.323261193194442,0.7129169698004313,6.420239140944752,5.320575584891557,6.082974506701409
50.44033893596332,75.42673824867813,7.324387526106546,0.8287383545158749,5.862990190096075,5.648375600025167,6.084059867949879
50.45700791776635,75.46203824920599,7.3255141741002054,0.8805297171299875,6.190593794744403,6.032141048917972,6.085145003777701
50.47367689956938,75.49734112548623,7.326641137201504,0.6887569752190394,5.941839958252619,5.805853262323332,6.086229914442264
50.490345881372406,75.53264656274501,7.327768415438054,0.7976388018185784,5.912723930080676,5.400059597707698,6.08731460020088
50.507014863175435,75.56795420310664,7.328896008839006,0.2931173590448167,6.425793348259559,5.0555737388741075,6.088399061310783
50.523683844978464,75.60326364559346,7.330023917435046,0.6591653221343222,5.59926271158611,5.150991914732977,6.089483298029126
50.54035282678149,75.63857444612587,7.331152141258392,0.8815488666032077,6.139555787320781,5.02385037610893,6.090567310612986
50.55702180858452,75.67388611752243,7.332280680342799,0.5944203813440292,5.677668584602119,4.257666396462212,6.091651099319358
50.57369079038755,75.70919812949974,7.333409534723555,0.8027080412208576,5.68751478356748,3.922348265844338,6.092734664405161
50.59035977219058,75.74450990867248,7.334538704437486,0.8803176503706772,6.219266852866189,4.125918751543474,6.0938180061272345
50.60702875399361,75.77982083855346,7.3356681895229485,0.7224652079389254,6.749063469648832,5.207488671978721,6.094901124742338
50.62369773579664,75.81513025955353,7.336797990019839,0.8250996447972001,6.1722317025825,3.9497935501332435,6.095984020507155
50.64036671759966,75.85043761584299,7.337928105969243,0.5984921646093737,5.490984642683397,4.478290438557894,6.097066693678285
50.65703569940269,75.88574444232569,7.339058537393169,0.7497481533704463,6.459185097151116,4.431757498427489,6.098149144512274
50.67370468120571,75.92105172358534,7.3401892842832135,0.9131453194397658,6.606404995010409,5.143248881947739,6.099231373265569
50.69037366300874,75.95635991987945,7.341320346630037,0.8225282984907478,5.863793700384924,4.984906067330785,6.1003133801945335
50.70704264481177,75.99166945577969,7.342451724426145,0.6738590177162653,6.155632746210243,5.5191315633828975,6.101395165555457
50.7237116266148,76.02698072017192,7.343583417665895,0.8360400623700436,6.414732519180107,5.1187471274921155,6.102476729604546
50.74038060841783,76.06229406625621,7.344715426345495,0.934150194066881,6.715864098788904,5.972171231173895,6.103558072597936
50.75704959022086,76.09760981154685,7.345847750462995,0.38127137919058424,6.0457184119025005,6.1596509511316695,6.104639194791682
50.77371857202389,76.13292823787226,7.3469803900183015,1.0231057913966524,5.526463895746095,5.606186028664344,6.105720096441762
50.79038755382692,76.16824959137513,7.3481133450131635,0.7240713186955525,6.206918247784482,5.538619762134951,6.106800777804074
50.80705653562995,76.20357408251229,7.349246615451182,0.8764514856270501,6.542403315423907,5.331218527641999,6.107881239134443
50.823725517432976,76.23890188605482,7.350380201337808,1.0308340607702817,6.177616910470371,5.198364967335753,6.108961480688613
50.840394499236005,76.27423314108792,7.351514102680337,0.5170810581664326,6.033467160738172,4.882383364205708,6.110041502722251
50.857063481039035,76.30956795101109,7.3526483194879155,0.6495586632014372,6.66003776016331,4.88440690935552,6.11112130549095
50.87373246284206,76.34490638353792,7.353782851771539,0.733768135083441,6.199394773007329,4.817902129018228,6.11220088925022
50.890401444645086,76.38024847069629,7.354917699544052,0.634758125096641,5.8213009746878335,4.051837023406687,6.113280254255497
50.90707042644811,76.41559420882821,7.356052862820147,1.138527044037247,6.1895387461689255,4.120253539893303,6.114359400762139
50.92373940825114,76.4509435585899,7.357188341616364,0.6202161541324149,5.82926047284237,4.477584790472003,6.115438329025428
50.940408390054166,76.48629644495182,7.3583241359510945,0.6804920055019442,6.507113776380978,3.8522811745450376,6.116517039300565
50.957077371857196,76.52165275719857,7.359460245844577,0.8325099006892493,6.159532948285895,3.8298657442745547,6.1175955318426745
50.973746353660225,76.55701234892898,7.3605966713188975,0.5512328665847123,5.971568239851426,4.687961284142532,6.1186738069068065
50.990415335463254,76.59237503805605,7.361733412397993,0.7125572513360507,6.1601641554281406,5.00515557705004,6.119751864747932
51.00708431726628,76.62774060680702,7.3628704691076505,0.8552146122749779,6.180851049359843,4.889821719719867,6.120829705620941
51.02375329906931,76.66310880172328,7.364007841475501,0.725182389930525,6.606811829683271,5.172747594614812,6.121907329780651
51.04042228087234,76.69847933366044,7.365145529531026,0.7731075542477562,6.197394887555599,5.324204550154889,6.122984737481799
51.05709126267537,76.73385187778834,7.36628353330556,0.6859489031916248,6.097475406001229,5.444029838332462,6.124061928979047
51.0737602444784,76.76922607359091,7.367421852832279,0.4889516079257442,6.42111896308336,5.995059389216327,6.125138904526977
51.09042922628143,76.8046015248664,7.368560488146214,0.8561946005316103,6.2705520786256415,5.4387050171211655,6.126215664380093
51.10709820808445,76.83997779972717,7.369699439284241,1.1428928055105745,5.9598480925144095,5.641410111013223,6.127292208792825
51.12376718988748,76.87535443059984,7.370838706285085,0.7956166946649187,6.161738132269286,5.307076017583143,6.128368538019525
51.1404361716905,76.91073091422518,7.3719782891893235,0.8370193136888395,6.099036112988435,4.943039541468273,6.129444652314464
51.15710515349353,76.94610671165819,7.373118188039377,0.9305411073920579,6.3334221301268,5.404458352822831,6.130520551931838
51.17377413529656,76.98148124826804,7.374258402879519,0.5381604675812344,6.072537071402764,4.7371946611242945,6.131596237125765
51.19044311709959,77.01685391373809,7.37539893375587,1.1325594534252006,5.975395559308896,4.709874444755305,6.132671708150287
51.20711209890262,77.05222418338887,7.376539780712366,0.832552180373657,6.255902371594479,3.9950624588947172,6.133746965259369
51.22378108070565,77.0875927708906,7.377680943744875,1.1184876445721539,6.5966272089385,4.073145087536532,6.134822008706918
51.24045006250868,77.12296054317886,7.37882242283198,0.6455394536845046,5.913769390396379,4.439753140290377,6.135896838746743
51.25711904431171,77.1583282198043,7.379964217956531,1.1557881696998997,6.310106110599529,4.9833735055083315,6.136971455632574
51.27378802611474,77.19369646926664,7.381106329103491,0.9472365607527237,6.221424392908506,3.6862194901528986,6.138045859618065
51.290457007917766,77.22906590901464,7.382248756259926,0.9028431002264192,6.181127608210744,4.3612319071123915,6.139120050956791
51.307125989720795,77.26443710544613,7.383391499415009,0.8390695393838645,6.225992991587685,4.744365284988503,6.140194029902254
51.32379497152382,77.29981057390805,7.384534558560024,0.7425884346971094,6.554318056407979,4.672108526811487,6.141267796707878
51.34046395332685,77.33518677869641,7.385677933688358,1.0324299441413953,6.250557812045529,5.362060344089807,6.142341351627013
51.357132935129876,77.37056613305623,7.386821624795509,0.8204249848810994,6.131380698909179,5.086952380675838,6.143414694912931
51.3738019169329,77.40594899918165,7.387965631879078,0.39896841298357794,6.208253138156649,5.598921500497686,6.1444878268188265
51.39047089873593,77.44133568821584,7.389109954938776,0.5689743484681873,6.268077228101946,5.547817037066803,6.1455607475978224
51.407139880538956,77.47672646025109,7.3902545939764215,0.7552717217931018,6.200408752825908,6.152964979798485,6.14663345750296
51.423808862341986,77.51212152432873,7.391399548995938,0.8544698445947425,6.240557909502049,5.589851797377996,6.14770595678721
51.440477844145015,77.54752103843916,7.392544820003358,0.7811814702139934,6.114003432093181,5.61520213544053,6.148778245703463
51.457146825948044,77.58292510952184,7.3936904070068215,1.0363223902818615,6.159646452904538,5.861901241856636,6.149850324504534
51.47381580775107,77.61833379346531,7.394836310016573,0.4023368681358403,5.889041419904637,5.070599884705569,6.150922193443165
51.4904847895541,77.65374709510716,7.395982529044969,0.8213037811507896,5.9115137486490426,5.163342943819105,6.1519938527720175
51.50715377135713,77.68916496823412,7.397129064106467,0.429019245958761,5.901611585196676,4.345689993550276,6.153065302743679
51.52382275316016,77.7245873155819,7.398275915217637,0.9445863915941991,5.479267847212229,4.326333244111213,6.154136543610662
51.54049173496319,77.76001398883531,7.399423082397154,0.7737809753393847,6.118348617856341,4.5616198603351465,6.1552075756254
51.55716071676621,77.79544478862825,7.400570565665798,0.8766234426267931,6.076706662853512,3.998186740795421,6.156278399040253
51.57382969856924,77.83087946454367,7.401718365046462,0.6199535303564938,6.190350002167442,4.0494301844480685,6.1573490141075045
51.59049868037227,77.86631771511361,7.402866480564141,1.0486517273113072,6.086329048746271,4.35521170625474,6.15841942107936
51.60716766217529,77.90175918781914,7.404014912245938,1.00113223654422,5.007887245609521,4.10563143679439,6.159489620207952
51.62383664397832,77.93720347909043,7.405163660121067,0.9095246713294626,6.2243012920152445,4.668899425161434,6.160559611745333
51.64050562578135,77.97265013430672,7.406312724220844,0.7669408125855464,6.654947696574338,4.685994838011835,6.161629395943483
51.65717460758438,78.0080986477963,7.407462104578696,0.9088441144795065,6.300809725871764,4.988330534392861,6.1626989730543045
51.67384358938741,78.04354846283654,7.408611801230154,0.6515224835109442,6.645468601774025,5.480185317835663,6.163768343329622
51.69051257119044,78.07899897165389,7.4097618142128585,0.9640404128207816,5.677685182981119,5.443548107373394,6.164837507021187
51.70718155299347,78.11444951542383,7.410912143566558,1.1228536880045537,6.235299041890265,6.014925924255871,6.165906464380673
51.7238505347965,78.14989938427095,7.412062789333105,1.007107793468266,5.708710189275007,5.978147954998571,6.166975215659678
51.74051951659953,78.18534781726892,7.413213751556462,0.6470933040477705,6.230935903435894,5.630224338234217,6.1680437611097245
51.757188498402556,78.22079400244043,7.414365030282698,0.8653253221995063,5.823766615078693,6.180611551973408,6.169112100982257
51.773857480205585,78.25623707675727,7.415516625559988,0.5344415549222554,6.159108548196593,5.799620836434814,6.170180235528647
51.79052646200861,78.29167612614027,7.416668537438616,0.9075758750263518,6.168162249463077,5.4593078403365425,6.171248165000184
51.807195443811636,78.32711018545942,7.417820765970972,0.8832463886637663,6.079975666239502,5.461912150510798,6.172315889648088
51.823864425614666,78.36254006875647,7.41897331113592,0.41919027566236533,6.38458043784983,5.475728891782239,6.173383409723508
51.84053340741769,78.3979693703398,7.420126172805649,0.560824556436062,6.176062779303492,5.028271975735716,6.174450725477517
51.85720238922072,78.4333989505036,7.421279350971212,0.7365812716864238,5.895730108894205,5.1988022570837185,6.175517837161108
51.873871371023746,78.4688295193251,7.422432845628707,0.7330647715852806,6.125676117043773,4.772435320936068,6.176584745025194
51.890540352826775,78.5042617233875,7.423586656775597,0.5513689480643098,6.522999774812595,4.452013610405311,6.177651449320612
51.907209334629805,78.53969614578016,7.424740784410714,0.8710876393042302,5.93522156479058,3.904857526738203,6.178717950298129
51.923878316432834,78.57513330609838,7.4258952285342605,0.8436141176534682,6.385478932190578,4.1534603521770626,6.179784248208432
51.94054729823586,78.61057366044352,7.427049989147803,0.754493016041846,6.74362395887225,4.301190039662567,6.1808503433021365
51.95721628003889,78.64601760142307,7.428205066254279,0.6422159331134466,6.077790252768493,4.631519251318134,6.181916235829782
51.97388526184192,78.68146545815048,7.4293604598579925,1.0031429932661702,6.669768799334102,4.813111098848012,6.182981926041832
51.99055424364495,78.71691749624526,7.430516169964616,1.1245102695632179,6.820514501750365,4.909174860367836,6.184047414188678
52.00722322544797,78.75237391783298,7.431672196581189,0.6967437732587212,6.21220667417739,5.144692420859648,6.185112700520632
52.023892207251,78.78783486154525,7.432828539716123,0.6710498537941181,6.438188343723777,5.5643669990402636,6.1861777852879385
52.04056118905403,78.82330040251975,7.433985199379191,0.8917518816139454,6.189398131080606,5.29619998265082,6.187242668740758
52.05723017085706,78.85877055240016,7.435142175581539,0.72193152799286,6.018874103873242,6.213754140671476,6.188307351129184
52.07389915266008,78.89424525933623,7.43629946833568,0.7656849633194163,6.205039474179781,5.17323381420867,6.18937183270323
52.09056813446311,78.92972440798376,7.437457077655491,0.9415219774007564,5.804268526914301,6.229195351478805,6.190436113712838
52.10723711626614,78.96520781950457,7.438615003556224,0.4117470172469445,6.212323260255846,5.706601578659014,6.191500194407872
52.12390609806917,79.00069525156655,7.439773246054493,1.0573055314952193,6.165032881822838,5.878002479468572,6.192564075038123
52.1405750798722,79.03618639834365,7.440931805168285,0.808207947245428,6.382238014980197,5.48693324343777,6.193627755853308
52.15724406167523,79.0716808905158,7.442090680916949,0.7113999333954901,6.49125799369973,5.2451539772207205,6.194691237103067
52.17391304347826,79.10717829526904,7.443249873321207,0.7758783954604072,5.942213217498835,5.0573430235309935,6.195754519036966
52.19058202528129,79.14267811629543,7.444409382403146,0.7862377053688974,5.884019759583522,4.894172084689468,6.196817601904497
52.20725100708432,79.17817979379308,7.445569208186225,0.44753812579416424,6.2200872062964665,4.347323003238173,6.197880485955077
52.223919988887346,79.21368270446615,7.446729350695264,1.0927925281453548,6.073139093511235,4.605175483258354,6.198943171438043
52.24058897069037,79.24918616152482,7.447889809956458,0.8020964493285457,6.207328863823762,3.8872132517988507,6.200005658602667
52.2572579524934,79.28468941468535,7.449050585997367,0.8824581332267329,6.124402754633563,4.205875858904201,6.201067947698139
52.273926934296426,79.32019165017,7.450211678846918,0.984193989552999,5.741792531938478,4.530785842317074,6.202130038973574
52.290595916099456,79.35569199070716,7.451373088535408,0.5896778162601456,6.206644264667516,4.721518512484531,6.203191932678017
52.30726489790248,79.39118949553117,7.4525348150945,0.888630903941346,5.897290905829327,4.760763313656109,6.204253629060432
52.32393387970551,79.42668316038244,7.453696858557229,0.7404344663397232,5.773681199282025,4.740982250333193,6.205315128369714
52.340602861508536,79.46217261573368,7.454859218950107,0.9633429439660671,6.022768671774393,5.378291505072732,6.206376430854679
52.357271843311565,79.4976614025765,7.456021896247166,0.36856935326888934,5.166332883877699,5.148048535444247,6.207437536764085
52.373940825114595,79.5331506597729,7.457184890436581,0.7742219697155277,6.113580357969187,6.079702263847668,6.2084984463466
52.390609806917624,79.56864091281103,7.45834820151328,0.6735026350348052,5.692233427795808,5.680027713342865,6.209559159850815
52.40727878872065,79.60413264137837,7.459511829473459,0.8805452367445283,6.339640393428436,5.32561938427539,6.2106196775252505
52.42394777052368,79.63962627936178,7.460675774314597,0.8881273085107926,5.962900146614001,5.434072240036249,6.211679999618349
52.44061675232671,79.6751222148474,7.461840036035446,0.6526190604806389,6.569984673215147,5.732945986689593,6.212740126378485
52.45728573412974,79.71062079012073,7.463004614636034,0.6517351790012571,6.1931412140353865,5.618692459130475,6.213800058053952
52.47395471593276,79.7461223016666,7.464169510117668,0.7720625344950548,6.498467963540427,5.968062502094322,6.214859794892975
52.49062369773579,79.78162700016918,7.46533472248293,0.6148927630872812,6.06738942314021,4.829106554476374,6.215919337143706
52.50729267953882,79.81713509051195,7.4665002517356776,0.9626434919534222,6.1738974330877125,4.9022136567549826,6.216978685054219
52.52396166134185,79.85264673177775,7.467666097881047,0.7204308010501889,5.395335417728077,4.333001031988589,6.218037838872516
52.54063064314487,79.88816203724875,7.4688322609254465,0.21290002951118425,6.131185558962495,4.2976723149319,6.219096798846527
52.5572996249479,79.92368107440642,7.469998740876565,0.7193586382412959,5.738526762256303,4.79959803407574,6.220155565224105
52.57396860675093,79.95920386493158,7.471165537743367,0.5866396055364846,6.3610481753692465,3.8715306590782834,6.221214138253033
52.59063758855396,79.9947303847044,7.472332651536092,0.4681184706973675,6.808651873999678,4.383683286354288,6.222272518181017
52.60730657035699,80.03026056380436,7.473500082266257,0.5469135141691639,6.3781157033120355,4.39817168850532,6.223330705255691
52.62397555216002,80.06579428651033,7.474667829946656,0.8163056881394377,6.058048048587863,4.416245687862045,6.224388699724615
52.64064453396305,80.1013313913004,7.475835894591356,1.060177255311909,5.967599172114197,4.778973406388862,6.225446501835274
52.65731351576608,80.1368716708521,7.477004276215705,0.8571110242501523,6.173963827509717,4.5116812189622415,6.226504111835081
52.673982497569106,80.17241487204227,7.478172974836326,0.6731984355696079,6.156853274391555,5.606867565974667,6.227561529971374
52.69065147937213,80.207960695947,7.479341990471115,0.8857048798984439,5.778523652563952,5.926940266634612,6.228618756491418
52.70732046117516,80.24350879784183,7.480511323139249,0.7027308503832534,6.1427208428909985,5.568914220208642,6.229675791642404
52.72398944297819,80.27905878720159,7.481680972861178,0.6556536540636357,5.558548696750182,6.432689872109003,6.23073263567145
52.740658424781216,80.3146102277004,7.482850939658632,0.5637259536206192,5.826839830128075,5.667921325964121,6.231789288825598
52.757327406584245,80.35016263721177,7.484021223554612,0.44425742918484695,6.301927232389769,5.912511048538521,6.232845751351819
52.77399638838727,80.3857154878085,7.485191824573403,0.7166630963835954,5.638718533625219,6.149114724845742,6.233902023497007
52.7906653701903,80.42126820576276,7.486362742740559,0.8262831267274298,6.152179414118631,5.438559442873072,6.234958105507986
52.807334351993326,80.45682017154604,7.487533978082913,0.7753722296712863,5.498139242957926,4.962084875096356,6.236013997631503
52.824003333796355,80.49237071982914,7.488705530628577,0.7115280568939231,6.702098266622272,4.656453830742363,6.237069700114234
52.840672315599384,80.52791913948221,7.489877400406936,0.6055966530267772,5.927551838919591,5.507931365882591,6.238125213202779
52.857341297402414,80.56346473339292,7.491049587448334,0.9164194700548226,6.022070467015257,4.49149198105569,6.239180537143667
52.87401027920544,80.59900884512957,7.492222091763808,0.531368158144524,6.142750305521265,4.389244683968864,6.240235672183362
52.89067926100847,80.63455275636561,7.49339491334062,0.9500243791782351,5.868539713776958,3.960248420002527,6.24129061856825
52.9073482428115,80.6700970173628,7.4945680521671445,0.5943995907549621,6.176184700829137,4.496810996910706,6.242345376544636
52.92401722461452,80.70564213662844,7.495741508233216,0.6443800890509268,6.280963114521207,3.973198733235582,6.243399946358751
52.94068620641755,80.74118858091528,7.496915281530132,0.5015341842254872,6.595791738937003,4.13322573650375,6.244454328256754
52.95735518822058,80.77673677522155,7.498089372050652,0.6946348226398595,6.158154078775893,4.51383755791785,6.245508522484733
52.97402417002361,80.81228710279092,7.499263779788994,0.990001717217646,6.049181989362098,4.304544688584419,6.246562529288701
52.99069315182664,80.84783990511255,7.500438504740842,0.8980887605480383,6.081099825585162,4.806800111399893,6.2476163489146
53.00736213362966,80.88339548192108,7.501613546903338,0.9906714264296298,6.747160942368809,5.531325248785324,6.248669981608297
53.02403111543269,80.91895409119661,7.502788906275086,0.8994393181986204,6.5890713096155995,5.478590882047172,6.24972342761559
53.04070009723572,80.95451594916473,7.503964582856153,0.5743005921120714,6.0940244987527805,5.594448345158779,6.250776687182202
53.05736907903875,80.99008123029647,7.50514057664807,0.7289004055729242,6.173605220946213,5.770545958481457,6.2518297605537825
53.07403806084178,81.02565006730833,7.506316887653823,0.6390420610447003,6.018966523097894,5.671011189547161,6.2528826479759125
53.09070704264481,81.06122255116236,7.507493515877865,1.0612204479107232,6.091038079724187,6.391130712647923,6.253935349694094
53.10737602444784,81.09679873106597,7.508670461326109,0.5557712618528503,5.529636608341594,5.475595428521326,6.254987865953763
53.12404500625087,81.13237861447212,7.50984772400593,0.973891996847127,6.111380753532527,5.63905409376683,6.256040197000278
53.140713988053896,81.16796216707917,7.511025303926162,0.9737666446137765,6.965059904335314,5.410441071975495,6.257092343078928
53.15738296985692,81.20354931283102,7.512203201097102,1.161123266345025,6.3121693739452915,5.441910190613547,6.258144304434927
53.17405195165995,81.23913993391704,7.513381415530513,0.7132852066683127,5.467082015030463,5.2199440621322,6.2591960813134175
53.19072093346298,81.27473387077202,7.514559947239613,0.9377102000808316,6.715614067850387,4.639965923497803,6.26024767395947
53.207389915266006,81.31033092207628,7.515738796239086,1.2515993222169106,6.1635538001816235,4.531663025826947,6.2612990826180805
53.224058897069035,81.34593084475553,7.516917962545075,0.671763750036086,5.9580774038039985,4.392309825856964,6.2623503075341755
53.24072787887206,81.38153335398104,7.518097446175187,0.4883071101949721,6.355082600972182,3.530545003555115,6.263401348952606
53.25739686067509,81.41713812316951,7.519277247148485,0.41933617095905124,5.896606952515175,3.7310665456925842,6.2644522071181505
53.274065842478116,81.45274478398308,7.520457365485504,0.9379035453081878,5.895576148269301,4.099391249589807,6.265502882275516
53.290734824281145,81.48835292632944,7.52163780120823,0.4187540034713071,6.1760875879063,4.255986584288698,6.266553374669337
53.307403806084174,81.52396209836168,7.522818554340114,0.7209430837899644,5.997262799397885,4.264590074099502,6.267603684544175
53.324072787887204,81.5595718064784,7.523999624906074,0.8828923248229374,5.521965294156114,5.085937128735482,6.268653812144519
53.34074176969023,81.59518151532365,7.525181012932482,0.8324875315574553,6.105914877788881,5.111989372242613,6.269703757714784
53.35741075149326,81.63079064778697,7.526362718447176,0.8805640775390347,6.084300762863383,5.286333876568987,6.270753521499315
53.374079733296284,81.66639858500335,7.527544741479453,0.8399557001031801,6.163703629358781,5.178941498635608,6.271803103742381
53.39074871509931,81.70200466635328,7.528727082060074,1.05129345957227,6.128546637000832,5.693051061221248,6.272852504688182
53.40741769690234,81.73760818946269,7.52990974022126,0.6050795324498892,5.986267952200484,4.999867704377656,6.273901724580844
53.42408667870537,81.77320841140025,7.5310927159966585,0.6601662363111875,6.398693809658909,5.743301086292376,6.2749507636644175
53.4407556605084,81.80880564185364,7.5322760093884025,0.6410557740668857,6.179698999108015,5.737891682405468,6.275999622182898
53.45742464231143,81.84440118126008,7.533459620367296,0.9616483683203754,6.095180982666421,5.64786576611126,6.277048300380203
53.47409362411445,81.87999586911644,7.534643548917147,0.9757120101580599,6.656360791179471,4.906086395972395,6.2780967985001634
53.49076260591748,81.91559048599332,7.53582779502331,0.8858995865740894,6.182455597878961,5.206038841427933,6.279145116786543
53.50743158772051,81.95118575353519,7.53701235867267,1.0323754300156271,6.120855821938215,4.575871067878059,6.280193255483034
53.52410056952354,81.98678233446024,7.538197239853653,0.5600906407813098,6.206089706608415,4.405203070693223,6.281241214833253
53.54076955132657,82.02238083256053,7.539382438556222,1.129165697873236,6.083381475013648,4.659340281721591,6.28228899508075
53.5574385331296,82.05798179270181,7.540567954771882,1.1003906048951604,5.874461083695435,4.897655810864496,6.283336596468999
53.57410751493263,82.0935857008237,7.5417537884936685,0.9428892286706445,6.120201019575774,4.227474015101611,6.284384019241407
53.59077649673566,82.12919298393957,7.542939939716162,1.1521465033194005,6.066998017084802,3.96273212776707,6.285431263641306
53.60744547853868,82.16480401013658,7.544126408435477,0.4644839160440643,6.73541589648643,4.337817750833763,6.286478329911958
53.62411446034171,82.20041908857573,7.5453131946492675,0.6909407100080984,6.125543425755543,4.706660127976005,6.287525218296555
53.64078344214474,82.23603846949173,7.546500298356726,0.6487913684676795,6.514878185541293,4.811290690515539,6.288571929038214
53.65745242394777,82.27166234419315,7.547687719558582,0.9401695923572742,6.120793342661895,5.684683889968296,6.289618462379984
53.674121405750796,82.30729084506227,7.548875458257102,0.5858671903412802,6.399004823886783,4.89744396438755,6.29066481856484
53.690790387553825,82.34292404555526,7.5500635144560935,0.9474159224351628,6.309961826591241,5.427039095574068,6.291710997835688
53.70745936935685,82.37856196020199,7.551251888160901,1.0700456193189127,6.11747491173597,6.020965467196508,6.29275700043536
53.72412835115988,82.41420454460618,7.552440579378405,0.9350004121301281,6.110615204801942,6.152589728337734,6.293802826606617
53.740797332962906,82.4498516954453,7.553629588117024,0.8527314220771571,5.811346055661563,5.202970565890686,6.294848476592152
53.757466314765935,82.48550325047066,7.554818914386718,0.5984278780299339,6.251550962974678,5.791083052881581,6.295893950634581
53.774135296568964,82.52115898850728,7.556008558198982,0.6266536254798735,6.096554743227132,6.16398627794567,6.296939248976453
53.79080427837199,82.55681862945403,7.557198519566851,1.0459688158847276,6.099480899501843,6.441998755340724,6.297984371860241
53.80747326017502,82.59248183428357,7.558388798504896,0.9519359953484533,6.629512238800036,5.585838927185295,6.299029319528353
53.82414224197805,82.62814820504231,7.559579395029227,0.7882833940513855,5.715951203240877,5.027547108683972,6.30007409222312
53.840811223781074,82.66381728485048,7.560770309157491,0.7125264357467198,6.002155642895464,4.584848156537129,6.3011186901868035
53.8574802055841,82.69948855790213,7.561961540908877,0.390967760860114,6.6127107816188095,5.3139397505960995,6.302163113661594
53.87414918738713,82.73516144946502,7.563153090304105,0.5819797859334838,6.124673623176948,4.662081553561916,6.30320736288961
53.89081816919016,82.77083532588075,7.564344957365439,1.178454964887802,6.0920768727842205,4.038674448204529,6.304251438112899
53.90748715099319,82.80650949456472,7.56553714211668,0.5401008546463779,6.194163462312559,4.150998965007633,6.305295339573434
53.92415613279622,82.84218320400608,7.566729644583163,0.834108698071664,6.161835895931995,4.3010146627470265,6.306339067513123
53.94082511459924,82.87785564376782,7.567922464791768,0.9977222370366723,5.378962099731046,4.444665420058581,6.307382622173795
53.95749409640227,82.91352594448664,7.569115602770906,0.5452695609530234,6.102300575333783,4.1555514150333,6.308426003797214
53.9741630782053,82.94919317787313,7.57030905855053,0.8332167852472796,6.864522766794657,4.44135120104598,6.309469212625068
53.99083206000833,82.98485635671159,7.57150283216213,0.9838783371085841,5.902701019673197,4.366557435735593,6.310512248898976
54.00750104181136,83.02051443486015,7.572696923638733,0.7988155768771913,6.027331239075176,5.424665225825207,6.311555112860486
54.02417002361439,83.0561663072507,7.573891333014907,1.37001675008838,5.8500930120822305,5.249511254722887,6.31259780475107
54.04083900541742,83.0918128532549,7.575086060263145,0.4626366572047797,6.10942491084676,5.696688152352588,6.313640324812145
54.05750798722044,83.1274566114924,7.576281105321237,1.0081225285448148,5.840746975916681,6.133746408178241,6.314682673285052
54.07417696902347,83.16309878425236,7.577476468176181,0.7618367322347257,6.266643890152141,5.85407519897255,6.315724850411051
54.0908459508265,83.1987404848981,7.5786721488162385,0.9508013113818348,6.164362520789205,5.758100952089497,6.316766856431332
54.10751493262953,83.23438273795263,7.579868147230933,0.8846988550054848,6.485696016275631,5.776499410264106,6.317808691587016
54.12418391443256,83.2700264790985,7.5810644634110425,0.6498262730415907,6.078631371864928,5.593278088921001,6.3188503561191505
54.140852896235586,83.30567255517795,7.58226109734861,0.8422768222964052,5.952393755064861,5.7479326130374675,6.319891850268715
54.157521878038615,83.3413217241927,7.583458049036939,0.4249172284050051,6.03867205284675,5.23046978737649,6.320933174276617
54.17419085984164,83.37697465530415,7.584655318470589,0.9171669372144409,6.232656734680529,4.723597535440025,6.321974328383696
54.19085984164467,83.4126319288333,7.585852905645383,0.8561689922453477,5.726043195496977,4.962044451256119,6.3230153128307185
54.207528823447696,83.44829403626072,7.5870508105584,0.9242891382507421,6.137513621426495,4.812103020124903,6.324056127858384
54.224197805250725,83.48396138022657,7.588249033207986,1.0082005185384573,6.661585559128287,3.891268709126309,6.325096773707317
54.240866787053754,83.51963427453067,7.5894475735937394,0.8701205140821408,5.7950847545338044,4.671661128089398,6.326137250618076
54.25753576885678,83.55531294413237,7.590646431716525,0.8262340660355407,5.976983381546737,4.317470785341756,6.327177558831146
54.27420475065981,83.59099752515064,7.591845607578464,0.6204220942920899,5.851399490249506,4.366811763550613,6.328217698586944
54.290873732462835,83.62668806486406,7.593045101182936,0.6542111319520485,6.187226855362416,4.727910471022981,6.329257670125815
54.307542714265864,83.66238452171082,7.594244912534587,1.0340216752801648,5.908240614162852,4.456132600106773,6.330297473688035
54.32421169606889,83.6980867652887,7.5954450416393176,1.0839612424503562,6.6405980694187425,5.149375039711859,6.331337109513809
54.34088067787192,83.7337945763551,7.596645488504288,0.7490914276091373,5.766628314796492,5.000395115972337,6.332376577843271
54.35754965967495,83.76950764682694,7.597846253137924,0.8059333613788308,5.628833936636815,4.910138465861236,6.333415878916485
54.37421864147798,83.80522557978082,7.599047335549905,0.6158291774766157,6.087203262492899,5.2579659261530685,6.3344550129734465
54.39088762328101,83.84094788945292,7.600248735751175,1.031322605562952,5.713399034062969,5.877501765236268,6.335493980254077
54.40755660508403,83.87667400123902,7.601450453753937,0.9298737287651606,6.022010311153656,5.5045932663243695,6.336532780998231
54.42422558688706,83.91240325169449,7.6026524895716525,1.1850529223165016,5.915500926779281,6.274916084507698,6.337571415445691
54.44089456869009,83.94813488853428,7.603854843219043,0.6211638340607241,5.710162070247037,6.07480037505251,6.338609883836169
54.45756355049312,83.983868070633,7.605057514712095,0.7212458276383006,6.1398562595385995,5.973865469629396,6.339648186409307
54.47423253229615,84.01960186802478,7.606260504068046,0.8431554933610724,6.676063697578156,5.410899354231709,6.340686323404678
54.49090151409918,84.05533526190342,7.6074638113054025,0.9261830612802683,6.4064618384980685,5.213888820098294,6.341724295061782
54.5075704959022,84.09106714462229,7.608667436443925,0.7537704145662972,6.247123028670782,4.528113110226767,6.3427621016200515
54.52423947770523,84.12679631969436,7.609871379504639,0.6223304557837687,6.150182937828135,4.945798046462845,6.343799743318845
54.54090845950826,84.1625215017922,7.611075640509825,0.9732228549123161,6.090902564844659,4.556406809653528,6.344837220397455
54.55757744131129,84.19824131674797,7.612280219483027,0.941187040340663,5.660743070245033,4.4626334944000705,6.345874533095101
54.57424642311432,84.23395430155347,7.6134851164490485,0.6137237098700524,6.2194896371619555,4.71820019424161,6.346911681650933
54.59091540491735,84.26965890436003,7.614690331433952,1.0680855957989182,5.786920563479473,4.026367507142115,6.347948666304028
54.607584386720376,84.30535500734679,7.615895864446505,1.0310552264524082,5.62363070722223,4.244296215226982,6.3489854872934
54.624253368523405,84.34104855945688,7.617101715420426,0.8238931765346478,6.136387013017841,4.524410864559678,6.3500221448579985
54.64092235032643,84.37674129320072,7.618307884339092,0.812971785465529,6.989640910486347,4.346212371419728,6.351058639236691
54.657591332129456,84.4124342088828,7.619514371194558,0.9078820465484746,6.227795809337227,4.807534024343245,6.352094970668277
54.674260313932486,84.44812821902775,7.620721175979785,0.6247481010352707,6.402990775775519,5.262003831579803,6.353131139391486
54.690929295735515,84.48382414838035,7.621928298688644,0.8031131771033553,5.98419854848353,5.2556238947698874,6.354167145644976
54.707598277538544,84.51952273390555,7.623135739315909,0.36664828195204735,6.0657585910070395,5.950490360570929,6.3552029896673385
54.72426725934157,84.55522462478844,7.624343497857266,0.9724341729936942,6.388017095949836,5.254443667718299,6.356238671697094
54.740936241144595,84.59093038243424,7.625551574309304,0.48486239583639995,6.2820830311925135,6.12518415201412,6.357274191972693
54.757605222947625,84.6266404804684,7.626759968669525,1.0978629458512503,6.121562974256747,5.990149439443507,6.358309550732519
54.774274204750654,84.66235530473645,7.627968680936331,0.7311728446184367,5.984762213909363,5.547058587623496,6.359344748214885
54.79094318655368,84.6980751533041,7.629177711109037,0.7548812936739594,6.127897153697279,5.296024424283581,6.360379784658034
54.80761216835671,84.73380023645723,7.630387059187863,0.6716856788905585,5.641664556524622,4.748763377320694,6.361414660300138
54.82428115015974,84.7695306767018,7.631596725173935,0.7396423987657221,5.857179598620499,4.897289793978291,6.362449375379304
54.84095013196277,84.80526650876403,7.632806709069292,1.0809740994144619,5.827159978145112,5.199688574854446,6.363483930133567
54.8576191137658,84.8410076795902,7.634017010876872,0.29972369930123294,6.141809973703726,4.629610803610041,6.364518324800892
54.87428809556882,84.87675404834683,7.635227630600525,1.0526960514346058,6.071344118062059,4.790850521896412,6.365552559619177
54.89095707737185,84.91250538642049,7.636438568245009,0.8649251574280133,5.781042185383593,4.106154934251064,6.366586634826247
54.90762605917488,84.94826137741798,7.6376498238159884,0.5559335620055863,5.8777335965029724,4.4237197874709295,6.367620550659861
54.92429504097791,84.98402161716623,7.638861397320034,0.5822927867118739,6.028962351682064,3.9930065738391383,6.368654307357709
54.94096402278094,85.01978561371234,7.640073288764624,1.1326511878800802,5.381151382098103,3.9927746268452813,6.3696879051574085
54.95763300458397,85.05555278732355,7.641285498158144,0.6082884669353396,6.101690770445819,4.39475836643424,6.370721344296508
54.97430198638699,85.0913224704872,7.642498025509887,0.5667369446555811,6.681331004408981,4.42797079956455,6.371754625012489
54.99097096819002,85.12709390791089,7.643710870830057,1.0248871024607709,6.14157332691677,4.401655115027478,6.3727877475427634
55.00763994999305,85.1628662565223,7.644924034129757,0.8651518598169591,6.518490727576045,5.060115522839631,6.373820712124672
55.02430893179608,85.19863858546928,7.646137515421006,0.6098732031800922,6.7427074529054,5.385807238428328,6.374853518995487
55.04097791359911,85.23440987611984,7.647351314716723,0.8408002908482922,6.118437452596186,5.938801423965737,6.375886168392412
55.05764689540214,85.27017902206212,7.64856543203074,0.5923416796684768,6.132895593969939,5.989088021191229,6.37691866055258
55.074315877205166,85.30594482910443,7.649779867377793,1.0176733600561625,6.1048706076334165,6.154454150803548,6.377950995713054
55.090984859008195,85.34170601527526,7.6509946207735275,1.0098000806641108,6.3058726026866765,6.007800992811684,6.37898317411083
55.10765384081122,85.37746121082318,7.652209692234494,0.9039438781112482,5.908237295790762,5.81718226972816,6.380015195982834
55.124322822614246,85.41320939029262,7.6534250817755005,0.8698915445899812,6.0490768710772524,5.204176360993842,6.381047061565921
55.140991804417276,85.44895529952538,7.654640789372329,1.1498135946409347,6.326679803349435,5.417191920019973,6.3820787710968885
55.157660786220305,85.48470119369469,7.655856815007881,0.7975298158019822,5.741483363593297,5.3141922902154,6.3831103248124546
55.174329768023334,85.52044772046813,7.657073158674313,0.561234249223892,5.833685831076994,5.32207596221221,6.384141722949268
55.190998749826356,85.5561954695476,7.658289820364547,0.8875203241819194,6.0963120514601,4.85169688142001,6.385172965743908
55.207667731629385,85.59194497266944,7.659506800072264,1.2148513621508414,6.093590117269709,4.813571197889732,6.386204053432885
55.224336713432415,85.62769670360427,7.660724097791909,0.5947064075516385,5.436012387483297,3.9821918758889385,6.387234986252643
55.241005695235444,85.6634510781572,7.661941713518685,0.7253820501097173,6.14743110962944,4.113544540804706,6.388265764439555
55.25767467703847,85.69920845416758,7.66315964724856,0.8809800516397223,6.359482702353578,4.337161723815818,6.389296388229925
55.2743436588415,85.73496913150923,7.6643778989782625,0.7869260580973197,5.550538083009586,4.631041931048604,6.390326857859994
55.29101264064453,85.77073335209026,7.6655964687052816,0.6012624390070772,6.126196938291259,4.383815317886789,6.391357173565925
55.30768162244756,85.80650129985324,7.66681535642787,1.0221107968146725,5.3654370702928835,4.603345008903,6.392387335583823
55.32435060425059,85.84227310077502,7.66803456214504,1.2617633837569733,6.757817126072702,5.071332043768353,6.393417344149718
55.34101958605361,85.87804882286687,7.6692540858565685,0.8369974882391011,5.981539621839046,4.777739642069338,6.394447199499573
55.35768856785664,85.91382847617442,7.670473927562989,0.6169734388607347,6.164176584254999,5.836724046195867,6.395476901869281
55.37435754965967,85.94961201277769,7.671694087265601,0.4880108354606432,6.047884168709723,5.295052890166291,6.396506451494671
55.3910265314627,85.98539932679103,7.672914564966464,0.8494139236657491,6.064411807984489,5.13279423341355,6.397535848611499
55.40769551326573,86.02119025436318,7.674135360668399,1.018609926318704,6.164746768498114,5.7916091040581135,6.3985650934554545
55.42436449506875,86.05698457367723,7.675356474374989,0.8928836804692375,6.069378647539698,6.301130697224544,6.399594186262157
55.44103347687178,86.0927820049507,7.6765779060905786,0.7973849797788833,5.821164961919068,5.893025112814114,6.4006231272671625
55.45770245867481,86.12858221043543,7.677799655820274,0.6800269776720962,6.07003876085749,5.797699397640566,6.401651916705951
55.47437144047784,86.16438479441761,7.679021723569944,0.5794640848254897,6.621031165950058,5.384027803929031,6.40268055481394
55.49104042228087,86.20018930321787,7.680244109346215,0.9648625232421288,6.101714323469623,5.088752664194331,6.403709041826475
55.5077094040839,86.23599522519113,7.68146681315648,0.9806819721282672,6.514857711613282,4.420680853290905,6.404737377978836
55.524378385886926,86.27180199072674,7.682689835008893,0.4887970236500233,5.837727313134805,3.967368508741823,6.40576556350623
55.541047367689956,86.3076089722484,7.683913174912364,1.1159260530214288,6.081242281814594,4.499838204242955,6.406793598643802
55.557716349492985,86.34341548421418,7.685136832876573,0.912787721218407,6.472716910119553,4.68523152894228,6.407821483626622
55.57438533129601,86.3792207831165,7.686360808911955,1.0779075689773747,5.584043841771809,4.3145924299745335,6.408849218689696
55.591054313099036,86.41502406748216,7.6875851030297095,0.5295781964112092,5.757102259291899,4.395537326124466,6.4098768040679595
55.607723294902065,86.45082447787237,7.688809715241797,0.5248539644336905,6.619593116409849,4.758180928999552,6.41090423999628
55.624392276705095,86.48662109688267,7.6900346455609405,0.7682399262175293,6.06339052854682,4.526501783316896,6.4119315267094565
55.641061258508124,86.52241512849653,7.691259893990188,0.8986056094470467,5.238714136656848,4.5919005935555255,6.412958664442227
55.657730240311146,86.5582088169975,7.6924854605156145,1.1573357677903842,6.67270181460465,4.620320805193497,6.41398565342926
55.674399222114175,86.59400270242385,7.6937113451257515,0.9392942083421323,5.705850385736087,5.722855528279436,6.415012493905149
55.691068203917204,86.62979728221165,7.694937547809943,0.7495569358251222,6.178047062468976,5.513092812700618,6.416039186104417
55.707737185720234,86.66559301120597,7.696164068558346,0.5928340584942695,6.0906173937284,5.276212655240521,6.417065730261523
55.72440616752326,86.70139030166087,7.697390907361933,1.044122666639892,4.773074830757721,5.357344962965659,6.418092126610857
55.74107514932629,86.7371895232393,7.69861806421249,0.605196062240438,6.005291559428648,6.164625329335973,6.4191183753867405
55.75774413112932,86.77299100301319,7.699845539102617,1.1238453968626896,6.211962220575353,5.480259317807535,6.420144476823429
55.77441311293235,86.80879502546344,7.701073332025726,0.741289237724924,6.258868197344746,6.272929606389235,6.421170431155109
55.79108209473538,86.84460183247991,7.702301442976046,1.1162970071253957,6.107797270904817,4.7449453614088695,6.422196238615899
55.8077510765384,86.88041162336135,7.703529871948618,0.9339812187841323,5.90619845163907,5.797772166094169,6.423221899439854
55.82442005834143,86.91622455481556,7.704758618939297,0.7708101742663513,6.309218701197079,5.279846010653708,6.424247413860955
55.84108904014446,86.95204074095919,7.705987683944754,0.6943442523815742,5.8969276758246725,4.919041166100019,6.425272782113121
55.85775802194749,86.98786025331793,7.707217066962469,0.7300561490762153,5.4074109749856145,4.591921193095599,6.426298004430199
55.87442700375051,87.02368312082638,7.7084467679907425,0.8839152040230819,6.058686267062098,5.0076762183458525,6.427323081045972
55.89109598555354,87.05950932982813,7.709676787028682,0.8136972489954595,5.401559082454736,4.503260495231065,6.428348012194155
55.90776496735657,87.09533882407565,7.710907124076216,0.6795176955406531,6.40016810117155,3.9402743264909015,6.429372798108392
55.9244339491596,87.13117150473045,7.712137779134081,0.7651676656892706,5.667420065978212,3.692886042453172,6.430397439022262
55.94110293096263,87.16700723036294,7.71336875220383,0.8140232674882945,6.217752957885523,4.33656491686195,6.431421935169278
55.95777191276566,87.2028458169525,7.714600043287829,0.37257489964378415,6.07989264857673,4.428038639891088,6.432446286782882
55.97444089456869,87.23868703788746,7.71583165238926,0.8899691416547442,6.03717930690443,4.173355322276755,6.433470494096451
55.991109876371716,87.27453062396512,7.717063579512116,0.6024050171092485,6.508590571175539,4.849948586332981,6.4344945573432915
56.007778858174746,87.3103762633917,7.718295824661205,0.5676964679497968,5.963473869007568,4.9447021501306425,6.435518476756645
56.024447839977775,87.3462236017824,7.719528387842151,0.4609077088872637,6.379073847690928,5.358541026631436,6.436542252569686
56.0411168217808,87.38207224216139,7.720761269061389,0.4396116516318159,6.085096326679635,5.777569279384278,6.437565885015518
56.057785803583826,87.41792174496173,7.7219944683261685,0.527314166653868,6.012818020512144,6.156801910517878,6.438589374327181
56.074454785386855,87.4537716280255,7.723227985644555,0.656612934993529,6.797441756779945,6.061489531123078,6.439612720737644
56.091123767189885,87.48962136660373,7.724461821025424,1.1890823564380486,5.684206019640575,5.574957739076179,6.4406359244798095
56.10779274899291,87.52547039335633,7.725695974478469,0.693267939334056,6.703974553068987,5.827143537201626,6.441658985786513
56.124461730795936,87.56131809835226,7.726930446014194,0.8340071845117775,6.096421738907807,5.590327867144599,6.442681904890523
56.141130712598965,87.59716382906939,7.728165235643921,0.8785666724666931,5.858013161365682,4.970736169282079,6.443704682024538
56.157799694401994,87.63300689039454,7.7294003433797815,0.8246966074755152,6.58758519131444,5.252558954736493,6.444727317421191
56.174468676205024,87.66884664037367,7.730635769233933,0.7830079963112179,5.5696026007175,5.4397738043455215,6.445749811313048
56.19113765800805,87.70468409044187,7.731871513200129,0.5594509971152934,5.8309946841094025,4.65366131311864,6.44677216393262
56.20780663981108,87.74052029955249,7.733107575260833,1.088708264021878,6.05789173981976,3.961703647141495,6.447794375512336
56.22447562161411,87.77635597023261,7.7343439554005435,1.1599750307741965,6.274921989310013,4.299900046089245,6.44881644628456
56.24114460341714,87.81219175433067,7.735580653604652,0.4620168540498913,5.736801395631225,3.847005440946361,6.449838376481585
56.25781358522017,87.84802825301634,7.736817669859446,0.5937557086697316,6.201453529032685,4.4677428454648815,6.450860166335639
56.27448256702319,87.88386601678056,7.738055004152107,0.7426121354865114,5.991180211296142,4.441145883937609,6.451881816078884
56.29115154882622,87.91970554543562,7.739292656470709,0.605679365234672,6.071337058586923,4.377575651427315,6.452903325943412
56.30782053062925,87.95554728811504,7.740530626804221,0.8997926983001515,6.26274785823222,4.5305853459450445,6.453924696161253
56.32448951243228,87.99139164327366,7.741768915142504,0.6529577536549828,5.99707606460577,4.803584852225541,6.454945926964366
56.3411584942353,88.0272389586876,7.743007521476318,1.2316359573576106,5.777056096285755,5.12005557998482,6.455967018584646
56.35782747603833,88.06308953145428,7.7442464457973115,1.0367469554552624,7.427311647590761,5.12470875592413,6.4569879712539215
56.37449645784136,88.09894360799238,7.745485688098032,0.8411644786311278,6.070146685239947,5.143964871038081,6.458008785203952
56.39116543964439,88.1348013840419,7.7467252483719165,1.0040593042122936,5.038303449834717,6.050951733160842,6.459029460666432
56.40783442144742,88.17066300466408,7.7479651266133,1.0198544585866345,5.818765692422353,5.673318535328432,6.460049997872989
56.42450340325045,88.2065285642415,7.749205322817408,0.685897141391166,5.725641999576724,5.84140042972589,6.461070397055185
56.44117238505348,88.24239810647799,7.750445836980362,0.6354553985005447,6.475719860291542,5.801742677543349,6.462090658444511
56.457841366856506,88.27827162439868,7.751686669099177,0.8143396115251457,6.084090913117026,5.667512969490861,6.463110782272399
56.474510348659535,88.31414906035002,7.752927819171764,0.9710503184669255,6.2650678721145745,5.017610423320743,6.464130768770206
56.491179330462565,88.35003030599968,7.754169287196925,0.8265472110456789,5.9634441054759435,4.629648520605636,6.465150618169226
56.50784831226559,88.38591520233668,7.755411073174358,0.4833478157337006,5.999447250274258,4.705473698648448,6.466170330700689
56.524517294068616,88.42180353967127,7.756653177104654,0.6381941473456005,5.898746199150075,4.7620216710776315,6.4671899065957525
56.541186275871645,88.45769505763505,7.757895598989298,0.7839763304854561,6.0753754093884025,4.221075104722661,6.468209346085514
56.55785525767467,88.49358944518085,7.75913833883067,0.7836495925101618,6.468902664071763,4.184020185914909,6.469228649400997
56.5745242394777,88.52948634058284,7.760381396632045,1.1933029020044703,6.179910603823183,4.849192617176073,6.470247816773165
56.591193221280726,88.56538533143643,7.761624772397589,0.5216085745358356,6.2157349386429654,3.6551367949011517,6.4712668484329114
56.607862203083755,88.60128595465837,7.762868466132364,0.899935650847656,6.315954671341226,4.057487366804852,6.472285744611063
56.624531184886784,88.63718769648663,7.764112477842326,1.0966520067044867,6.091176366607492,4.998319010636774,6.473304505538381
56.64120016668981,88.67308999248053,7.7653568075343244,1.2531308597730322,6.2106596290894664,4.617174198214788,6.474323131445557
56.65786914849284,88.70899222752064,7.7666014552161045,0.7179728947904264,6.185501820133736,4.656148192911945,6.475341622563219
56.67453813029587,88.74489373580883,7.767846420896302,0.8971496817969216,6.407188041387726,5.468894508852676,6.476359979121931
56.6912071120989,88.78079380086825,7.769091704584451,0.912827217603018,5.754879779311955,5.373573377984538,6.477378201352181
56.70787609390193,88.81669165554337,7.770337306290976,0.8379827904669356,6.059485509473005,5.456296449469704,6.478396289484401
56.72454507570496,88.85258648199988,7.7715832260271975,0.7791286449818351,5.516644713438743,5.767375309792569,6.479414243748948
56.74121405750798,88.88847741172482,7.77282946380533,0.8861039472814138,6.129953090825386,5.591621592549723,6.480432064376119
56.75788303931101,88.9243635255265,7.77407601963848,0.2924707795653353,5.554405422945527,5.485937111291324,6.481449751596139
56.77455202111404,88.96024411258401,7.775322893532916,0.9353449649237067,6.295222306267497,5.681767562005842,6.482467305639169
56.79122100291706,88.99612056718708,7.7765700854453685,0.8241776610174143,6.0710666790345185,5.2671183975774944,6.483484726735319
56.80788998472009,89.03199427581082,7.7778175953532696,0.7544580573730431,6.606024806711476,5.372344501104919,6.484502015114615
56.82455896652312,89.06786638207889,7.77906542324114,1.2083363753840313,5.865963867986673,5.238033889999064,6.48551917100702
56.84122794832615,89.10373794621506,7.780313569094265,0.6639879750591055,6.015091349367847,5.137309035782778,6.486536194642424
56.85789693012918,89.13960994504312,7.781562032898693,0.7183703666449136,6.61087609011589,4.981060858209383,6.487553086250659
56.87456591193221,89.17548327198689,7.782810814641243,1.1973069536011243,6.094180137464083,4.317241155375525,6.488569846061487
56.89123489373524,89.21135873707016,7.784059914309496,0.6325947039519745,5.7514372017736815,4.439998662142078,6.489586474304602
56.90790387553827,89.24723706691681,7.7853093318917965,0.6889945231538847,6.126780269271618,4.358645320348153,6.490602971209639
56.924572857341296,89.28311890475071,7.786559067377258,0.7696230529297259,6.153377149922506,4.30721294475893,6.491619337006161
56.941241839144325,89.31900481039577,7.787809120755757,0.9671855349699553,6.249894881928337,4.14047146686921,6.4926355719236675
56.957910820947355,89.3548952602759,7.789059492017937,0.8406095839943042,6.065996843804367,4.121407003625188,6.493651676191593
56.97457980275038,89.39079064741509,7.7903101811552045,0.5405344001222423,6.672658608368631,4.781773822072569,6.494667650039306
56.991248784553406,89.42669128143727,7.791561188159734,0.6926360870037899,5.490449738370246,4.356573674350001,6.495683493696107
57.007917766356435,89.46259738856646,7.792812513024463,0.6776091861088305,5.950976576446582,5.038602515957986,6.496699207391233
57.02458674815946,89.4985091116267,7.794064155743096,0.7836460798722644,6.284123479824461,4.591539655109438,6.497714791353854
57.04125572996249,89.53442651004205,7.795316116310101,0.8842691798500502,6.0758692531275695,5.160365986435972,6.498730245813075
57.057924711765516,89.57034955983657,7.796568394720714,0.8827517015485651,6.705037607380968,5.446846492085314,6.499745570997936
57.074593693568545,89.60627815363435,7.797820990970932,0.44391824484592823,6.435055094242256,6.118186303674296,6.500760767137409
57.091262675371574,89.64221210065955,7.799073905057523,1.0119187814882564,5.987580143760191,5.997513166472922,6.501775834460403
57.1079316571746,89.67815112673628,7.800327136978016,0.8496542845298227,6.691582383572509,5.54935423794702,6.502790773195757
57.12460063897763,89.71409487428875,7.801580686730706,1.0760567992357373,6.056625700778018,5.7887386496269295,6.503805583572248
57.14126962078066,89.75004290234115,7.802834554314654,0.8879998725917132,6.505248988431566,5.634803800504026,6.504820265818587
57.15793860258369,89.78599468651771,7.804088739729686,1.019434559125649,6.620460342664891,5.082823714697514,6.505834820163416
57.17460758438672,89.82194961904267,7.805343242976393,0.8924887333398759,6.408884257806888,4.465386988965161,6.506849246835316
57.19127656618975,89.8579070087403,7.806598064056135,1.0684344687863425,6.116984009639762,4.5796850929240565,6.507863546062797
57.20794554799277,89.8938660810349,7.807853202971031,0.9036490342680422,6.061089951895538,4.409096852587013,6.508877718074307
57.2246145297958,89.92982597795083,7.809108659723968,0.7796253903155245,5.3459318615366005,3.920116190960405,6.509891763098228
57.24128351159882,89.96578575811237,7.8103644343186,1.25370485925221,6.160214983745605,4.320887818910141,6.510905681362873
57.25795249340185,90.00174439674397,7.811620526759345,0.9770347581948455,5.7504006100147755,4.2929148586257435,6.511919473096493
57.27462147520488,90.03770078567,7.812876937051386,0.9139855795312948,5.684273979252588,4.4181343698799855,6.512933138527272
57.29129045700791,90.07365373331488,7.814133665200671,0.5439851166280187,6.047596122552283,4.513994268146141,6.513946677883326
57.30795943881094,90.10960196470306,7.815390711213915,0.541593724060209,5.8473500972460295,4.85074590238183,6.514960091392709
57.32462842061397,90.14554412145901,7.816648075098598,0.8578075346087134,6.055358574121984,4.815522835162029,6.515973379283407
57.341297402417,90.18147876180723,7.817905756862962,0.8283778113698624,6.140897045414827,5.180180299305007,6.516986541783338
57.35796638422003,90.21740436057225,7.8191637565160175,0.6764581354571286,5.775283475390216,5.238931314868654,6.51799957912036
57.37463536602306,90.2533208492231,7.820422074051648,0.8274882080287589,6.077697529606554,5.386434266654403,6.519012491522263
57.391304347826086,90.28923341482913,7.8216807094132115,1.117026016365881,5.964609589349276,6.11178306395043,6.520025279216781
57.407973329629115,90.32514385401235,7.822939662583137,0.9383900313195892,5.822332733726476,5.176152635794989,6.52103794243157
57.424642311432144,90.36105344632719,7.8241989335487645,0.5711166831112064,6.126113187479908,6.0540044822819965,6.522050481394223
57.44131129323517,90.39696336472745,7.825458522297932,0.7770254112835618,7.003315764905,5.52905983820727,6.523062896332267
57.457980275038196,90.4328746755663,7.826718428818967,0.6383426151885324,6.065955270661093,5.344426049137444,6.524075187473165
57.47464925684122,90.46878833859628,7.827978653100692,0.7218046057190606,5.890185352244555,5.446370279914152,6.525087355044312
57.49131823864425,90.50470520696939,7.829239195132418,0.716630076509754,5.595900612043839,4.6834514351504115,6.5260993992730425
57.507987220447276,90.5406260272369,7.830500054903956,0.7038326567413311,5.998433459322128,4.635203134784613,6.527111320386622
57.524656202250306,90.57655143934954,7.8317612324056025,0.5483432054838118,6.172890289445822,4.3866925880429255,6.528123118612253
57.541325184053335,90.6124819766574,7.833022727628152,0.7738477931795005,6.054974775374707,4.371547992709177,6.5291347941770725
57.557994165856364,90.64841806590994,7.834284540562889,0.6872655947050039,5.274555484948588,4.0482899711688445,6.530146347308153
57.57466314765939,90.68436002725599,7.83554667120159,0.21350571965042153,5.800712306418445,4.690995482464921,6.531157778232501
57.59133212946242,90.7203080742438,7.836809119536529,1.2099981411111114,6.471535606130239,4.748180832175512,6.532169087177059
57.60800111126545,90.75626231382098,7.838071885560466,1.017165888595934,6.745963734491133,3.678336317787858,6.5331802743687035
57.62467009306848,90.79222274633452,7.83933496926666,0.7241599772897733,6.047380555547962,4.594104576016036,6.534191340034248
57.64133907487151,90.82818926553077,7.840598370648858,0.8031920397238623,6.375342200257743,4.8900120405489025,6.535202284400438
57.65800805667454,90.8641616585555,7.841862089701305,0.5651054107904535,5.699815680304119,5.03290570430268,6.536213107693957
57.67467703847756,90.90013960595387,7.843126126418733,1.1385888492700822,6.456224269382853,4.922901049391263,6.5372238101414215
57.69134602028059,90.93612268167035,7.8443904807963705,1.1789099490906725,6.174640292616652,5.285648898931697,6.538234391969384
57.70801500208361,90.97211035304883,7.845655152829938,0.8307988351861824,6.068218243460519,5.337798524863374,6.539244853404331
57.72468398388664,91.00810198083266,7.846920142515648,1.0041740407459594,5.247472459986027,5.584549925395645,6.540255194672686
57.74135296568967,91.04409681916444,7.848185449850208,0.8345330330373845,6.261761284102843,5.4264073412796865,6.541265416000805
57.7580219474927,91.08009401558621,7.8494510748308155,0.5321382977853399,6.053677529562157,5.756434962899068,6.54227551761498
57.77469092929573,91.11609261103942,7.850717017455161,0.7171263630444704,6.463609494549778,5.264068500366731,6.54328549974144
57.79135991109876,91.15209153986486,7.8519832777214305,0.8258842244335614,6.065790430212383,5.508906493732401,6.544295362606345
57.80802889290179,91.18808962980269,7.8532498556283015,0.7085966245362951,6.085926753354911,4.992702370921625,6.545305106435794
57.82469787470482,91.2240856019925,7.854516751174942,0.7557829929662014,5.872489508799128,5.191690277756085,6.546314731455819
57.84136685650785,91.26007807097324,7.855783964361017,0.7812411600805964,6.276190573153464,4.675493903627764,6.5473242378923855
57.858035838310876,91.2960655446832,7.857051495186679,0.7833527380981101,6.025095555005559,4.727984555551387,6.548333625971398
57.874704820113905,91.33204642446013,7.858319343652578,0.8099874448176518,6.043860171314592,4.761945012831328,6.549342895918692
57.891373801916934,91.36801900504109,7.859587509759854,0.5874219854425656,5.618927709213477,4.76604466905912,6.5503520479600414
57.90804278371996,91.40398150468349,7.86085599351003,0.6561469638554257,5.605795286822077,3.4521451970928068,6.5513610823211526
57.92471176552298,91.4399383211869,7.86212479488076,0.5426404784541727,5.907124180164522,3.9589228264455256,6.552369999227673
57.94138074732601,91.47589426997206,7.863393913845728,0.9951275223972276,6.580151082642468,4.1943219108840974,6.553378798905185
57.95804972912904,91.51185023399522,7.864663350392903,0.378442047909062,6.053804086155801,4.569396969275991,6.5543874815792
57.974718710932066,91.54780701793712,7.865933104510568,1.0302964717076326,5.801438647525662,4.137926954568824,6.555396047475168
57.991387692735096,91.58376534820297,7.867203176187325,1.076855192212591,6.294563618602663,4.576071420626768,6.5564044968184705
58.008056674538125,91.61972587292236,7.8684735654120885,0.7391560480266112,5.813305712772505,5.160132496675083,6.557412829834429
58.024725656341154,91.65568916194943,7.8697442721740885,0.2789715434668225,6.096183242723508,5.3849679340970695,6.558421046748297
58.04139463814418,91.69165570686272,7.871015296462874,0.7273435871927101,6.0483623088906695,5.676062904858184,6.559429147785267
58.05806361994721,91.72762592096522,7.872286638268305,0.7867755488257462,6.417835073702126,5.844052271505774,6.560437133170465
58.07473260175024,91.76360013928445,7.87355829758056,0.597499361537253,5.573212673945204,5.891088182114464,6.561445003128953
58.09140158355327,91.79957861857224,7.874830274390135,0.6965818941418346,5.806226850380123,5.848862725782099,6.56245275788573
58.1080705653563,91.83556153730504,7.876102568687834,1.1056711229962723,5.2649296634811495,5.731317314087706,6.563460397665729
58.12473954715933,91.87154899568364,7.877375180464784,0.9326239689425007,6.045926394519092,5.767884711090449,6.564467922693819
58.14140852896235,91.90754101563336,7.878648109712427,0.6147321098022853,6.620441712937678,4.694859640864122,6.565475333194806
58.158077510765374,91.94353754080387,7.879921356422515,0.48013143789055646,5.895311759878091,5.592256366915145,6.5664826293934295
58.1747464925684,91.97953843656944,7.881194920587121,0.7342540903542034,5.9013121307733885,4.217284964117468,6.567489811514369
58.19141547437143,92.01554349002869,7.882468802198632,0.7569724230061656,6.464075384781116,4.316438148924509,6.568496879782234
58.20808445617446,92.05155241000472,7.8837430012497505,0.8989097842814077,6.056739747651534,4.368946307993521,6.569503834421574
58.22475343797749,92.0875648270451,7.885017517733493,0.6926127151589244,6.004502445248709,4.490674307612933,6.570510675656871
58.24142241978052,92.12358029342185,7.886292351643193,0.9019820265385976,6.252300536365339,3.3118538049550734,6.571517403712546
58.25809140158355,92.15959828313142,7.887567502972501,1.1867189162009444,5.73713291663146,4.200849537216998,6.572524018812953
58.27476038338658,92.19561819189475,7.88884297171538,0.9627942523281865,6.7042884992505485,4.5232801497141,6.573530521182384
58.29142936518961,92.23163933715723,7.89011875786611,0.7900822289502458,6.064143694132937,4.730145350956741,6.574536911045064
58.30809834699264,92.26766095808868,7.891394861419288,0.7630756617083185,6.29094705750697,4.424454984794245,6.575543188625156
58.324767328795666,92.30368221558341,7.892671282369824,0.728376897509982,5.416930472852848,4.781137654157573,6.576549354146758
58.341436310598695,92.33970219226015,7.893948020712946,1.0358454181866665,5.883717881020583,4.936871043577676,6.577555407833903
58.358105292401724,92.37571989246213,7.895225076444195,0.6742602007784738,6.336465423891068,5.24232268578915,6.5785613499105615
58.374774274204746,92.41173424225697,7.89650244955943,0.8087730289623659,6.039510597312101,5.253725450650435,6.579567180600637
58.39144325600777,92.44774408943681,7.897780140054822,0.8099736076522941,6.644297670966096,5.444493781824671,6.58057290012797
58.4081122378108,92.48374821126258,7.899058147926846,0.6993826717464956,6.2191546796636805,5.919935329674878,6.581578508716337
58.42478121961383,92.5197489303176,7.900336473163094,0.52525182668268,5.839100140257357,5.830144661807597,6.582584006589457
58.441450201416856,92.55574925184077,7.901615115745674,0.864345205850672,6.057035071941413,5.861757158351898,6.58358939397098
58.458119183219885,92.59174975244598,7.902894075661315,0.7875548225396172,6.034022653989706,5.632168592231478,6.58459467108449
58.474788165022915,92.62775096001721,7.904173352897009,0.8998089654964695,5.954500071890967,5.577337305057255,6.585599838153507
58.491457146825944,92.66375335370847,7.905452947440001,0.6930460079336889,5.873971199415501,5.3917313736418935,6.586604895401486
58.50812612862897,92.69975736394383,7.9067328592778,1.0439354695094138,6.377894989196362,4.355424493347203,6.587609843051819
58.524795110432,92.7357633724174,7.908013088398175,0.6244215369416539,7.050881029010952,4.383270315767668,6.588614681327835
58.54146409223503,92.77177171209333,7.909293634789154,1.1421893763357884,6.028416373639103,4.367065941295725,6.589619410452798
58.55813307403806,92.80778266720583,7.910574498439021,0.45025898682475557,5.1290102147759,4.281767576389206,6.590624030649911
58.57480205584109,92.84379647325918,7.911855679336324,0.8867452138690491,5.965052519158402,4.009294599901566,6.5916285421423115
58.59147103764412,92.87981331702765,7.91313717746987,0.8948821925383877,5.601050154084547,4.483000317817729,6.592632945153071
58.608140019447134,92.91583333655561,7.914418992828721,0.6406894404274835,6.059883177115441,4.87986059647513,6.593637239905203
58.62480900125016,92.95185662115746,7.9157011254022045,0.8846843824767505,6.042810703483075,4.488130228046164,6.594641426621652
58.64147798305319,92.98788321141768,7.916983575179904,1.055714012650856,6.7441790649807665,4.6595770475972635,6.595645505525302
58.65814696485622,93.02391309919074,7.9182663421516635,0.3564511375267836,6.096964494333523,5.126914312323472,6.596649476838971
58.67481594665925,93.05994622760119,7.919549426307586,0.9003684364981468,5.980567451201263,4.56265360933456,6.597653340785417
58.69148492846228,93.09598249104363,7.920832827638034,0.30116982343910065,5.090972497384258,5.369289109859291,6.5986570975873295
58.70815391026531,93.13202173518272,7.922116546133631,0.6066954822074924,6.035632216345327,5.857479767369513,6.599660747467339
58.72482289206834,93.16806375695315,7.923400581785257,1.1256661142003779,6.068807169682184,5.518642566719116,6.600664290648008
58.74149187387137,93.20410830455964,7.924684934584055,0.6834807757500322,6.225834368951168,5.421765878483703,6.601667727351839
58.7581608556744,93.240155077477,7.925969604521425,0.5650654736542754,5.8297849492336145,5.734811683539652,6.602671057801269
58.77482983747743,93.27620372645008,7.927254591589029,0.7602581477453173,5.826133431107481,5.695760855991798,6.603674282218672
58.791498819280456,93.31225385349374,7.928539895778783,1.2134311310788997,6.024103721056621,5.294876649245129,6.604677400826358
58.808167801083485,93.34830501189298,7.929825517082871,0.4335175268058773,4.947980351243812,5.994263112578274,6.6056804138465735
58.824836782886514,93.38435670620271,7.9311114554937285,0.5895960496162813,5.701373418247099,4.983969015556458,6.606683321501501
58.84150576468953,93.42040839224799,7.9323977110040556,1.0993483671725455,5.578471388969924,4.531151666784575,6.607686124013259
58.85817474649256,93.45645947712393,7.93368428360681,1.1714064407312772,6.192556706181919,4.610853606631633,6.608688821603904
58.87484372829559,93.49250931919566,7.934971173295208,0.7791836115466745,6.0283672593479025,4.708341530673451,6.609691414495428
58.89151271009862,93.52855722809834,7.936258380062728,0.5520631431735536,5.77604357031399,4.293476044419259,6.610693902909759
58.908181691901646,93.5646024647372,7.937545903903106,1.2190461542072861,5.736749159790032,4.3558884494536,6.611696287068759
58.924850673704675,93.60064424128753,7.938833744810338,1.1187696452535696,5.094934959484492,3.948047022591663,6.612698567194233
58.941519655507705,93.63668319613852,7.940121902773695,0.9356742204054487,6.749547213081775,4.732497611995261,6.613700743507922
58.958188637310734,93.67272101010963,7.941410377775849,0.6374079519050904,6.023889715214818,4.6012871074329675,6.614702816231504
58.97485761911376,93.70875829933006,7.942699169801514,0.7900860952541539,5.833504663620091,4.94920634278864,6.61570478558659
58.99152660091679,93.74479563466065,7.943988278835641,0.7678234318309222,5.594732597262979,4.982314918528299,6.616706651794724
59.00819558271982,93.78083354187497,7.945277704863417,0.8660691364694076,6.309627967810793,5.370560707621493,6.617708415077391
59.02486456452285,93.81687250165938,7.946567447870267,1.090102533566587,6.096086837623031,5.099455730903606,6.61871007565601
59.04153354632588,93.85291294961307,7.94785750784185,0.9757889674488102,6.0230870661001505,5.416841069129022,6.61971163375194
59.05820252812891,93.88895527624797,7.9491478847640655,0.5844335999917387,5.840897604046349,6.1158517378034,6.620713089586474
59.074871509931924,93.92499982698885,7.9504385786230465,1.0752113044456897,6.526136527833317,6.257767834443477,6.621714443380841
59.09154049173495,93.96104690217324,7.951729589405168,0.8625415843826268,6.004784996654572,5.446326401189654,6.622715695356212
59.10820947353798,93.99709675705148,7.953020917097033,0.9373314003745161,5.938838811745919,5.788572042321536,6.623716845733692
59.12487845534101,94.03314960178666,7.954312561685492,1.0932294407651264,6.020769953338387,5.437696819897931,6.624717894734322
59.14154743714404,94.06920560145471,7.955604523157622,0.5776081895967278,5.126389600506128,5.155684015647015,6.625718842579082
59.15821641894707,94.10526487604434,7.9568968015007435,0.7927620372309714,5.976609104537803,5.2123404969461475,6.626719689488887
59.1748854007501,94.14132750045701,7.958189396702412,0.6936390990554857,6.118290576095202,5.218848438333698,6.627720435684591
59.19155438255313,94.17739350450704,7.9594823087504185,0.48636092349099713,6.547637529988786,4.773815810838204,6.628721081386983
59.20822336435616,94.21346287292145,7.960775537632793,0.8692775462029936,6.013571680377723,4.339634644848189,6.629721626816792
59.22489234615919,94.24953554534015,7.962069083337801,1.3022495459974552,5.488863940722256,4.4423916015623846,6.630722072194681
59.241561327962216,94.28561141631579,7.9633629458539446,0.43192531465810907,5.849470074484115,4.102106524385892,6.63172241774125
59.258230309765246,94.32169033531378,7.964657125169962,0.7934873121076824,6.020547890040888,4.3332420776484595,6.63272266367704
59.274899291568275,94.35777210671236,7.965951621274832,0.9280545349699862,5.951976459748834,4.705446324044678,6.633722810222523
59.29156827337129,94.39385648980256,7.967246434157765,0.8245640448023824,6.020211567243129,3.8101184910404204,6.6347228575981125
59.30823725517432,94.42994319878822,7.968541563808212,0.7773251933623044,6.213811368104444,4.874692973994526,6.635722806024158
59.32490623697735,94.46603190278593,7.9698370102158576,0.5401098734483287,5.751711784652062,4.411739642228774,6.636722655720945
59.34157521878038,94.50212222582509,7.971132773370626,0.846512779874856,6.291230632587842,5.492283676104483,6.637722406908697
59.35824420058341,94.53821374684787,7.972428853262678,0.6486048639098212,6.2254137249921175,5.170886611647183,6.638722059807573
59.374913182386436,94.57430599970927,7.97372524988241,0.3619754892199082,6.0173451357028656,5.199457525429331,6.639721614637672
59.391582164189465,94.61039847317703,7.9750219632204535,1.0388803880969932,6.777618347734243,5.920806578221236,6.6407210716190255
59.408251145992494,94.64649061093174,7.976318993267682,0.9916411646168971,6.478783747077084,5.899206865336399,6.641720430971606
59.424920127795524,94.68258181156672,7.9776163400152,0.8102981955481676,6.288903035328868,5.490582122626294,6.642719692915323
59.44158910959855,94.71867142858815,7.978914003454353,0.845782880223396,4.578433565087439,5.337435487194444,6.643718857670019
59.45825809140158,94.75475877041491,7.980211983576721,1.0148334304041424,6.020558285503401,5.510242708119722,6.644717925455478
59.47492707320461,94.79084310037875,7.981510280374121,0.8448395873695332,6.3928612765191515,5.002945820215328,6.645716896491416
59.49159605500764,94.82692363672419,7.982808893838609,0.9807769379928298,6.609124210902952,4.807757258284706,6.646715770997494
59.50826503681067,94.86299961193835,7.984107823961479,0.7404787007658735,6.375771300537003,4.91055597619342,6.647714549193301
59.524934018613685,94.89907158557168,7.985407070718429,1.0623735454286096,6.765949927008285,4.347932920590358,6.6487132312983785
59.541603000416714,94.93514075855718,7.9867066340893516,0.8641355425463183,6.015834117671517,4.562955637313386,6.649711817532197
59.55827198221974,94.97120814027521,7.988006514058262,0.8387903285993974,6.65362018928074,4.734658346629479,6.650710308114159
59.57494096402277,95.00727466958641,7.989306710609312,0.5459692075264433,6.602414563725906,4.165422456720538,6.651708703263607
59.5916099458258,95.04334121483177,7.990607223726795,0.857374024391722,6.075560855390491,4.248761294647883,6.652707003199819
59.60827892762883,95.07940857383265,7.991908053395139,0.6335932411666517,5.263180880665623,4.89225171309957,6.653705208142011
59.62494790943186,95.11547747389073,7.993209199598915,0.672328993365375,6.010724540498558,4.077479075102909,6.6547033183093385
59.64161689123489,95.15154857178807,7.99451066232283,0.6369116698845013,6.196046513057011,4.993509532940785,6.655701333920892
59.65828587303792,95.18762245378697,7.995812441551729,0.5867410089154128,6.032474682887349,5.195402884383272,6.656699255195703
59.67495485484095,95.22369963563017,7.997114537270596,1.2249434185168346,5.645232642394311,5.380770337037796,6.657697082352739
59.69162383664398,95.2597805625407,7.998416949464556,1.0662580357997418,5.232951237044829,5.750141169880103,6.658694815610902
59.708292818447006,95.29586560922193,7.999719678118868,1.1840647521897598,6.007756248299818,5.649425742866382,6.659692455189036
59.724961800250036,95.33195507985762,8.001022723218936,0.5554132190786732,6.392136978287095,5.537664669831138,6.660690001305923
59.741630782053065,95.36804920811178,8.002326084750296,0.8142438870706898,6.474078161754841,6.118437828142351,6.66168745418028
59.75829976385608,95.40414815712883,8.003629762698624,0.5412924690160905,6.2758364810825045,6.130082367393964,6.66268481403076
59.77496874565911,95.44025201953353,8.00493375704974,0.6608558184554048,6.510124959563949,6.044613233788557,6.663682081075958
59.79163772746214,95.47636081743094,8.006238067789596,0.6163701399187679,6.006316338976208,5.579344541862143,6.664679255534406
59.80830670926517,95.51247450240648,8.007542694904286,1.0479130234668765,5.178035013196282,5.148691722583102,6.6656763376245705
59.8249756910682,95.54859295552589,8.008847638380042,0.7207509150037786,5.871275375048275,5.182918292085076,6.666673327564858
59.841644672871226,95.5847159873353,8.01015289820323,1.013673288677466,5.929017742436976,5.157849019337111,6.667670225573613
59.858313654674255,95.62084333786112,8.011458474360367,0.9208221140397554,5.767909423552031,4.944377565826942,6.668667031869117
59.874982636477284,95.65697467661013,8.012764366838095,1.2607261435951576,6.003912230868668,4.305596913060875,6.669663746669589
59.891651618280314,95.69310960256946,8.0140705756232,0.5041099484670748,6.213195495413551,4.381909699647946,6.670660370193184
59.90832060008334,95.72924764420655,8.015377100702606,1.0518457838417952,6.253878694064368,3.8172458963703417,6.6716569026579995
59.92498958188637,95.7653882594692,8.016683942063379,1.029287595622527,5.920689096920236,4.505309797579765,6.6726533442820655
59.9416585636894,95.80153083578554,8.01799109969272,0.6053238824633966,5.096350749647401,4.052146688838894,6.673649695283351
59.95832754549243,95.83767469006405,8.019298573577968,1.0014264887582902,6.001198114849216,4.669829471009799,6.674645955879765
59.97499652729545,95.87381906869349,8.020606363706603,0.8672289283321587,6.021567212884791,4.291969568296384,6.675642126289151
59.991665509098475,95.9099631475431,8.021914470066243,0.754504740867864,6.359679008605567,5.184259959119567,6.676638206729293
60.008334490901504,95.94610603196232,8.023222892644641,0.6352128954641457,5.832843351962551,5.221715369817083,6.677634197417911
60.02500347270453,95.98224675678098,8.024531631429694,0.6561780454370758,6.24292066862955,5.128831749801299,6.678630098572662
60.04167245450756,96.01838428630927,8.025840686409436,1.2099622406208437,5.9987483928138134,5.773154051185676,6.679625910411143
60.05834143631059,96.05451751433769,8.027150057572037,0.8001362138603001,6.0190360048829685,5.535752176601976,6.680621633150886
60.07501041811362,96.09064526413708,8.028459744905808,0.9564254218486733,6.2708060260379215,6.015041744555496,6.681617267009362
60.09167939991665,96.12676628845863,8.029769748399199,0.6418192595509248,5.802619128151557,5.707887169669659,6.68261281220398
60.10834838171968,96.16287926953389,8.031080068040794,0.6440282038506919,5.7231409151133334,5.196388031501466,6.683608268952087
60.12501736352271,96.1989840921378,8.032390703814986,1.0163953550241884,5.9960129483781115,5.270775376672483,6.684603637470967
60.14168634532574,96.2350863147415,8.033701655688468,0.5300826938117453,5.690928131054391,5.233803558525046,6.685598917977848
60.15835532712877,96.27118762920168,8.0350129236433,0.7169546683576085,6.143902090089976,5.535276693058017,6.686594110689892
60.175024308931796,96.30728896147309,8.036324507663977,0.806802332838577,5.784269459228293,5.144833473307558,6.687589215824196
60.191693290734825,96.3433911540718,8.037636407734967,0.8222707425465746,6.101399423120385,5.123608347029726,6.688584233597793
60.20836227253785,96.37949496607519,8.038948623840708,0.7641768795988516,5.993200576259016,4.930096647642861,6.689579164227661
60.22503125434087,96.4156010731221,8.040261155965617,0.8791587501140021,6.095043399703773,4.1265556952822475,6.690574007930712
60.2417002361439,96.45171006741265,8.041574004094082,0.938565145220472,5.85756889783333,4.153224238192316,6.691568764923794
60.25836921794693,96.48782245770833,8.042887168210463,0.9469206461803774,5.891634487560658,4.086550181924654,6.692563435423697
60.27503819974996,96.52393866933197,8.044200648299094,0.6028314612562207,6.036719517834719,4.086003299898665,6.693558019647149
60.29170718155299,96.56005904416777,8.045514444344285,0.7431602321751481,5.990860581889493,3.8822983341202484,6.694552517810814
60.308376163356016,96.59618384066133,8.046828556330313,1.0389427957774486,5.9879944463758425,4.632958869934449,6.695546930131294
60.325045145159045,96.6323132338195,8.048142984241435,0.9789185754282166,6.488277900645983,4.48985518660098,6.6965412568251335
60.341714126962074,96.66844731521059,8.049457728061876,0.5254161049990449,5.696271882114955,5.11560283052997,6.697535498108811
60.3583831087651,96.70458609296418,8.050772787775838,0.8702827756181659,5.957818099216728,5.998592268482149,6.698529654198745
60.37505209056813,96.74072949177128,8.052088163367495,0.40434048879611173,5.984656209427384,5.413437060784399,6.699523725311291
60.39172107237116,96.77687735288418,8.053403854820994,0.809371205077616,6.16434918774811,5.771609508439402,6.700517711662743
60.40839005417419,96.81302943411663,8.054719862120452,1.1795362568805756,5.66078038049005,6.062278539690545,6.701511613469335
60.42505903597721,96.84918540984359,8.056036185249967,0.6104028818150524,5.90374646747526,5.874098306399091,6.7025054309472365
60.44172801778024,96.88534487100151,8.057352824193606,0.6331153307799061,5.808808165445898,5.800129988518346,6.703499164312558
60.458396999583265,96.92150732508813,8.058669778935405,0.9527843536743534,5.985567046807666,5.4562854195882995,6.704492813781346
60.475065981386294,96.95767219616253,8.05998704945938,0.49141649467189114,5.721026978756963,5.292742196614928,6.705486379569587
60.49173496318932,96.99383882484523,8.061304635749519,0.6734241349636357,5.810024232851413,4.836127104276867,6.706479861893203
60.50840394499235,97.03000646831795,8.062622537789778,0.9192616545569174,6.4082313211292545,5.127614352505051,6.707473260968056
60.52507292679538,97.06617430032394,8.063940755564094,0.6731144864760361,6.117650788580178,4.113380597749269,6.708466577009949
60.54174190859841,97.10234141116767,8.065259289056371,0.7527758304188358,5.9803992561854145,4.724839347147701,6.709459810234617
60.55841089040144,97.13850680771505,8.06657813825049,0.9488050846452624,5.86190130090518,3.8655550702316406,6.710452960857738
60.57507987220447,97.1746694133933,8.067897303130302,0.8842752168852639,6.460356908873721,4.498443988708237,6.711446029094928
60.5917488540075,97.21082806819102,8.069216783679636,0.853327679907569,5.910524500948198,4.1038988957426366,6.712439015161738
60.60841783581053,97.24698152865814,8.070536579882289,0.7321374881402394,5.652548326378217,3.9182135834654526,6.713431919273661
60.62508681761356,97.28312846790595,8.071856691722035,0.87397205326941,5.976797508412344,4.609030654812468,6.714424741646124
60.641755799416586,97.31927090161976,8.073177119179592,0.7752111232930551,5.716753812775715,4.9166359659136685,6.715417482494501
60.65842478121961,97.35541272812357,8.07449786223525,0.8915165532719802,5.804788846156098,4.74479104262741,6.716410142034098
60.67509376302264,97.39155457054531,8.075818920872788,0.7005667411138979,5.597515889284817,5.34272704590356,6.7174027204801625
60.69176274482566,97.42769699385691,8.077140295075887,0.7634370089895443,5.44332617595338,4.678957367166332,6.718395218047875
60.70843172662869,97.46384051020732,8.078461984828111,0.6019568459607434,5.972962425543613,5.170554724245204,6.7193876349523585
60.72510070843172,97.49998557892253,8.079783990112919,0.7929444259537846,6.257427136234101,6.101216065232566,6.720379971408672
60.74176969023475,97.53613260650556,8.081106310913656,0.6377432615918075,5.863982754780942,5.723291430311314,6.721372227631815
60.75843867203778,97.57228194663644,8.082428947213561,0.577131573526861,5.9126672200656545,5.231236625605246,6.722364403836725
60.775107653840806,97.60843390017222,8.083751898995756,0.8516704652516481,6.575951972194174,5.50240689828566,6.723356500238278
60.791776635643835,97.644588715147,8.085075166243259,0.8424835058535417,5.9783564535286,5.287491478418723,6.724348517051288
60.808445617446864,97.68074658677187,8.086398748938974,0.9565075555538028,5.837848930613055,5.311894411705362,6.725340454490511
60.82511459924989,97.71690765743502,8.087722647065696,0.7137048954123089,5.788559042733499,5.012215146233835,6.726332312770636
60.84178358105292,97.75307201670154,8.08904686060611,0.8815377223396151,5.714010855421957,4.92679093034214,6.727324092106298
60.85845256285595,97.78923970131368,8.090371389542792,0.9100837539541706,6.298969621213629,4.614366728059938,6.728315792712063
60.87512154465898,97.8254106951906,8.091696233858201,0.8888760304757247,5.968948398314343,4.840941816467753,6.729307414802442
60.891790526462,97.86158492942853,8.093021393534695,0.6347875046423044,5.784921097969068,4.413713357953602,6.73029895859188
60.90845950826503,97.89776228230079,8.094346868554515,0.8297878528342335,5.7326435087127265,4.346855402252759,6.731290424294764
60.925128490068055,97.93394257925762,8.095672658899794,0.8727400736527144,5.738796286712039,4.559701886910007,6.732281812125419
60.941797471871084,97.97012559292634,8.096998764552556,0.8013445087702789,6.119070198126735,4.171461815734356,6.733273122298106
60.95846645367411,98.0063110431113,8.09832518549471,0.3826100275471126,5.960132582926063,4.057172572856417,6.73426435502703
60.97513543547714,98.04249859679382,8.09965192170806,0.8320001707350158,6.4407305617015895,5.000719598582716,6.735255510526329
60.99180441728017,98.07868786813232,8.100978973174298,1.2424050834257405,5.81081695917992,4.917657028129551,6.736246589010083
61.0084733990832,98.11487841846221,8.102306339875003,0.7278875942884918,5.920204289310732,5.1690386335837255,6.73723759069231
61.02514238088623,98.1510697562959,8.103634021791649,0.6542765438506969,5.330658559144405,5.17510515141555,6.738228515786966
61.04181136268926,98.18726133732285,8.104962018905592,0.874558133634854,5.963462790156796,5.382169601011347,6.739219364507948
61.05848034449229,98.22345256440957,8.106290331198085,0.8623604649463165,5.806204702147078,5.967825623557034,6.740210137069088
61.07514932629532,98.25964278759953,8.107618958650269,1.038428199987013,5.947744927684574,6.085896538549642,6.741200833684159
61.09181830809835,98.2958313041133,8.10894790124317,0.5483038226636768,6.4008856572022115,6.024936748283632,6.742191454566874
61.10848728990137,98.33201735834842,8.11027715895771,0.9461497341938806,6.045105946234718,5.949636711914031,6.74318199993088
61.1251562717044,98.36820014187947,8.111606731774694,0.9179542686550239,5.95559312935992,5.734725521816101,6.74417246998977
61.14182525350743,98.40437898868501,8.112936619674255,0.7714366646356214,5.620074551334593,5.400516816670978,6.745162864957068
61.15849423531045,98.44055571441613,8.114266822631546,0.8675994941209582,6.130929053784965,5.070136622491365,6.74615318504625
61.17516321711348,98.47673148179638,8.115597340628478,1.0057495282638218,6.346408345854075,5.235519225123828,6.747143430470718
61.19183219891651,98.51290688363429,8.116928173648835,0.9743170522527727,6.0911383619001995,4.522469009090065,6.748133601443818
61.20850118071954,98.54908246750509,8.118259321676167,0.5712460010314435,5.9613245107971915,4.543521430344604,6.749123698178831
61.225170162522566,98.5852587357508,8.119590784693791,0.9638773308933506,6.247431087066731,4.044829614661445,6.75011372088898
61.241839144325596,98.62143614548012,8.120922562684791,0.7869037455295663,6.365181365549396,4.011656922375312,6.751103669787425
61.258508126128625,98.6576151085685,8.122254655632023,0.8144120020315461,5.371643152092182,4.139419577188506,6.752093545087266
61.275177107931654,98.69379599165816,8.123587063518103,0.8144722394205276,6.2701589480683815,4.047229721102307,6.753083347001544
61.29184608973468,98.72997911615805,8.124919786325421,0.769779845152482,5.960259881725904,4.675586527913956,6.754073075743234
61.30851507153771,98.7661647582438,8.126252824036126,1.038165486926529,5.313552081188968,4.234841296808376,6.755062731525256
61.32518405334074,98.80235314885783,8.127586176632143,0.7830758830301414,5.696952128163551,4.907363351118527,6.756052314560466
61.341853035143764,98.83854447370928,8.128919844095158,0.5759056797209627,5.696714274770627,5.1676749932602775,6.757041825061659
61.35852201694679,98.87473887327401,8.130253826406628,0.7211043075048784,5.605955884166658,4.82248538856595,6.758031263241571
61.37519099874982,98.91093644279468,8.131588123547775,0.8355445382666431,5.946723743950756,5.435411212471128,6.759020629312875
61.391859980552844,98.9471372322806,8.132922735499593,1.04564381087507,6.0654016227069905,5.790833775426318,6.760009923488186
61.408528962355874,98.98334124650786,8.134257662242831,0.9204149930228298,6.198034570549434,5.919225181466978,6.760999145980055
61.4251979441589,99.01954844501928,8.135592903758022,0.6296841452082621,6.2724017884775165,5.728386065373008,6.761988297000974
61.44186692596193,99.05575874212442,8.136928460025452,1.2968242721261862,5.5510140688915985,5.914495627308818,6.762977376763373
61.45853590776496,99.09197200689957,8.138264331025184,0.8527363817278057,5.940274259906767,5.5307263942865985,6.763966385479623
61.47520488956799,99.12818806318775,8.139600516737039,1.0548544407838258,6.574801388753148,5.364532662730725,6.764955323362034
61.49187387137102,99.16440668959874,8.140937017140617,0.7694283230313586,6.131285989146429,5.197556681389316,6.765944190622852
61.50854285317405,99.20062761950902,8.142273832215272,0.9064379181626121,5.9694984779246685,5.1498327144250595,6.766932987474265
61.52521183497708,99.23685054106184,8.143610961940137,0.9676545725128365,6.167800439811907,4.431248874562549,6.7679217141284
61.54188081678011,99.27307509716715,8.144948406294105,1.043394559261545,5.942963053082861,4.285989162923301,6.768910370797323
61.55854979858314,99.30930088550168,8.146286165255837,1.0112239662027833,6.193237330751692,4.085049846406573,6.769898957693037
61.57521878038616,99.34552745850885,8.147624238803765,0.9741843362740957,5.845268233835042,4.109680635331676,6.770887475027488
61.59188776218919,99.38175432339887,8.148962626916086,0.7367221640699803,6.021866208991308,4.6382480243575,6.7718759230125585
61.60855674399222,99.41798094214863,8.150301329570762,0.6853848188848647,5.22607340046612,4.460548165232905,6.772864301860071
61.62522572579524,99.4542067315018,8.151640346745525,0.8662499892272091,5.933775571945332,4.097399660580234,6.773852611781787
61.64189470759827,99.49043106296874,8.152979678417875,0.9863485044369483,5.615217620387627,4.459740828476239,6.774840852989406
61.6585636894013,99.5266532628266,8.154319324565074,0.7551730955409163,5.830798926143716,4.990114685037252,6.775829025694571
61.67523267120433,99.56287261211921,8.15565928516416,1.0127459174888336,5.658628558197035,4.856659425475703,6.7768171301088564
61.691901653007356,99.59908834665718,8.15699956019193,1.0902291050162134,5.684513557133043,5.148744105411745,6.777805166443784
61.708570634810386,99.63529966100722,8.158340149624905,0.6164357466017163,5.9224505520801864,5.9716979837039,6.77879313491081
61.725239616613415,99.67150666024068,8.159681053434594,0.632309907080078,6.197676806316432,5.5304256735686526,6.779781035721335
61.741908598416444,99.70771054675032,8.161022271600222,0.7716130964078312,5.910893101196172,6.0771132104092365,6.7807688690867
61.75857758021947,99.74391232621574,8.162363804106601,0.8612046451040647,5.4200283971305225,6.166163084664327,6.781756635218178
61.7752465620225,99.7801129355534,8.163705650938132,0.694762654919046,5.5385352311936975,5.491070932363425,6.782744334326986
61.791915543825525,99.81631324291673,8.165047812078809,1.0701104825821732,5.9354705293704635,5.296036686044441,6.7837319666242735
61.808584525628554,99.85251404769613,8.16639028751222,0.8844771511799435,5.671803950829599,5.276973680060142,6.784719532321138
61.82525350743158,99.88871608051886,8.167733077221538,0.8075469635243055,5.731422687244893,4.7947821044165515,6.785707031628609
61.84192248923461,99.92492000324916,8.16907618118953,0.5124693670359374,5.907574697145765,4.9073538427274315,6.786694464757663
61.858591471037634,99.96112640898816,8.170419599398556,0.536481769392404,6.091650644260794,4.571647985610778,6.78768183191921
61.875260452840664,99.99733582207395,8.171763331830565,0.8558403865385137,5.914469462186872,4.5397182205930235,6.788669133324102
61.89192943464369,100.03354869808155,8.173107378467101,0.3731129579926349,6.191051271158281,4.704487654780143,6.78965636918313
61.90859841644672,100.06976542382289,8.174451739289292,1.0021530548322974,5.698376486707716,4.454479363438477,6.790643539707027
61.92526739824975,100.10598631734686,8.175796414277864,0.7679882366485716,5.92088668644154,4.357262080443998,6.791630645106461
61.94193638005278,100.14221162793928,8.177141403413131,1.4482309750024567,5.908810678028141,3.6992359226701907,6.792617685592045
61.95860536185581,100.17844153612288,8.178486706675,1.2611889497093904,5.919370614522002,4.570235411698539,6.793604661374328
61.97527434365884,100.21467615365732,8.179832324042968,0.7633091471827789,5.434063015512203,5.157286836572111,6.7945915726637995
61.99194332546187,100.2509155235392,8.181178255496123,0.7783247649168725,5.841708664934476,3.9758179092279704,6.795578419670888
62.0086123072649,100.2871596200021,8.182524501013145,0.9987016155604282,6.413865660958828,5.336115620225651,6.796565202605964
62.02528128906792,100.32340834851641,8.183871060572304,1.140212925027855,5.278790332302298,5.319159121757694,6.797551921679334
62.04195027087095,100.35966154578958,8.185217934151465,0.47196562478992354,5.939015082765466,5.313762875331297,6.798538577101247
62.05861925267398,100.39591897976592,8.18656512172808,0.4422893193890501,5.7958045276580465,5.955090841155711,6.7995251690818925
62.07528823447701,100.4321803496267,8.18791262327919,0.6751503704832904,5.929448109359884,6.303730715574507,6.800511697831395
62.09195721628003,100.4684452857901,8.189260438781439,0.9160977103157859,5.589655481190955,6.022022644852406,6.801498163559824
62.10862619808306,100.50471334991123,8.190608568211045,0.8989177168234053,5.553760441110005,5.599431826393846,6.802484566477183
62.12529517988609,100.54098403488216,8.191957011543835,1.0134900377149252,5.911418001132319,5.279488258355808,6.803470906793421
62.14196416168912,100.57725676483186,8.193305768755213,0.5595889319981407,5.415469138493463,5.40257783894786,6.804457184718423
62.158633143492146,100.61353089512625,8.194654839820183,0.3362922989886439,5.855960895350117,5.38263101580405,6.805443400462012
62.175302125295175,100.64980571236816,8.196004224713333,0.9711164875136377,5.791303248937219,4.754238722911243,6.806429554233957
62.191971107098205,100.6860804343974,8.197353923408851,0.633866913691937,6.787149353611618,4.545608224853391,6.807415646243961
62.208640088901234,100.72235421029065,8.19870393588051,0.39580105820144235,5.899565634741962,5.277653214950822,6.808401676701667
62.22530907070426,100.75862612036155,8.200054262101673,0.8285037860290783,5.961436961060102,4.608686570029841,6.809387645816662
62.24197805250729,100.79489517616071,8.201404902045303,0.9581185232042616,5.981912542978401,4.554166994128688,6.810373553798465
62.258647034310314,100.83116032047555,8.202755855683941,0.7750642508263443,5.58593065068797,3.772517378302454,6.811359400856543
62.275316016113344,100.86742042733057,8.204107122989733,0.7078982346723925,6.233819504221768,4.077214261468573,6.812345187200297
62.29198499791637,100.90367430198714,8.205458703934408,0.7675876431076961,5.9042457233019,4.460123570539313,6.813330913039071
62.3086539797194,100.93992068094352,8.206810598489286,0.7253356576558936,4.714049509422681,4.340781165055173,6.814316578582144
62.325322961522424,100.97615832282597,8.208162806625644,0.5298348513198757,6.0947688963664035,5.359784092347812,6.81530218403874
62.34199194332545,101.01239103600227,8.209515328335131,0.6565001448558795,5.567342687426381,5.553083548391822,6.816287729618024
62.35866092512848,101.0486221925083,8.2108681636086,0.9036842107785056,5.4116696918619205,5.207523389958971,6.8172732155291
62.37532990693151,101.08485277754211,8.212221312427504,0.8637558305500725,5.913500132766567,6.104367817395913,6.818258641981006
62.39199888873454,101.12108369163263,8.213574774772908,0.8330239189459636,5.7377457436158705,5.713789996371647,6.819244009182728
62.40866787053757,101.15731575063982,8.214928550625485,0.6003740398401027,6.163574810950394,6.567741037990558,6.820229317343183
62.4253368523406,101.19354968575456,8.216282639965511,0.7630948252237417,6.270445531214628,5.832745962384433,6.821214566671234
62.44200583414363,101.22978614349867,8.217637042772873,0.363974112785895,5.597606428487984,5.8833265474815715,6.822199757375682
62.45867481594666,101.26602568572494,8.218991759027062,0.8350740622602164,5.911018752666485,5.98200356218631,6.823184889665267
62.47534379774968,101.30226878961712,8.220346788707175,1.0851418214412043,5.53782561383138,5.741855522945705,6.824169963748671
62.49201277955271,101.33851584768988,8.221702131791924,0.5045353468537109,6.531638822153232,5.273209563472498,6.825154979834514
62.50868176135574,101.37476716778889,8.223057788259618,0.6821676749721315,5.687349610195441,4.827323585311341,6.8261399381313606
62.52535074315877,101.41102297309071,8.224413758088179,0.8651659447427988,6.381026723499936,4.78634277530359,6.827124838847708
62.5420197249618,101.44728340210293,8.225770041255135,1.0499044382445413,5.90784164636716,4.18570724600693,6.828109682191998
62.55868870676482,101.48354850866401,8.227126637737621,0.7096822534521207,6.04732922680432,4.330418014818278,6.829094468372615
62.57535768856785,101.51981826194341,8.22848354751238,0.6608683192085749,5.705235815264865,3.8762312547149156,6.830079197597876
62.59202667037088,101.55609254644156,8.229840770555759,0.40552490792631285,5.847926540417727,3.676452261722938,6.831063870076044
62.60869565217391,101.59237116198979,8.231198306843718,0.819988256618783,4.878592824156456,4.304819854519846,6.832048486015321
62.625364633976936,101.6286538237504,8.232556156351816,1.2077068761350958,5.89544293628965,4.8168993358603664,6.833033045623846
62.642033615779965,101.66494016221668,8.233914319055227,0.8547543408517271,6.059183301936775,4.91948799233632,6.834017549109702
62.658702597582995,101.7012297232128,8.235272794928727,0.7948177759794716,5.928356480080263,4.855781544188573,6.8350019966809095
62.675371579386024,101.73752196789397,8.2366315839467,0.8636809003337399,4.9825965051196635,5.654775665928506,6.83598638854543
62.69204056118905,101.77381627274629,8.23799068608314,0.7970368467631961,5.2928185829023295,5.197488590898671,6.836970724911164
62.708709542992075,101.8101119295868,8.239350101311647,0.63664312548366,5.877437569612798,4.994332862464412,6.837955005985952
62.725378524795104,101.84640814556357,8.240709829605425,0.9638926784659533,6.027098205804821,5.060748051827888,6.8389392319775775
62.742047506598134,101.88270404315556,8.242069870937286,0.844379638361218,5.967944059690827,5.43667141548619,6.83992340309376
62.75871648840116,101.91899866017265,8.243430225279655,0.8027405655495651,5.833435078861739,6.034213641947552,6.840907519542162
62.77538547020419,101.95529094975578,8.244790892604554,0.6041352341484553,6.183651535752493,5.519706686750407,6.8418915815303825
62.792054452007214,101.99157978037674,8.24615187288362,1.0599004934514382,5.868674584561966,5.699823018418684,6.842875589265965
62.80872343381024,102.02786393583833,8.247513166088098,0.9321298666124149,6.175625323064064,5.8518262291316505,6.843859542956389
62.82539241561327,102.06414211527428,8.248874772188834,0.6885955035763901,6.015691484018045,4.789270478997594,6.844843442809077
62.8420613974163,102.10041325430969,8.250236691156557,0.999534938314884,5.996480559820277,5.012526750329041,6.84582728903139
62.85873037921933,102.13668151694594,8.251598922968853,0.6996460394565374,5.794451430376659,4.793172010306833,6.846811081830633
62.87539936102236,102.17294913610783,8.252961467607426,0.6427496912147487,5.906804130454708,4.17185089237021,6.8477948214140465
62.89206834282539,102.20921675730635,8.25432432505299,0.6471998918344406,6.115080815050092,4.690728634473843,6.848778507988815
62.90873732462842,102.24548496986289,8.255687495285775,0.4449168733584669,5.6049316214803415,4.1226071241835465,6.849762141762057
62.92540630643145,102.28175430690922,8.257050978285548,0.8934290717392498,5.9525765918398825,4.095705064340582,6.850745722940837
62.94207528823447,102.31802524538753,8.258414774031586,0.43288157470330063,6.229734803123663,4.923497291905756,6.851729251732157
62.9587442700375,102.3542982060504,8.259778882502701,0.5534116818709319,5.865646962221465,4.595543309266417,6.85271272834296
62.97541325184053,102.39057355346075,8.261143303677224,0.38397268710116683,6.396823029893138,4.919958205101285,6.8536961529801275
62.99208223364356,102.42685159599193,8.262508037533012,0.7818661341930941,5.980324746049412,5.2875135337276875,6.854679525850484
63.00875121544659,102.46313258582771,8.263873084047445,0.7690057075748533,5.154089023887842,4.936225357154116,6.8556628471607945
63.02542019724961,102.49941671896214,8.265238443197427,0.7337202269154222,6.012086815929546,5.743773073763319,6.856646117117761
63.04208917905264,102.5357041351998,8.266604114959387,0.5905335435895263,5.863741823809947,5.419604418136261,6.857629335928029
63.05875816085567,102.57199491815554,8.267970099309279,0.5645918878567175,6.127262538215676,5.552303693044071,6.858612503798183
63.0754271426587,102.6082890952547,8.269336396222581,0.8919021103252107,6.133427316781422,5.709532678293421,6.859595620934748
63.092096124461726,102.64458663773293,8.27070300567429,0.6889071933994949,5.9273329331367295,5.6024922630303005,6.860578687544189
63.108765106264755,102.68088746063631,8.272069927638936,0.8622786292291748,6.649606678956976,5.956472650036803,6.861561703832912
63.125434088067784,102.71719142282133,8.273437162090568,0.621946555935333,5.862676194830036,5.6412010906784635,6.862544670007264
63.142103069870814,102.75349832695481,8.274804709002757,0.8351981130121363,6.164805082408116,5.209949313060716,6.863527586273529
63.158772051673836,102.78980791951399,8.276172568348603,1.0596303862804286,6.089408908052086,5.320960610979537,6.8645104528379335
63.175441033476865,102.82611989078653,8.277540740100727,0.9161970963186764,5.832904092763585,4.785733349027717,6.865493269906648
63.192110015279894,102.86243387487043,8.278909224231278,0.7164702730854,6.227971566770252,4.532442381324967,6.866476037685776
63.20877899708292,102.89874944967414,8.280278020711922,0.8503818743562064,5.850943142355062,4.4441876798703115,6.867458756381367
63.22544797888595,102.93506613691643,8.281647129513857,0.750798032005138,5.656958210185868,4.423191466403692,6.868441426199408
63.24211696068898,102.97138340212652,8.283016550607801,0.800496033548218,5.491561866172057,4.325769864655482,6.869424047345828
63.258785942492004,103.00770065464397,8.284386283963997,0.7337866589517039,5.932341896813206,4.101971009959564,6.870406620026495
63.27545492429503,103.04401724761877,8.28575632955221,0.766030644052618,6.010007067844325,4.54446873055041,6.8713891444472175
63.29212390609806,103.08033247801126,8.287126687341734,0.8413051147711125,5.876528282680463,4.37249278669305,6.872371620813746
63.30879288790109,103.11664558659223,8.288497357301384,0.6002034062468984,6.235470240505126,4.446500406376994,6.873354049331768
63.32546186970412,103.15295575794279,8.289868339399499,0.5956880258548859,5.774659262350166,4.44132967162025,6.874336430206915
63.34213085150715,103.18926212045452,8.291239633603942,0.5211438686609764,5.490616562063294,5.4270098017377055,6.875318763644756
63.35879983331018,103.22556408017267,8.292611239881229,0.478786689787731,6.055732684311277,5.373163223044503,6.876301049850802
63.37546881511321,103.26186375344317,8.293983158197669,0.555372846594733,5.871044141248415,5.633923917488414,6.877283289030508
63.39213779691623,103.298162255682,8.295355388534352,0.830710303841307,6.213481283779006,6.029743309131761,6.878265481389266
63.40880677871926,103.33446022995481,8.296727930873875,0.6202486599172585,6.152345524707341,5.648014170178085,6.879247627132406
63.42547576052229,103.37075826995701,8.298100785198146,0.9015173594927278,5.783208570959897,5.376676832406593,6.880229726465202
63.44214474232532,103.40705692001383,8.299473951488377,0.8057254631258401,5.628395020428517,5.7304376186400665,6.881211779592865
63.45881372412835,103.44335667508037,8.300847429725087,0.405070060516721,5.8332260882525855,5.652928400659151,6.88219378672055
63.47548270593138,103.47965798074151,8.3022212198881,0.9297541529801071,5.818714782704286,5.277837068799529,6.88317574805335
63.4921516877344,103.51596123321201,8.30359532195655,0.9609068412902421,5.8226929758472865,5.56003981736683,6.884157663796301
63.50882066953743,103.55226677933643,8.304969735908873,0.5999625963480246,5.90740200304692,4.121749459712607,6.885139534154375
63.52548965134046,103.58857491658918,8.306344461722816,0.8827614021463349,5.7819412593170005,4.966261168919847,6.886121359332491
63.54215863314349,103.6248858930745,8.307719499375427,0.6274113514493764,5.839182206572052,4.6664392695152435,6.887103139535503
63.558827614946516,103.66119990752648,8.309094848843067,0.8182329227586047,5.467116132798617,4.420873141117129,6.88808487496821
63.575496596749545,103.69751710930896,8.3104705101014,0.5457869576118215,6.1019622130274795,3.2079420366841562,6.889066565835349
63.592165578552574,103.73383759841572,8.311846483125393,0.4400530832082573,5.8623219199833425,4.596227806703556,6.890048212341597
63.608834560355604,103.7701614254703,8.313222767889327,0.7220986136257534,5.755813950578745,3.9827277176566906,6.891029814691574
63.625503542158626,103.8064885917261,8.314599364366781,0.7739038832497176,5.822505547308389,4.287401611146323,6.892011373089839
63.642172523961655,103.84281904906634,8.31597627253065,0.7191012978636222,5.194940651644993,4.592442938236038,6.892992887740894
63.658841505764684,103.87915270000408,8.317353492353126,0.5618186321517782,6.1985378147749115,5.004652178713263,6.893974358849176
63.67551048756771,103.91548939768222,8.318731023805713,0.7186323817100779,6.005196686077668,5.324573269947357,6.89495578661907
63.69217946937074,103.95182894587346,8.320108866859222,0.8524585381251253,5.070728578890532,5.637917540593815,6.895937171254894
63.70884845117377,103.98817109898037,8.321487021483765,0.789608318192203,5.846476638968372,5.815907385553673,6.896918512960913
63.725517432976794,104.02451556203532,8.322865487648768,0.8350744100817553,6.274538505919633,5.792191774843695,6.897899811941331
63.74218641477982,104.06086199070052,8.324244265322958,0.664538386756161,5.864185500068126,5.916115604318225,6.89888106840029
63.75885539658285,104.09720999126802,8.325623354474368,1.0328921758176604,6.323361807753639,5.461654784615025,6.899862282541874
63.77552437838588,104.1335591206597,8.327002755070342,0.5633010347356634,5.9292447944360465,5.483872513197729,6.900843454570108
63.79219336018891,104.16990888642727,8.328382467077526,0.8960348137833793,5.798444607176348,5.828679616043482,6.90182458468896
63.80886234199194,104.20625874675225,8.329762490461874,1.0348879684271348,6.001303882696495,5.607229514156251,6.902805673102332
63.82553132379497,104.24260811044604,8.33114282518865,0.8946783070061957,5.892464258896628,5.334367721963323,6.903786720014074
63.84220030559799,104.27895633694982,8.332523471222418,0.7579787248193794,5.636508218347564,4.712585852174434,6.904767725627972
63.85886928740102,104.31530273633464,8.333904428527052,0.6928109858328314,6.091393332983216,4.902772783912105,6.905748690147753
63.87553826920405,104.35164656930138,8.335285697065732,1.0056746934674223,5.787585971563394,4.080230933559045,6.906729613777088
63.89220725100708,104.38798704718072,8.336667276800947,0.5138488894607622,6.2972674372245105,4.606738944405987,6.907710496719585
63.90887623281011,104.42432333193318,8.338049167694487,0.6044056768568062,5.576018018011472,4.130348795601022,6.908691339178794
63.92554521461314,104.46065455648443,8.339431369707421,0.7189055734212828,5.5126992563604995,4.716428301689834,6.909672141358205
63.94221419641617,104.49698114291311,8.34081388280486,1.0459344187787254,5.763896746341533,3.834548446101591,6.910652903461251
63.95888317821919,104.53330444308249,8.342196706969242,0.8743436784135732,5.825176527483268,4.9692290178856515,6.911633625691309
63.97555216002222,104.56962551651246,8.34357984218585,0.6047674266073567,5.894091264856187,4.5358066951115115,6.912614308251688
63.99222114182525,104.60594534919969,8.344963288439027,0.7363014075139651,5.60858585257817,4.76927368314337,6.913594951345642
64.00889012362828,104.6422648536175,8.346347045712179,0.6754846332333511,5.655850216505607,5.1918850017179725,6.914575555176366
64.02555910543131,104.6785848687159,8.347731113987765,0.6563777202502974,5.281052223910475,5.161560592670199,6.915556119946996
64.04222808723434,104.7149061599216,8.34911549324731,0.9940996302381024,5.806175691802949,5.549941319656979,6.916536645860607
64.05889706903737,104.75122941913799,8.3505001834714,0.5239592356917634,6.327666521864317,5.495336367500895,6.917517133120214
64.07556605084038,104.78755526474508,8.351885184639674,1.1200501188996719,5.807624522615678,5.581121911444377,6.918497581928776
64.09223503264342,104.82388424159967,8.35327049673084,0.9639259151913189,6.074972253966562,5.9348303759307,6.919477992489192
64.10890401444644,104.8602168210352,8.354656119722659,1.0164382838726558,6.488436858364208,5.438387513698421,6.920458365004302
64.12557299624947,104.89655340086176,8.356042053591956,0.7056639631429827,5.7928956623583465,5.32908446573099,6.921438699676885
64.1422419780525,104.93289430536616,8.357428298314618,0.7682495807296095,5.714631764234113,4.943603901468135,6.922418996709662
64.15891095985553,104.96923978531191,8.358814853865587,0.5115931638418572,6.402696558465886,4.965357956828846,6.923399256305295
64.17557994165855,105.00559001793917,8.360201720218866,0.6932767907414824,6.251977962570958,5.259703041612262,6.924379478666388
64.19224892346159,105.04194510696477,8.361588897347524,0.8969259303009068,5.01811190817949,4.375226301212118,6.925359663995485
64.20891790526461,105.0783050825823,8.362976385223682,1.0573932049581047,5.808725601989668,4.208625819907889,6.926339812495069
64.22558688706765,105.11466990146195,8.364364183818527,0.5767348042857356,5.7993794669176655,4.341397224805902,6.927319924367566
64.24225586887067,105.15103944675064,8.365752293102304,0.725050498511172,6.025822490384282,4.09726924313014,6.928299999815343
64.25892485067371,105.18741352807199,8.367140713044318,0.7678773033440764,5.564766915008157,4.879740118747561,6.929280039040707
64.27559383247673,105.22379188152624,8.368529443612935,0.5189647116575651,5.402783361726801,4.2425463472909115,6.930260042245906
64.29226281427977,105.26017416969037,8.36991848477558,0.916377748379128,5.779548562835835,4.5412723338487435,6.931240009633129
64.30893179608277,105.29655998161802,8.371307836498739,0.6532951248390071,5.517961037845922,4.928002156484935,6.932219941404505
64.32560077788581,105.33294883283955,8.372697498747959,0.7590003553437012,6.016974530592569,5.16118160037084,6.933199837762107
64.34226975968883,105.36934016536195,8.374087471487845,0.7076737288226159,5.4229259163352745,5.204108027578313,6.934179698907946
64.35893874149187,105.40573334766894,8.375477754682064,0.640181022924073,5.498953758565291,5.322964630346367,6.935159525043973
64.37560772329489,105.44212767472092,8.376868348293343,0.7966247910748777,5.748244148409928,6.179336833029054,6.936139316372081
64.39227670509793,105.47852236795492,8.378259252283467,0.7548968798031739,6.273667008539294,5.687006252098019,6.937119073094107
64.40894568690095,105.51491657528473,8.379650466613283,0.7236321696524991,6.136410366929145,5.659035500662563,6.938098795411824
64.42561466870399,105.55130937110079,8.381041991242698,0.6522963156121475,5.683724691853605,5.594892984985684,6.9390784835269494
64.44228365050701,105.5876997562702,8.382433826130681,0.8618784111961978,5.6453672168788005,5.190492268547858,6.940058137641137
64.45895263231004,105.62408665813679,8.383825971235256,1.128681711083749,5.7942126885114416,5.805528222960601,6.941037757955988
64.47562161411307,105.66046893052103,8.385218426513513,0.8259204275559955,6.49357293265731,4.650395094757021,6.94201734467304
64.4922905959161,105.69684535372015,8.386611191921597,0.997151290833376,5.893567158229436,5.114129483559888,6.942996897993773
64.50895957771912,105.73321463450796,8.388004267414718,0.5198678729464599,5.562164287289248,4.804075896343105,6.943976418119606
64.52562855952215,105.769575406135,8.389397652947142,0.8294490992278615,5.022042954125326,5.3003774824327206,6.944955905251899
64.54229754132517,105.80592737926736,8.390791348484246,0.5784076442357441,5.7514799026618215,3.8781323966465804,6.945935359591958
64.5589665231282,105.84227610810261,8.392185354052163,0.5024807624562737,5.812173399295651,4.012579840190754,6.946914781341027
64.57563550493123,105.87862345269691,8.393579669638035,0.6499758496783539,5.5960387253699375,4.16757797588366,6.947894170700291
64.59230448673426,105.91497041461318,8.394974295220155,1.0362143245381672,5.835600117626119,4.152152197257875,6.948873527870876
64.60897346853729,105.95131790682207,8.396369230776063,0.9878218931554421,5.5149289326546755,4.126765562275634,6.949852853053846
64.62564245034032,105.98766675370209,8.39776447628253,0.8464038848822182,5.746667868733149,4.416909909080605,6.950832146450212
64.64231143214334,106.02401769103945,8.399160031715574,0.4912469848299486,5.2032493519343035,4.267628500090054,6.95181140826092
64.65898041394638,106.06037136602816,8.400555897050447,0.7585150661567325,6.197783024125917,4.991656973485222,6.952790638686861
64.6756493957494,106.09672833727005,8.401952072261649,0.8580952411338685,6.047387174615757,4.4383644454090625,6.953769837928865
64.69231837755244,106.13308907477466,8.403348557322913,0.8328464714842978,6.576460862133522,5.364190396588894,6.954749006187705
64.70898735935546,106.16945395995937,8.404745352207211,0.4289644383863909,5.779826480174057,5.392509080082445,6.955728143664093
64.7256563411585,106.2058232856493,8.406142456886762,0.6196434582944932,5.55784870040175,6.022130259001062,6.956707250558683
64.74232532296152,106.24219725607736,8.407539871333022,0.7848752911896884,6.12606219100456,6.318236811472551,6.95768632707207
64.75899430476454,106.27857598688423,8.40893759551668,0.9049327853519524,5.752656040594613,5.689214520725824,6.95866537340479
64.77566328656756,106.3149595051184,8.410335629407676,0.35843274196881963,5.865039950235919,6.125426535444015,6.959644389757322
64.7923322683706,106.3513477492361,8.411733972975185,0.7652171571474469,5.759615632978413,5.463708948303049,6.960623376330082
64.80900125017362,106.38774056910135,8.41313262618762,0.8262352955912484,4.337036713352438,5.064351724160993,6.961602333323431
64.82567023197666,106.42413772598594,8.414531589012636,0.9675314720112949,6.196569273287296,5.638926512254812,6.962581260937668
64.84233921377968,106.46053889256949,8.415930861417129,0.9361640671718245,5.911346902997267,5.0210787764042495,6.963560159373036
64.85900819558272,106.49694365293931,8.417330443367232,0.9140902334292209,5.910027359121783,4.629101296143898,6.964539028829717
64.87567717738574,106.53335150259055,8.418730334828322,0.637571231000191,5.753222603611968,4.633293409594328,6.965517869507834
64.89234615918878,106.56976184842614,8.420130535765011,0.415942210922198,5.832519117426574,4.364866068495974,6.9664966816074525
64.9090151409918,106.60617400875677,8.421531046141155,0.7189153362772038,5.589536123839488,4.187540434323917,6.967475465328579
64.92568412279483,106.64258721330087,8.42293186591985,0.9978354454133533,5.945061357672406,3.813598360773868,6.96845422087116
64.94235310459786,106.67900060318473,8.424332995063429,1.0761831219014186,5.1397599215453615,4.210792660800298,6.969432948435082
64.95902208640089,106.71541323094236,8.425734433533465,0.9395851162269256,5.753675630625875,4.628682786520477,6.970411648220176
64.97569106820391,106.75182406051557,8.427136181290775,0.8833264830477189,6.018849195940105,4.609291958794992,6.971390320426211
64.99236005000694,106.78823196725394,8.428538238295413,0.8733692142369693,5.692340007785038,5.1558877952841815,6.972368965252898
65.00902903180996,106.82463573791483,8.42994060450667,0.6862004446356689,5.861956252590437,5.250594747421191,6.973347582899891
65.025698013613,106.8610340706634,8.431343279883087,0.771394988064049,5.281342591339533,5.109098351613485,6.974326173566782
65.04236699541602,106.89742557507252,8.432746264382434,1.1312037480891521,5.717344474234968,5.1773518810646495,6.975304737453106
65.05903597721905,106.93381010539605,8.434149557965466,0.6088609812800644,5.855966400639979,5.670399321312625,6.976283274758339
65.07570495902208,106.970192713313,8.43555316061392,1.120311023463692,5.924965832595106,5.634475311104128,6.977261785681899
65.09237394082511,107.00657469212186,8.436957072307345,0.7329322606786177,5.148543899599087,5.8893086034475495,6.978240270423144
65.10904292262813,107.04295671385096,8.438361293023338,1.0624068830266875,5.981543419752718,5.492442446932848,6.979218729181373
65.12571190443117,107.07933939077132,8.439765822738647,0.5159399723174605,5.722184585531206,5.373426044494694,6.980197162155827
65.14238088623419,107.11572327539672,8.441170661429183,0.9144662708411787,5.642378212685445,5.669484393785016,6.981175569545687
65.15904986803723,107.15210886048361,8.442575809070018,0.6499138031953302,5.370467607181268,5.158925312234847,6.982153951550078
65.17571884984025,107.18849657903115,8.443981265635383,0.5141967351652998,5.464502344015889,4.653339582669575,6.98313230836806
65.19238783164329,107.22488680428125,8.445387031098667,0.8409392685896487,6.18247900344737,4.632444380127259,6.984110640198643
65.20905681344631,107.26127984971849,8.446793105432421,0.9991090477793886,5.731514242409629,4.840326378148196,6.98508894724077
65.22572579524933,107.29767596907024,8.448199488608354,0.6282085756930276,5.544399050647468,4.370428842592116,6.9860672296933295
65.24239477705235,107.3340753563065,8.449606180597337,0.49737578807377025,5.696548016997854,4.386091445828889,6.987045487755152
65.25906375885539,107.37047814564,8.4510131813694,0.778792087457781,5.881356715528563,3.985976859097614,6.988023721625007
65.27573274065841,107.40688441152624,8.45242049089373,0.7796559781376708,5.931053486257991,4.600204776876887,6.989001931501605
65.29240172246145,107.44329416866334,8.453828109138676,0.9067889163847832,5.722340903359236,5.137637140486928,6.9899801175836
65.30907070426447,107.47970737199222,8.455236036071751,0.9870257955434365,6.251485352645446,4.409309431064221,6.990958280069584
65.32573968606751,107.51612391669647,8.456644271659618,0.7852056788320235,5.984808093223929,4.531312919248666,6.991936419158094
65.34240866787053,107.55254363820241,8.458052815868111,1.1681711552841458,5.851316494357529,5.1888490024240435,6.992914535047606
65.35907764967357,107.58896631217904,8.459461668662216,0.84189916189738,5.744870244978591,5.635808521895961,6.993892627936537
65.37574663147659,107.62539165453813,8.460870830006082,0.7277485758837093,5.736649904072027,5.546173510287749,6.994870698023245
65.39241561327962,107.66181932143412,8.462280299863016,0.4747020127925219,5.868843577989304,5.401899400996932,6.995848745506032
65.40908459508265,107.6982489092642,8.463690078195485,0.7444651315145854,6.002604454011096,5.759268349139459,6.996826770583138
65.42575357688568,107.7346799546682,8.465100164965119,0.7297011409005701,5.998983406982124,5.967721031027526,6.997804773452746
65.4424225586887,107.77111193452873,8.466510560132702,0.9890209270878407,5.238644095835192,5.585448645103887,6.998782754312978
65.45909154049173,107.80754426597113,8.467921263658186,0.8894380739409726,5.680811199609016,5.739719732184223,6.999760713361901
65.47576052229475,107.8439763063634,8.469332275500674,0.5610488495479853,5.371437826107436,5.702350242156561,7.000738650797521
65.49242950409779,107.88040735331627,8.470743595618435,0.8313548193580312,5.972996191454326,5.18584252123147,7.001716566817784
65.50909848590081,107.91683664468322,8.472155223968894,0.9311913880809248,5.208751966140949,4.855085333706731,7.002694461620579
65.52576746770384,107.95326335856035,8.473567160508638,1.1024725807335245,5.890609412144791,4.875337397239582,7.003672335403735
65.54243644950687,107.98968661328658,8.474979405193414,0.9743482009247559,5.715966158941736,4.169336031949342,7.004650188365025
65.5591054313099,108.02610546744349,8.476391957978127,0.9489977803589674,6.266553994917533,3.9955717108715976,7.00562802070216
65.57577441311292,108.06251971037268,8.477804818815816,0.8088266339467846,5.751533036734315,4.128135066970531,7.006605832612795
65.59244339491596,108.0989318294653,8.479217987669866,0.8744527651114948,5.275706539833271,4.064202395232826,7.007583624294525
65.60911237671898,108.13534274044225,8.480631464521666,1.0466722166506948,5.253587535953266,4.0516021920474605,7.008561395944884
65.62578135852202,108.17175311688113,8.482045249352382,0.5301965729794391,5.6642080793698835,4.991847732614335,7.0095391477613544
65.64245034032504,108.20816357969915,8.48345934214203,0.7268449464847847,5.437439482491637,5.298974293073927,7.010516879941351
65.65911932212806,108.24457469715317,8.48487374286949,0.6421997651203,5.647132897930222,4.7804607304292475,7.011494592682235
65.6757883039311,108.2809869848398,8.486288451512502,0.8725247850543852,5.3251949473564,5.164389999469724,7.012472286181309
65.69245728573412,108.31740090569525,8.48770346804766,1.042719186374856,6.3783664757351275,5.317421636572463,7.013449960635817
65.70912626753714,108.35381686999541,8.489118792450423,0.6772604273376439,5.652905543463326,5.906326690491277,7.014427616242939
65.72579524934018,108.39023523535586,8.490534424695102,0.31857488813046086,6.342612965543186,6.109862890045289,7.0154052531998055
65.7424642311432,108.4266563067318,8.491950364754874,0.7141720330709914,6.008747783907198,5.258763607013893,7.016382871703479
65.75913321294624,108.46308033641816,8.49336661260177,0.9792912924436799,5.97399085115623,5.930977277360757,7.017360471950973
65.77580219474926,108.49950752404948,8.494783168206682,0.9041028341110031,5.364425946313198,5.315185700479347,7.01833805413923
65.7924711765523,108.5359380166,8.496200031539361,0.8821943540842369,5.696310193490094,6.084523934145398,7.019315618465146
65.80914015835532,108.57237190838363,8.497617202568415,0.7405386386723466,5.066307889442766,5.484384674874193,7.020293165125553
65.82580914015836,108.60880924105392,8.499034681261316,0.540711289856205,5.928031112899861,4.866077297177806,7.021270694317222
65.84247812196138,108.64525000360412,8.50045246758439,0.8995563830095561,5.658427189439646,4.790385315503995,7.0222482062368705
65.85914710376441,108.68169413236714,8.501870561502821,0.6296211817976123,5.4902325835419346,4.539223708846252,7.023225701081154
65.87581608556744,108.71814151101553,8.503288962980657,1.2332768591396812,5.64167528427338,4.583213875099956,7.024203179046669
65.89248506737046,108.75459197056152,8.504707671980801,0.9105388663365389,4.478479952701238,4.59425081405441,7.025180640329955
65.9091540491735,108.79104528935706,8.50612668846502,0.6802876199037096,5.397976072325075,3.8635457175343246,7.026158085127492
65.92582303097652,108.8275011930937,8.507546012393933,0.6741200302362929,6.029622982236682,4.763512194013232,7.027135513635702
65.94249201277954,108.86395935480266,8.508965643727022,0.7777879812453213,5.48663630638528,4.774638176740771,7.028112926050948
65.95916099458258,108.90041939485488,8.510385582422629,0.7484561245760688,5.667330503475329,4.180611272124937,7.029090322569536
65.9758299763856,108.93688088096091,8.51180582843795,1.019702894061017,5.988723906963239,4.669843743554443,7.030067703387708
65.99249895818863,108.97334332817103,8.513226381729046,0.8335989464445505,6.15374002048759,5.400506024290407,7.031045068701651
66.00916793999166,109.0098061988751,8.514647242250835,0.6499688818247475,6.090910874639336,5.50743777155547,7.032022418707497
66.02583692179469,109.04626890280272,8.51606840995709,1.1743628273222195,5.215235617446485,5.273368764501901,7.032999753601313
66.04250590359771,109.08273079702315,8.517489884800447,0.8061157608575265,5.604440166665493,5.818864932073181,7.033977073579109
66.05917488540075,109.1191911859453,8.518911666732404,0.950001377591412,6.807424504368479,6.617636063623585,7.03495437883684
66.07584386720377,109.15564932131774,8.520333755703309,0.674567432338496,6.270273862380048,5.823589286856921,7.035931669570399
66.09251284900681,109.19210440222871,8.521756151662375,0.868815094395776,5.721911892630292,5.59825964966023,7.036908945975618
66.10918183080983,109.22855557510614,8.523178854557678,0.8583931456884965,5.070047014568327,5.758631429357362,7.037886208248277
66.12585081261285,109.2650019337176,8.524601864336141,0.4182204112511409,5.689921211471813,5.630506551027155,7.038863456584091
66.14251979441589,109.30144270305064,8.526025180944682,1.1991843575745176,5.605361740217125,5.194322234963393,7.039840691178718
66.15918877621891,109.33787900370884,8.527448804351414,1.0542372370844073,5.62611557270771,5.244878418076214,7.040817912227765
66.17585775802193,109.37431215153616,8.528872734542492,0.7166482346976968,5.940639495693918,4.485773585289125,7.041795119926768
66.19252673982497,109.41074322699922,8.530296971503148,0.5756122464762157,5.808876121929563,4.42563967783761,7.042772314471213
66.20919572162799,109.44717323369898,8.531721515217157,0.8655573575861047,5.61364903781575,4.652667574625664,7.043749496056525
66.22586470343103,109.48360309837089,8.533146365666843,0.8133633585878258,5.493427550707047,3.754908696346355,7.04472666487807
66.24253368523405,109.52003367088489,8.534571522833081,0.8671363359227295,5.825830419062872,4.478859938704887,7.045703821131156
66.25920266703709,109.55646572424524,8.535996986695295,0.834296696583675,5.811177986155969,3.6084116464402536,7.046680965011031
66.27587164884011,109.59289995459078,8.537422757231457,0.8972080299745135,5.768301010232638,3.773860669104834,7.047658096712887
66.29254063064315,109.6293369811947,8.538848834418086,1.0853995303979314,5.675972779138236,4.294016295912039,7.048635216431855
66.30920961244617,109.66577734646462,8.540275218230256,0.909537533593395,5.4685258017846845,4.73468950124734,7.049612324363009
66.3258785942492,109.70222151594268,8.541701908641583,0.5859642384797211,5.690061035270809,5.285533845821971,7.050589420701363
66.34254757605223,109.7386698783054,8.543128905624235,1.0683862981482959,4.560556380558985,5.155536800718412,7.051566505641872
66.35921655785525,109.77512274536376,8.54455620914893,1.1239749733017275,5.430926535164595,5.301042496973062,7.052543579379436
66.37588553965828,109.81158035206319,8.545983819184933,1.4262416841630459,5.663730494710127,5.748922993668973,7.053520642108895
66.3925545214613,109.84804285648354,8.547411735700058,0.5711097509316995,5.447578587901311,5.457513737278685,7.0544976940250255
66.40922350326433,109.88451033983914,8.54883995866067,0.8443631241952434,5.511368976082614,5.8339637824447665,7.0554747353225515
66.42589248506737,109.9209828064787,8.55026848803168,0.3793450885836978,5.300312470105067,5.428099735152621,7.056451766196135
66.44256146687039,109.95746018388542,8.551697323776548,0.9063727118285505,6.098201072941099,5.731355461206063,7.057428786840381
66.45923044867342,109.99394232267692,8.55312646585729,0.6860808159296542,5.649728533555428,5.517088236270536,7.058405797449837
66.47589943047645,110.03042899660527,8.554555914234456,1.1803879732215767,6.030023291360215,5.109775603184274,7.059382798218989
66.49256841227948,110.06691990255698,8.55598566886716,0.6407537026339252,5.169644315926597,5.161211742124105,7.060359789342265
66.5092373940825,110.103414660553,8.55741572971306,0.45781791511693537,5.575465997493504,4.908971075527606,7.061336771014038
66.52590637588554,110.13991281374874,8.55884609672836,0.7013795443385431,5.495572689495621,4.977319278685824,7.062313743428616
66.54257535768856,110.17641382843401,8.560276769867814,0.40051245170442584,5.61447553355562,3.943018708266433,7.063290706780254
66.5592443394916,110.21291709403309,8.561707749084727,0.9458075540225126,5.323869120189066,4.258248745927876,7.064267661263147
66.57591332129462,110.24942192310468,8.563139034330948,0.3825486547516297,5.529374106218982,3.9797333005548703,7.065244607071429
66.59258230309764,110.28592755134197,8.564570625556884,0.8012343248342804,5.892600464813806,4.473055486275581,7.0662215443991805
66.60925128490068,110.32243313757256,8.566002522711482,0.379957932938352,4.731347611807649,4.519759099062859,7.067198473440417
66.6259202667037,110.35893776375845,8.567434725742244,0.7314381680356811,5.678516436721197,4.596575872532482,7.068175394389099
66.64258924850672,110.39544043499615,8.568867234595215,1.124150735863107,5.850183606801725,4.438107781793937,7.069152307439129
66.65925823030976,110.43194007951656,8.570300049214994,0.8675820024786314,5.6028019528736195,5.154287328944453,7.070129212784349
66.67592721211278,110.46843554868508,8.571733169544725,0.6227309664221586,5.904057470590371,4.679898364053402,7.071106110618544
66.69259619391582,110.50492561700149,8.573166595526105,0.7891661965897322,4.938138849486866,4.855031988233245,7.0720830011354385
66.70926517571884,110.54140898210004,8.574600327099379,0.7989874194919132,5.586340924355651,5.192772512827457,7.073059884528702
66.72593415752188,110.5778842647494,8.57603436420334,0.8898872087046026,5.5494700326706825,5.70904720009548,7.07403676099194
66.7426031393249,110.61435000885272,8.577468706775324,0.5219665050844386,5.968120216266282,5.99478589386053,7.075013630718703
66.75927212112794,110.65080888789754,8.57890335481889,0.9138286144709102,5.59034286004977,4.895002757570866,7.075990493902486
66.77594110293096,110.68726559005147,8.58033830836846,0.25441375910227026,5.812388008757173,6.103073449881254,7.076967350736718
66.792610084734,110.72372121158645,8.581773567400187,0.6692920444363801,5.58142828037432,5.5948705809605155,7.077944201414777
66.80927906653702,110.76017675596823,8.583209131889088,0.6975909996744903,5.837191971517976,4.880096730879493,7.078921046129976
66.82594804834004,110.79663313472673,8.584645001809061,0.92188789040846,6.042659757024321,5.141292210592971,7.079897885075576
66.84261703014307,110.83309116745593,8.586081177132868,0.7997253965371816,5.918633576767919,5.188476185930302,7.0808747184447745
66.8592860119461,110.86955158181388,8.587517657832151,0.5140632598207653,5.558771159554512,4.803898902519246,7.081851546430711
66.87595499374912,110.9060150135228,8.588954443877432,0.5981538338059018,5.619325793350337,4.753945673588682,7.082828369226469
66.89262397555216,110.94248200636896,8.5903915352381,0.834864993047594,5.873895621315517,3.8708834434994106,7.083805187025071
66.90929295735518,110.97895301220277,8.591828931882423,0.7792919987300041,5.725749203170939,4.083513412737075,7.08478200001948
66.92596193915821,111.01542839093872,8.59326663377754,0.6792570649410435,5.9491179708763,3.9348406125027893,7.085758808402606
66.94263092096124,111.05190841055544,8.594704640889471,0.6988914925360399,6.100530290326756,4.809187515870858,7.0867356123672955
66.95929990276427,111.08839324709564,8.596142953183108,0.9342681572500031,5.58298697563431,4.636523195615634,7.087712412106335
66.9759688845673,111.12488298466613,8.597581570622218,0.6914722944379903,5.897783199816325,5.503988313894993,7.088689207812456
66.99263786637033,111.16137761543784,8.599020493169439,0.7773687552182083,5.483685861028845,4.749054768040464,7.0896659996783296
67.00930684817335,111.1978770396458,8.600459720786294,1.2289504604753558,5.285205025545802,4.922222944240945,7.090642787896572
67.02597582997637,111.23438106558913,8.601899253433167,0.5102026981452656,5.456900816852671,5.333393541663182,7.091619572659734
67.04264481177941,111.27088940963111,8.60333909106933,0.4245467057020551,5.5773362306125875,5.989525734333619,7.0925963541603165
67.05931379358243,111.30740169619905,8.604779233652925,0.951609155308344,4.771713366810513,5.60955944838516,7.093573132590754
67.07598277538547,111.3439174577844,8.606219681140965,0.6591385242627132,5.803529708041428,5.829664588369085,7.094549908143424
67.09265175718849,111.38043613494274,8.607660433489343,0.731195488991783,4.681515656257536,5.816697997754148,7.09552668101065
67.10932073899151,111.41695707629371,8.609101490652826,0.6385875207833172,6.830324918507168,5.717771384861868,7.096503451384695
67.12598972079455,111.45347953852107,8.610542852585056,0.7428345139803384,5.628603454682663,5.359314748867057,7.097480219457758
67.14265870259757,111.4900026863727,8.611984519238545,1.1144778541370972,5.444321608456676,5.308613303379672,7.098456985421986
67.15932768440061,111.52652559266059,8.613426490564688,0.9551715568897573,5.572067139853237,5.056285822883003,7.0994337494694655
67.17599666620363,111.56304723826078,8.61486876651375,0.9671661448607902,5.666063659628978,4.857761651669611,7.100410511792222
67.19266564800667,111.59956651211348,8.616311347034872,0.511451552515735,5.294035101070236,4.906505452685807,7.101387272582228
67.20933462980969,111.636082211223,8.61775423207607,0.5644416814328295,5.572295169799468,4.95192762944742,7.102364032031392
67.22600361161273,111.67259304065769,8.619197421584234,0.22683210579839908,5.493544631208382,4.028321565485791,7.103340790331567
67.24267259341575,111.70909761355009,8.620640915505131,0.63274702631864,5.5372431752300795,4.0900204621820775,7.104317547674543
67.25934157521877,111.74559445109676,8.622084713783401,0.9859391245443477,5.619201783804423,3.9648667250489953,7.105294304252058
67.2760105570218,111.78208551072254,8.623528816379721,0.8979630310459389,4.951561182694102,4.350372428241605,7.106271060255787
67.29267953882483,111.81857525769504,8.624973223280174,0.7502462598366272,5.55889561786592,4.283712351865513,7.107247815877347
67.30934852062786,111.85506446665595,8.626417934460472,0.7900639841206929,5.635277790305618,4.722452432024772,7.108224571308298
67.32601750243089,111.89155383202034,8.627862949895068,0.6567220046976747,5.588073847793832,5.221117259499541,7.109201326740144
67.34268648423391,111.9280439848888,8.629308269557205,0.8354259059575132,5.4828212383246635,4.382563160713276,7.110178082364324
67.35935546603694,111.96453549304748,8.630753893418934,0.9476247455583857,6.0771703719848285,5.524391547448684,7.1111548383722205
67.37602444783997,112.00102886096805,8.632199821451094,0.4712466362907491,5.536038593502119,5.438446769561112,7.112131594955162
67.392693429643,112.0375245298077,8.633646053623332,0.854328379381148,5.658628426101761,5.857827199594223,7.113108352304414
67.40936241144603,112.07402287740919,8.635092589904083,0.98086060798049,5.886028939096476,5.5234886095409985,7.114085110611184
67.42603139324906,112.11052421830081,8.636539430260585,0.7113283119126051,5.519282068040203,6.146446770467018,7.115061870066622
67.44270037505208,112.14702880369636,8.637986574658878,0.934463171989774,5.642573368014896,5.979577760357245,7.116038630861818
67.45936935685512,112.18353682149518,8.639434023063794,1.357228562270023,5.538162300836572,5.725036873667087,7.117015393187804
67.47603833865814,112.22004839628217,8.640881775438965,0.7734036825422997,6.141918349282964,5.587140261229927,7.117992157235556
67.49270732046116,112.25656358932771,8.642329831746821,0.8729081628640616,5.471464028876135,4.8859388628848395,7.118968923195988
67.5093763022642,112.2930823985878,8.643778191948593,0.6466097918180446,5.954023209707124,4.673456517832864,7.119945691259955
67.52604528406722,112.32960475870392,8.645226856004307,0.8304458407269307,5.4878274567144665,4.848565363636432,7.120922461618255
67.54271426587026,112.36613054100307,8.646675823872789,0.8862242768329265,5.500197470998846,4.1929363794369,7.12189923446163
67.55938324767328,112.40265955349784,8.648125095511658,0.8331127074990717,5.862885190072146,4.71383761837172,7.122876009980758
67.5760522294763,112.43919154088628,8.649574670877339,0.5901794070953807,5.451471473365056,4.1104453981745035,7.123852788366262
67.59272121127934,112.47572618455207,8.651024549925047,0.8353650008827874,5.731107837580116,4.363061224421004,7.124829569808705
67.60939019308236,112.51226310256435,8.652474732608805,1.086505953935125,4.2675887541492425,4.924345873183666,7.125806354498594
67.6260591748854,112.5488018496778,8.653925218881426,0.883767982666687,5.526438234141503,4.233853452056433,7.126783142626372
67.64272815668842,112.58534191733266,8.655376008694523,0.9864122751535567,5.301115733945619,4.671770118073294,7.1277599343824285
67.65939713849146,112.62188273365472,8.656827101998507,0.7465863949202428,5.246046272881492,5.206975777828957,7.128736729957094
67.67606612029448,112.65842366345525,8.658278498742591,0.9439427324042242,5.341440371002609,5.426383234942752,7.129713529540638
67.69273510209752,112.69496400823112,8.659730198874783,0.8497900917776056,5.255095780553563,5.279128747750401,7.130690333323272
67.70940408390054,112.73150300616467,8.661182202341884,0.6037281618347593,5.516364258192841,5.421967630143411,7.131667141495148
67.72607306570356,112.76803983212386,8.662634509089504,0.8575882363979653,4.851556558737735,5.650064355201004,7.1326439542463635
67.7427420475066,112.8045735976621,8.66408711906204,0.5955183744491958,5.597394051914656,6.226882298943319,7.133620771766954
67.75941102930962,112.84110335101835,8.6655400322027,0.6672552678974637,5.958565389945631,5.703713804219568,7.134597594246897
67.77608001111265,112.87762807711715,8.666993248453474,0.8316705441131823,5.64152945031501,5.7286989636446535,7.135574421876111
67.79274899291568,112.91414829726482,8.668446767756253,0.8532272411591741,5.543283600881475,5.4259918075086455,7.136551254844456
67.8094179747187,112.95066653578141,8.669900590077626,0.5559053413493678,6.041277929824273,5.560208771475848,7.137528093341733
67.82608695652173,112.98718357935023,8.671354715398635,1.0045223805412722,5.828330433254161,5.155590830552264,7.138504937557688
67.84275593832476,113.02370013284849,8.672809143698828,0.9080998179680209,6.115318746591611,4.557626202825344,7.139481787682003
67.8594249201278,113.06021684495697,8.674263874956177,0.6527261552573829,5.273640420695805,4.331571652639619,7.140458643904307
67.87609390193082,113.09673430816008,8.675718909147086,0.4861281072348504,5.472671165114919,3.8231897948464604,7.141435506414167
67.89276288373385,113.13325305874581,8.67717424624638,0.7646373189321168,5.881933839622077,4.030446340075803,7.142412375401093
67.90943186553687,113.1697735768058,8.67862988622731,0.70440260428359,5.6827716960125745,4.445611234262484,7.143389251054534
67.92610084733991,113.20629628623522,8.680085829061554,0.8161924948626677,5.750607828888304,4.609744281645964,7.144366133563883
67.94276982914293,113.24282155473291,8.681542074719216,0.720914071711144,6.366840960467245,4.500568114068539,7.145343023118475
67.95943881094595,113.27934969380132,8.682998623168825,0.3920189763825441,5.494640663644621,4.61261380985224,7.14631991990758
67.97610779274899,113.31588095874646,8.684455474377339,0.7158138495648505,5.699977055492962,4.613812254623776,7.147296824120421
67.99277677455201,113.35241554867797,8.685912628310133,0.732332247814366,5.236946340061316,5.123886920227404,7.14827373594615
68.00944575635505,113.38895360650908,8.687370084931022,0.9201610519003706,6.186992122029743,5.227570729622012,7.1492506555738675
68.02611473815807,113.42549521895664,8.68882784420223,0.6537616330606475,5.332541134429309,5.919423505129521,7.150227583192612
68.0427837199611,113.4620404165411,8.690285906084421,1.1291091678196326,5.473047748401806,5.547936604794086,7.151204518991367
68.05945270176413,113.4985891735865,8.691744270536677,0.4110187323071985,5.315555454450402,6.123211627383398,7.152181463159057
68.07612168356715,113.53514140822051,8.69320293751651,1.0555528954258906,5.315917518811923,6.054854118165243,7.153158415884541
68.09279066537019,113.57169698237439,8.694661906979851,0.7484280992581726,5.242509457898427,6.007955034300735,7.154135377356628
68.10945964717321,113.60825570178302,8.696121178881066,0.9651813096167821,5.238172531788193,5.101487001976803,7.155112347764063
68.12612862897625,113.64481731598487,8.697580753172941,0.8091970178251925,5.419759185140025,5.832280714898041,7.156089327295535
68.14279761077927,113.681381518322,8.699040629806689,1.0211201582402711,5.093734537432243,5.309663199008978,7.157066316139676
68.1594665925823,113.7179479459401,8.700500808731949,0.7157089323079725,5.977916881169978,4.975063604206688,7.1580433144850515
68.17613557438533,113.75451617978845,8.701961289896783,0.5734294585332358,5.713707963952684,4.41309524318167,7.159020322520178
68.19280455618835,113.79108574461998,8.703422073247685,1.0772265635454712,5.897608775863354,4.6199274178952745,7.159997340433506
68.20947353799139,113.82765610899115,8.70488315872957,0.7704016836147884,5.520075591562759,4.4323537261109855,7.160974368413432
68.22614251979441,113.86422668526208,8.70634454628578,0.8373815583988271,6.361207062675014,3.888638393291758,7.161951406648293
68.24281150159744,113.90079682959646,8.707806235858083,1.0399922415538447,5.009319955902441,3.765348818664881,7.162928455326367
68.25948048340047,113.93736584196164,8.709268227386671,0.5866227495903654,5.061471552339374,4.358725776853827,7.163905514635869
68.27614946520349,113.97393296612849,8.710730520810165,0.9120838610002803,5.092874564691436,4.556742269231091,7.164882584764962
68.29281844700652,114.01049738967154,8.71219311606561,0.6749785578471912,5.4408453945606645,4.50381313586151,7.165859665901749
68.30948742880955,114.04705824396895,8.713656013088476,0.7664954098877648,5.313120979839996,4.997649206315948,7.16683675823427
68.32615641061258,114.08361460420242,8.715119211812661,0.8073567901852717,5.342753142118781,4.8661888664802415,7.167813861950511
68.3428253924156,114.1201654893573,8.716582712170485,0.49282828513109284,5.528145955877744,5.126069016864226,7.168790977238397
68.35949437421864,114.15671047605758,8.718046514100335,0.6370768533941477,5.470763839898111,5.103595589611565,7.1697681042857955
68.37616335602166,114.1932512454043,8.719510617580891,1.0630303892097128,5.421180708104066,5.109880603537153,7.1707452432805106
68.3928323378247,114.2297890359847,8.720975022599077,0.9700255414494087,4.391113429498547,6.2770113610192775,7.171722394410295
68.40950131962772,114.26632495099437,8.722439729139568,0.7802308255143102,5.194133936619071,6.132103929434526,7.172699557862838
68.42617030143076,114.30286001309109,8.723904737185102,0.8413548141770258,5.267423538583489,5.369444165863304,7.1736767338257765
68.44283928323378,114.33939516439463,8.725370046716481,0.7338529470946781,5.332440209423184,5.751329578693191,7.17465392248668
68.45950826503682,114.37593126648683,8.726835657712577,1.0639893953933817,5.394441869182384,5.523005629101078,7.175631124033068
68.47617724683984,114.41246910041164,8.728301570150318,0.7525734169385326,5.203525905906021,5.265088976351175,7.176608338652397
68.49284622864288,114.44900936667506,8.72976778400471,0.8389835094631616,5.150586929220866,4.984844348999287,7.177585566532061
68.50951521044588,114.48555268524514,8.731234299248811,1.0217922226781706,5.397971338040403,4.971662817300743,7.1785628078594
68.5261841922489,114.52209959555209,8.732701115853756,0.6370829439743839,4.944164404895123,4.866441175208196,7.179540062821699
68.54285317405194,114.55865055648809,8.734168233788736,1.1042860692225076,5.398011241473434,4.542522820101241,7.1805173316061754
68.55952215585496,114.59520594640743,8.735635653021014,0.4864068860452972,4.796311492099136,4.243080213359846,7.181494614399993
68.576191137658,114.63176606312648,8.73710337351591,1.1183984741841912,5.3931629687897145,4.160070836644025,7.182471911390256
68.59286011946102,114.66833112392369,8.73857139523682,0.7179057554412562,5.1457099830000335,4.493908640164694,7.183449222764009
68.60952910126406,114.70490126553953,8.740039718145194,0.7438718912445316,5.845944465920331,4.4345948730182805,7.184426548708241
68.62619808306708,114.74147654417662,8.741508342200557,0.4143803194644198,5.445703780968732,4.469039636477721,7.1854038894098755
68.64286706487012,114.77805693549958,8.742977267360494,0.7013940674359515,5.391628474517315,4.642257428845685,7.186381245055785
68.65953604667314,114.81464233463515,8.744446493580654,0.584362306241244,5.2197702367938446,4.996377404891912,7.187358615832778
68.67620502847618,114.8512325561721,8.745916020814754,0.6707648892373049,5.547588387492935,5.00255682064851,7.188336001927606
68.6928740102792,114.88782733416132,8.747385849014579,0.7648024553554591,5.737918621491821,5.6257805396468274,7.189313403526962
68.70954299208223,114.92442632211576,8.748855978129969,0.9837934059505287,5.42530852717321,5.255678185749278,7.19029082081748
68.72621197388526,114.96102909301038,8.750326408108842,0.8337261322258922,6.1991218033322415,5.597478737599975,7.191268253985733
68.74288095568828,114.99763513928232,8.751797138897173,0.8537111158685576,5.532880341402625,5.9761397598790404,7.192245703218241
68.75954993749131,115.03424387283067,8.753268170439002,0.5730421750201901,5.714858890509835,5.4472083799118955,7.193223168701459
68.77621891929434,115.07085462501672,8.75473950267644,0.6159654468337861,5.473255109119568,5.232370513541817,7.194200650621786
68.79288790109737,115.10746664666372,8.756211135549657,1.151831424759359,5.441234173619441,5.5714380797939675,7.195178149165563
68.8095568829004,115.14407910805707,8.757683068996892,0.6450163148466301,5.01981472845389,4.83772013303725,7.196155664519071
68.82622586470343,115.1806910989442,8.759155302954447,1.1232682173020336,5.289669782150179,4.717216706008291,7.197133196868531
68.84289484650645,115.2173016285346,8.760627837356692,0.7433843165925126,5.520265552316632,5.083573335153333,7.198110746400108
68.85956382830949,115.25390962549987,8.76210067213606,0.7924240774680305,5.560303184581863,4.558938188479824,7.199088313299905
68.87623281011251,115.29051393797367,8.763573807223048,1.006009400554217,5.425037036355683,4.80696921707524,7.20006589775397
68.89290179191555,115.32711333355174,8.765047242546224,1.0462846755688577,5.936545775749035,3.9174887282756257,7.201043499948291
68.90957077371857,115.36370649929184,8.766520978032212,0.7697134462079451,5.0347229550254005,4.178959727089861,7.202021120068794
68.9262397555216,115.40029204171387,8.76799501360571,0.7141970590575899,5.074313454539536,4.332864722927343,7.2029987583013515
68.94290873732463,115.43686848679978,8.769469349189471,0.7806312359768564,5.499861802907036,3.9447381108255244,7.203976414831772
68.95957771912764,115.47343474978943,8.770943984716329,0.8593764316741695,5.358804469089828,4.757266324672514,7.20495408984581
68.97624670093067,115.5099940018197,8.77241892021947,0.9700152081809783,7.039100000909362,4.8068607540985955,7.205931783529155
68.9929156827337,115.54654859475139,8.7738941556972,0.7925699318237732,5.520502333355843,4.4107020978873495,7.206909496067443
69.00958466453673,115.58310019249829,8.775369691130308,0.9154706532919343,5.361562170589033,5.132425807408234,7.20788722764625
69.02625364633975,115.61965033281842,8.77684552649772,1.1193347182541182,5.14919577124201,5.495720522604259,7.208864978451094
69.04292262814279,115.65620042731399,8.7783216617765,0.8678940168216109,5.361240776298887,5.401900869113214,7.209842748667434
69.05959160994581,115.69275176143142,8.779798096941843,0.8539319326002732,5.396886309066444,5.27725863938444,7.210820538480669
69.07626059174885,115.72930549446139,8.781274831967082,0.48778840787975997,5.40887310213642,5.876438681039617,7.21179834807614
69.09292957355187,115.76586265953873,8.782751866823686,0.2653937015040726,5.227463960439679,6.450320797359247,7.212776177639131
69.1095985553549,115.80242416364256,8.784229201481262,0.8691839751675603,5.251588788434289,5.5878463800984495,7.213754027354865
69.12626753715793,115.83899078759613,8.785706835907545,0.7725130280024076,5.439235697358507,6.022781965402684,7.214731897408502
69.14293651896097,115.87556318606698,8.787184770068416,0.6884903287039982,6.049127776384118,5.1203415298455175,7.21570978798515
69.15960550076399,115.91214188756682,8.78866300392788,0.8401218384497948,5.435511102765609,5.170829450207644,7.216687699269856
69.17627448256702,115.9487272944516,8.790141537448086,0.7793039302018545,4.92534220509442,5.087364994494884,7.2176656314476055
69.19294346437005,115.98531968292146,8.791620370589317,1.0169095491057838,5.614874759586825,4.6172352033473,7.2186435847033295
69.20961244617307,116.02191920302077,8.793099503309989,0.8085444400835625,5.4410349188174685,4.3315205410781115,7.219621559221894
69.2262814279761,116.05852587863814,8.794578935566658,0.6419063213914391,6.033164582966711,4.496469141121741,7.22059955518811
69.24295040977913,116.0951396075063,8.796058667314009,0.9892928826979378,5.548751012581806,4.774489160389517,7.221577572786732
69.25961939158216,116.13176016120235,8.79753869850487,0.747802020950317,5.83262136364919,4.303291045743236,7.222555612202449
69.27628837338519,116.16838718514745,8.799019029090198,0.8965041182463465,5.383515106437821,4.141406271543055,7.2235336736198965
69.29295735518822,116.20502019860707,8.80049965901909,0.6956831303904923,5.387769905662031,4.391317662588963,7.22451175722365
69.30962633699124,116.24165859469085,8.801980588238777,0.6611683291975736,5.023031828604321,5.410198917694099,7.225489863198223
69.32629531879428,116.27830164035268,8.803461816694625,0.8079357315590605,5.427621368999259,4.9346524118168,7.226467991728075
69.3429643005973,116.31494847639067,8.80494334433014,0.7936361380183927,5.793271465067185,4.9661110462510365,7.227446142997601
69.35963328240034,116.35159811744707,8.806425171086955,0.887004084739663,5.080033754262669,5.037027444638416,7.228424317191141
69.37630226420336,116.38824945200841,8.807907296904846,0.7372777399359375,5.306037207851419,5.031629218815337,7.2294025144929766
69.3929712460064,116.42490124240543,8.80938972172172,0.423703091356399,5.394070193599526,5.830595264306781,7.230380735087327
69.40964022780942,116.46155212481307,8.810872445473624,0.7043883734924599,5.287378228498402,5.989386151016525,7.231358979158355
69.42630920961243,116.49820060925046,8.812355468094738,0.9496748903317014,5.558569988475096,5.6678131471796425,7.232337246890162
69.44297819141546,116.53484507958103,8.813838789517378,0.731403972346344,5.1334591869271025,5.699118481714631,7.233315538466796
69.45964717321849,116.57148379351239,8.815322409671994,0.7415704435894048,5.424193454830168,5.200365511586632,7.23429385407224
69.47631615502152,116.60811488259627,8.816806328487173,0.9880903057822794,4.707400550596563,5.385277049236087,7.235272193890419
69.49298513682454,116.64473635222873,8.818290545889639,0.6483881842756302,5.651897724133636,5.249922262482937,7.236250558105204
69.50965411862758,116.68134608164999,8.81977506180425,0.4821899558288302,5.079338211405898,4.694672200475038,7.2372289469004
69.5263231004306,116.71794182394451,8.821259876154,0.7585920899521171,4.509789516050951,5.12628093104207,7.238207360459759
69.54299208223364,116.7545259565404,8.822744988911964,0.6938511826232333,5.341990847262088,4.169227882475478,7.239185798966971
69.55966106403666,116.79110641713466,8.824230400117528,0.5974043125802125,5.20390168897025,4.363372269588761,7.240164262605663
69.5763300458397,116.82768484585407,8.825716109745354,0.755545433657295,5.04694287342276,4.4614555847810315,7.241142751559411
69.59299902764272,116.8642626388564,8.827202117767259,0.8888897472470274,4.764783529572885,4.190054329106769,7.242121266011728
69.60966800944576,116.90084106645641,8.82868842415351,0.788698343105403,5.31899007122034,4.240013549576473,7.243099806146071
69.62633699124878,116.93742127312578,8.83017502887279,0.8519196522443683,5.37008620941534,4.02008908137968,7.244078372145834
69.64300597305181,116.97400427749322,8.831661931892224,1.153172304371431,5.605006200600285,5.062118870915996,7.245056964194355
69.65967495485484,117.01059097234432,8.833149133177365,0.7218822639973521,5.33157839117843,4.843904450045216,7.246035582474912
69.67634393665786,117.04718212462167,8.834636632692202,0.8460949795638433,5.475078428231314,5.306331482834096,7.247014227170723
69.6930129184609,117.08377837542484,8.836124430399147,0.688549741132896,5.301188617764135,5.582977993913012,7.247992898464947
69.70968190026392,117.1203802400103,8.837612526259052,0.6210875753911647,5.239233853775519,5.391391233960602,7.2489715965406845
69.72635088206695,117.15698810779153,8.839100920231202,0.673345039105129,4.61545626611537,5.662562722359645,7.249950321580979
69.74301986386997,117.19360224233893,8.840589612273304,0.6945418506150313,5.2570781857184885,6.193430163289111,7.250929073768809
69.75968884567301,117.23022278137988,8.842078602341502,0.8621556642763276,5.252661106492953,5.451536190976103,7.251907853287098
69.77635782747603,117.26684973679876,8.843567890390375,1.2600425466777307,5.693520619984351,6.341652490850801,7.252886660318711
69.79302680927907,117.30348299463685,8.845057476372935,0.6469855313825381,5.341323417775614,5.327536182035158,7.253865495046453
69.80969579108209,117.34012231509236,8.846547360240614,0.7068359315505075,5.59653575787542,4.990913343100491,7.254844357653069
69.82636477288513,117.37676733252059,8.848037541943288,0.7775031088293387,5.228561113801199,5.1444741987824,7.255823248321246
69.84303375468815,117.41341755543367,8.849528021429261,0.8692541447199585,4.835921414408931,5.517039315606164,7.256802167233609
69.85970273649119,117.45007236650073,8.85101879864527,0.8427711456501679,5.483483238836317,4.045241466634079,7.257781114572728
69.8763717182942,117.48673102254786,8.852509873536476,1.0468466950911766,5.320386686990511,4.377574051253599,7.258760090521111
69.89304070009722,117.52339265455814,8.854001246046485,0.30471562000436303,4.123525827829565,4.420907746962726,7.259739095261209
69.90970968190025,117.5600562676716,8.855492916117322,0.31257450265601155,5.080625149041247,4.216963803593165,7.260718128975413
69.92637866370328,117.59672074118517,8.856984883689453,0.6907512296571383,5.056680628009023,4.327944490270141,7.261697191846052
69.94304764550631,117.6333848285528,8.858477148701773,1.0093532337186135,5.339891271909403,4.081479477187303,7.2626762840554004
69.95971662730933,117.67004715738541,8.859969711091606,0.47672986683254936,5.242129821416488,4.269338589401185,7.263655405785673
69.97638560911237,117.70670622945082,8.861462570794709,0.18829922695822954,5.263427373205194,4.611019689122819,7.264634557219019
69.99305459091539,117.74336042067381,8.862955727745277,0.9040277426900833,5.227563510374037,4.55659819788628,7.265613738537539
70.00972357271843,117.78000798113622,8.864449181875926,0.8384894175484363,5.225077000991598,5.132402523903502,7.2665929499232655
70.02639255452145,117.81664703507673,8.86594293311771,0.5716823476285045,4.949263029796876,5.265151997073655,7.267572191558175
70.04306153632449,117.85327558089105,8.867436981400118,0.5925821098500107,5.24103417886497,5.439348018809143,7.2685514636241875
70.05973051812751,117.88989441121159,8.86893132666839,0.595707231904852,4.744292642211743,5.818273999069719,7.269530766303158
70.07639949993055,117.92651111502579,8.870425968920141,0.8117289300024344,5.365696025566672,5.24697891086625,7.270510099776887
70.09306848173357,117.9631270808029,8.871920908128471,0.6643246467916695,5.4602046724075946,5.717841349943066,7.2714894642271135
70.1097374635366,117.99974316492214,8.87341614426266,0.8883662661952705,4.915224038490054,6.398150123683165,7.272468859835518
70.12640644533963,118.03636014359373,8.874911677290456,0.2185938750489721,5.345629282671633,5.224658685239763,7.273448286783724
70.14307542714265,118.07297871285888,8.876407507178099,0.6181145046982892,5.109351726417526,5.729788536713885,7.274427745253293
70.15974440894568,118.10959948858986,8.8779036338903,0.5642397005064909,5.642810106867032,5.120486075295035,7.275407235425732
70.1764133907487,118.14622300648985,8.879400057390253,0.7381479168564556,5.044205726592001,4.67296096012766,7.276386757482482
70.19308237255174,118.18284972209302,8.880896777639625,0.6817720055591392,4.3327345651961915,4.221725157183983,7.277366311604928
70.20975135435476,118.21948001076458,8.882393794598572,0.9489157628530626,5.2771480154134105,4.461302784597206,7.278345897974395
70.2264203361578,118.25611416770073,8.883891108225717,0.41744504705574886,5.375407659897589,4.713746876898435,7.279325516772151
70.24308931796082,118.29275240792859,8.885388718478172,0.798376036071461,5.260450204916543,4.090014473807997,7.280305168179401
70.25975829976386,118.32939486630636,8.886886625311524,0.9009103097755017,5.034470741396973,4.189206971186829,7.281284852377294
70.27642728156688,118.36604159752314,8.888384828679834,1.1605377416903129,5.2323128730488015,4.600333999088497,7.282264569546916
70.29309626336992,118.40269257609913,8.889883328535655,0.6928202343275207,5.21867790300101,4.55202301678333,7.283244319869297
70.30976524517294,118.43934769638547,8.891382124830002,0.8540302685151782,5.096299035622841,4.184494072812219,7.284224103525406
70.32643422697596,118.47600677256418,8.892881217512386,0.42833105316746833,5.451523555309923,4.925923082279267,7.28520392069615
70.34310320877898,118.5126695386485,8.894380606530783,0.310677379796064,5.30233004849233,5.6001653954468225,7.286183771562384
70.359772190582,118.54933564848247,8.89588029183166,0.9579884497438605,5.5166792100609445,5.371306676035179,7.287163656304897
70.37644117238504,118.5860046757412,8.897380273359953,0.7878864147435569,5.224052327974757,4.7583950962086865,7.288143575104422
70.39311015418807,118.62267611393074,8.89888055105908,1.0246658552819892,5.067292584193264,5.838886794330405,7.28912352814163
70.4097791359911,118.65934937638822,8.90038112487094,0.5142475283476666,4.946566947632654,5.73373052351643,7.290103515597133
70.42644811779412,118.69602379628171,8.901881994735911,0.8928732678435627,5.10645801252627,5.237712347868958,7.291083537651489
70.44311709959716,118.73269862661022,8.903383160592847,1.1626210868263784,3.715106967360289,5.1988479570864055,7.292063594485188
70.45978608140018,118.76937304020382,8.904884622379086,0.872763264159183,5.194767987638323,5.8425168883038685,7.293043686278668
70.47645506320322,118.80604612972357,8.906386380030439,0.8441030123731251,5.18501922312461,5.123793109616623,7.294023813212302
70.49312404500624,118.8427169076615,8.907888433481197,0.7904624411907819,5.362833566247575,4.831147991955486,7.2950039754664076
70.50979302680928,118.8793843063406,8.909390782664136,0.4745393923822949,5.130827488281258,4.842470312332264,7.2959841732212425
70.5264620086123,118.91604717791489,8.910893427510505,1.0597946747484497,5.377735356981314,4.424043454331618,7.296964406657005
70.54313099041534,118.95270429436938,8.912396367950034,0.6664729084683858,5.097300314344206,4.448932653832592,7.297944675953831
70.55979997221836,118.98935557856466,8.913899603913318,0.8895053815599268,5.187623748340919,4.216611789885945,7.298924981291798
70.5764689540214,119.02600485750952,8.915403135358504,0.4759661078607025,4.798042692843243,3.8466887489144863,7.2999053228509245
70.59313793582442,119.06265317436772,8.916906962261377,0.5526452202095428,4.804546761138853,4.060264067501914,7.30088570081117
70.60980691762744,119.099301206976,8.918411084596201,1.075518761943028,5.1243986372516055,4.430382617960603,7.301866115352436
70.62647589943047,119.13594957661029,8.919915502335362,0.7190048983526621,5.278571102720298,4.4628442467963785,7.302846566654566
70.6431448812335,119.17259884798587,8.92142021544936,1.0790844704633988,5.387567895989911,4.632224647379958,7.30382705489734
70.65981386303653,119.20924952925725,8.922925223906816,0.772747207625707,5.208324535250499,5.478164562169316,7.3048075802604835
70.67648284483955,119.24590207201821,8.92443052767447,0.419977694107084,5.195291161225331,5.366492546181316,7.305788142923657
70.69315182664259,119.28255687130188,8.925936126717179,0.9667346229918419,4.875025897094801,5.6387345669356845,7.306768743066463
70.70982080844561,119.3192142655806,8.927442020997923,0.6703064389336992,5.1675411497647215,5.531531310950553,7.307749380868449
70.72648979024865,119.35587453676598,8.928948210477794,0.9279864097269273,5.405382472925149,5.788765525212639,7.308730056509097
70.74315877205167,119.39253791020897,8.930454695116008,0.7932545101765118,4.852419394221725,5.664027550800014,7.309710770167829
70.75982775385471,119.42920455469972,8.931961474869903,0.47955232583809265,5.392289910758895,6.019577293714658,7.310691522024014
70.77649673565773,119.46587458246773,8.933468549694927,0.8209985043790711,5.013361627214966,5.669156267759542,7.311672312256955
70.79316571746075,119.5025480491817,8.934975919544653,1.227347704740863,5.234771669360107,5.616190805222226,7.312653141045898
70.80983469926377,119.53922495394971,8.936483584370773,0.8866638381525425,5.657134310503415,5.3910606077993695,7.313634008570029
70.8265036810668,119.57590523931903,8.937991544123093,0.7765264111288637,4.772313553839333,5.097254430146406,7.314614915008476
70.84317266286983,119.61258879127625,8.939499798749546,1.003062002549567,4.98586009770088,5.733931990433038,7.315595860540301
70.85984164467285,119.64927543924719,8.941008348196174,0.8300903207819437,4.791175128558396,4.41670556088405,7.3165768453445175
70.87651062647589,119.685964956097,8.942517192407145,0.8298267245389054,5.075399379756696,4.215724919581535,7.317557869600068
70.89317960827891,119.72265705813007,8.944026331324743,0.5695580399684406,4.670476874368983,4.485357426746436,7.318538933485843
70.90984859008195,119.75935140509011,8.945535764889371,0.8346158206479938,5.774690457321883,4.0280469331055135,7.319520037180669
70.92651757188497,119.79604760016011,8.947045493039553,0.9948979850461939,5.378615203138965,4.126330106154498,7.320501180863316
70.94318655368801,119.83274518996221,8.948555515711929,0.6205599028054785,6.042406613886765,3.9719677481874767,7.321482364712491
70.95985553549103,119.86944366455802,8.95006583284126,1.072634474134539,5.216037038051233,4.598243684651687,7.322463588906844
70.97652451729407,119.90614245744827,8.951576444360425,0.7693570269198291,4.803003198597658,4.8087154122393825,7.323444853624967
70.99319349909709,119.94284094557305,8.953087350200418,0.6101071965159506,5.070894842397765,4.803084122630479,7.324426159045389
71.00986248090013,119.97953844931175,8.95459855029036,0.9871503265006832,5.361807345003719,5.362312549311737,7.325407505346579
71.02653146270315,120.0162342324829,8.956110044557485,0.7302278214872093,5.359529825438195,4.826177547129034,7.326388892706947
71.04320044450618,120.05292750234452,8.957621832927147,0.9394523488826592,5.125367683164322,5.369745278246745,7.327370321304848
71.0598694263092,120.08961740959369,8.959133915322822,0.729160292923753,4.41649957069638,5.672027332960939,7.328351791318569
71.07653840811223,120.12630304836689,8.960646291666096,0.7755093839060642,5.960549750342794,5.441762286520724,7.329333302926346
71.09320738991526,120.16298347699029,8.962158961876563,0.8861491919691731,5.104904473745761,5.261569545866491,7.33031485630635
71.10987637171829,120.19965950827101,8.963671925879392,0.8455790463714054,5.002730152986658,5.609572769402026,7.331296451636686
71.12654535352132,120.23633272964088,8.96518518364848,0.38825570778210994,5.155338289639712,5.757175823319851,7.332278089095409
71.14321433532434,120.27300408806639,8.966698735169171,0.5630756901477518,5.027754919992761,5.726878757249816,7.333259768860513
71.15988331712738,120.30967446358231,8.96821258042434,0.9731687547012502,5.174803779132853,4.937825639762338,7.334241491109931
71.1765522989304,120.34634466929175,8.969726719394401,0.7608217048286948,5.57920318513224,5.071754123624456,7.33522325602154
71.19322128073344,120.38301545136599,8.97124115205729,0.6824649722172837,5.0842124723153335,4.807041237847193,7.336205063773153
71.20989026253646,120.41968748904473,8.972755878388474,0.51545858518648,5.070697408667862,4.78354158706664,7.337186914542524
71.2265592443395,120.4563613946359,8.974270898360954,0.5711882247602622,5.057523306317066,4.171772248233708,7.33816880850735
71.2432282261425,120.49303771351572,8.975786211945259,0.38273780711876715,5.021316654696859,3.666958298536419,7.339150745845265
71.25989720794554,120.5297169241287,8.977301819109448,0.7668033827920704,5.616114749985456,4.234936976703192,7.3401327267338425
71.27656618974856,120.56639943798766,8.978817719819114,0.6673339471701216,5.662490322889467,3.994087859364609,7.3411147513506005
71.29323517155159,120.60308559967369,8.980333914037375,0.5936657671832049,5.135126332809637,4.234232668592104,7.342096819872991
71.30990415335462,120.63977568683619,8.981850401724884,0.7733204877878559,4.499617178520927,4.567703603422975,7.34307893247841
71.32657313515764,120.6764699101928,8.983367182839821,0.8597010717876838,4.825701783906789,4.7966559799667055,7.3440610893441916
71.34324211696068,120.71316841352949,8.984884257337898,1.2055082502166061,5.127901511973195,5.191021464400018,7.345043290647612
71.3599110987637,120.74987127370052,8.986401625172357,0.484453643388537,5.273387230509247,5.59517451771411,7.346025536565885
71.37658008056674,120.78657850062841,8.987919286293971,1.018668144864229,5.0964799342692935,5.471959645940302,7.347007827276167
71.39324906236976,120.82329003730403,8.989437240651046,0.9813738026937773,4.881188387274915,5.842028910758513,7.347990162955552
71.4099180441728,120.86000575978646,8.990955488189408,0.6308964422930761,4.970322104154406,5.797980722092359,7.348972543781077
71.42658702597582,120.89672547720316,8.992474028852428,0.8273236261616227,5.104744663595129,6.066702270011117,7.3499549699297155
71.44325600777886,120.93344893174978,8.993992862580994,0.6951111758585831,4.029750419896772,5.645028788798418,7.350937441578382
71.45992498958188,120.97017579869032,8.995511989313535,0.8237368777045856,5.04273948489541,5.52478369294756,7.351919958903933
71.47659397138491,121.00690568635707,8.997031408986004,1.088386645616885,4.7989996993394,5.229294867383584,7.352902522083163
71.49326295318794,121.04363813615059,8.998551121531886,0.9076429162051529,5.398286699621931,5.052644875184327,7.353885131292808
71.50993193499097,121.08037262253974,9.000071126882196,0.8882045165036572,4.825579928327895,4.6160568487860845,7.354867786709543
71.526600916794,121.11710855306166,9.001591424965481,0.7003820954866755,5.1824123074612585,4.350687015327685,7.355850488509984
71.54326989859702,121.15384526832179,9.003112015707819,0.48959368956333404,5.112209920079787,4.650209949860971,7.356833236870685
71.55993888040005,121.19058204199385,9.004632899032815,0.7446723889680934,5.73342001482048,3.951570757900445,7.357816031968142
71.57660786220308,121.22731808081983,9.006154074861604,1.0276486160417342,5.40107057305137,4.110684438892405,7.35879887397879
71.59327684400611,121.2640525246101,9.007675543112855,0.48085431321603606,5.072872835253549,4.5186138621049174,7.359781763079006
71.60994582580913,121.30078444624318,9.009197303702766,0.5752308558433255,4.874906284342944,4.192751225195823,7.360764699445105
71.62661480761217,121.33751285166602,9.010719356545067,0.811463067157318,5.048088547006712,4.700414647883489,7.36174768325334
71.6432837894152,121.37423667989373,9.012241701551014,0.5892392988674998,4.968055065138614,4.481386998633249,7.362730714679911
71.65995277121823,121.4109548030098,9.013764338629395,0.6276262478424435,4.979105722577351,4.583677793674893,7.363713793900949
71.67662175302125,121.447666026166,9.015287267686535,0.7013718478579574,5.271101333344194,4.6707919562630735,7.364696921092534
71.69329073482427,121.48436911546683,9.016810488627698,0.5129286558207413,5.270695490756123,5.778657122421791,7.365680096430677
71.7099597166273,121.5210647433965,9.018334001440492,0.5911882853952557,5.114409683661027,5.241697545099818,7.366663320091332
71.72662869843033,121.5577549786733,9.019857806139015,0.9266587015078483,5.694322905641863,5.94777365477326,7.367646592250392
71.74329768023335,121.59444144228169,9.021381902709333,0.5244595707556792,5.525045889722244,5.493640090116769,7.368629913083693
71.75996666203638,121.6311256410304,9.022906291134863,0.46631945490155746,5.114641900733385,6.181139022004379,7.3696132827670136
71.77663564383941,121.66780896755246,9.024430971396397,0.6598491860471172,5.568000226577715,6.363305412279483,7.370596701476067
71.79330462564243,121.7044927003053,9.025955943472091,0.9322055281715145,5.046335267701099,5.041994158457507,7.371580169386511
71.80997360744547,121.74117800357054,9.027481207337466,0.7463902573556656,5.647733327614733,5.015556573270206,7.37256368667394
71.8266425892485,121.77786592745423,9.029006762965405,0.6928185401948482,5.320434114148688,5.332566351580171,7.373547253513892
71.84331157105153,121.81455740788664,9.03053261032616,0.7945665977690433,5.40639685318084,5.0043301926746455,7.374530870081838
71.85998055285455,121.85125326662242,9.032058749387351,0.43651337973456483,5.1023817960344315,4.847930625265617,7.375514536553192
71.87664953465759,121.88795421124053,9.033585180113956,0.8845559707023107,5.016284924435823,4.244875312402018,7.376498253103312
71.89331851646061,121.92466083514417,9.035111902468325,0.8622617654767004,4.370918023547611,4.872493767784587,7.377482019907488
71.90998749826365,121.96137361756092,9.036638916410169,0.7036729292409858,5.043968490391229,4.241746729032391,7.378465837140955
71.92665648006667,121.99809292354267,9.038166221896569,0.9866793369067064,5.575851729368222,3.849052657148875,7.379449704978884
71.9433254618697,122.03481900396562,9.039693818881966,0.5599549708748963,4.9092952404071255,4.222952930049598,7.3804336235963905
71.95999444367273,122.0715519955303,9.041221707318172,1.010995691072751,5.096490117524672,4.091231170975986,7.381417593168526
71.97666342547576,122.10829192076146,9.042749887154363,0.8162722729437468,5.459872416396243,5.136614750616041,7.382401613870278
71.99333240727879,122.14503868800828,9.044278358337074,0.7180226149055327,4.974985306915757,4.701620179865031,7.383385685876583
72.01000138908181,122.18179209144422,9.045807120810217,0.7813179445254819,5.491863405431784,5.297670672874279,7.38436980936231
72.02667037088484,122.21855181106704,9.04733617451506,0.7637992028241443,3.723453061573122,5.244249943843514,7.385353984502268
72.04333935268787,122.2553174126988,9.048865519390237,1.029268165333992,4.960229722054826,5.3986208414090076,7.386338211471211
72.0600083344909,122.29208834798587,9.050395155371755,0.5698351363050148,4.585301624919596,5.150838891091592,7.387322490443825
72.07667731629392,122.328863954399,9.05192508239298,0.6326264354110569,4.835830996779641,5.973164253546284,7.3883068215947425
72.09334629809696,122.36564345523315,9.053455300384643,0.9923501287961682,5.146135769387105,6.175547519104514,7.38929120509853
72.11001527989998,122.4024259596077,9.054985809274847,0.6659417761940898,5.159995815957241,5.426144037053431,7.3902756411296995
72.12668426170302,122.43921046246629,9.05651660898905,0.9651145372620306,5.051725957449534,5.083875505143436,7.3912601298626965
72.14335324350604,122.47599584457684,9.058047699450086,1.1248542226857436,5.317547127360206,5.581346558327546,7.392244671471911
72.16002222530906,122.51278087253162,9.059579080578144,0.7045670707151919,4.794465808363988,4.6060616663218665,7.393229266131668
72.17669120711209,122.54956419874728,9.061110752290793,0.921157537177122,4.6027785956096965,5.215591338769625,7.3942139140162375
72.19336018891512,122.5863443614647,9.062642714502953,0.5541055570994659,5.197599597827416,4.342923693005026,7.395198615299824
72.21002917071814,122.62311978474904,9.064174967126917,0.9357495602410295,4.976208683960288,4.085536242024831,7.396183370156576
72.22669815252117,122.65988877848989,9.06570751007234,0.8246465308473342,4.2426337989858,4.350475053771667,7.397168178760581
72.2433671343242,122.69664953840102,9.067240343246246,0.8793281688748598,5.245116445822453,3.8948027313264277,7.398153041285862
72.26003611612722,122.73340014602064,9.068773466553019,0.6555648226067465,5.4890334367474525,4.002139108424043,7.399137957906385
72.27670509793026,122.7701385687112,9.070306879894416,0.45242122425743303,5.711576455591867,4.405428610297943,7.400122928796054
72.29337407973328,122.806862662408,9.071840583169614,0.8852469364717147,5.01797748407866,3.724076683973777,7.401107954128717
72.31004306153632,122.84357582779182,9.073374576394926,0.3718744549786542,5.311497567993221,5.1526900045323,7.402093034078153
72.32671204333934,122.88028385452729,9.074908859629673,0.7210434947884462,5.329711905010164,4.913504357958856,7.403078168818082
72.34338102514238,122.91698864894164,9.07644343284827,0.9727084201009333,4.779329297878385,4.762721624240976,7.404063358522169
72.3600500069454,122.953691966726,9.07797829602295,0.8228099933970232,5.499207876557181,5.080889968630037,7.405048603364021
72.37671898874844,122.99039541293548,9.079513449123748,1.174057320419268,5.013322262159024,5.881208638279721,7.406033903517176
72.39338797055146,123.02710044198898,9.08104889211851,0.9893689130578948,5.442544557622337,5.904527942292115,7.407019259155117
72.4100569523545,123.06380835766939,9.082584624972895,0.6535256418059479,5.035812548329462,6.209833139714929,7.408004670451268
72.42672593415752,123.10052031312334,9.084120647650373,0.7897261782281159,5.435023172975168,5.580838987985927,7.4089901375789875
72.44339491596055,123.13723731086154,9.085656960112217,0.7747474904009112,5.088048211368681,5.789572645235965,7.409975660711575
72.46006389776358,123.17396020275847,9.087193562317518,0.4677443527657223,4.888505630300114,5.67490525943827,7.410961240022271
72.4767328795666,123.21068969005255,9.088730454223166,0.59605794254439,5.696722549558727,5.548299978305707,7.411946875684251
72.49340186136963,123.24742632334606,9.090267635783876,0.6719435107407599,4.754757342979305,5.437425610572253,7.412932567870634
72.51007084317266,123.28417050260519,9.091805106952158,0.37680950375817845,5.41006793176636,4.633866543019737,7.413918316754474
72.52673982497569,123.32092247716004,9.093342867678341,0.7935101560775063,4.935922573636179,4.579379604469744,7.414904122508772
72.54340880677871,123.35768234570459,9.094880917910565,0.7341548975075851,5.051554284953319,4.233001673012699,7.415889985306457
72.56007778858175,123.39445005629672,9.09641925759477,0.44934823610813307,5.5303824414056875,4.259856124939101,7.416875905320405
72.57674677038477,123.43122540635815,9.097957886674715,0.8647272852874542,5.072799175679072,4.4156875839004055,7.417861882723431
72.59341575218781,123.4680080426746,9.099496805091965,0.9270169029690615,5.143427141279974,3.7181933838758723,7.418847917688286
72.61008473399082,123.50479746139554,9.101036012785894,0.8292068375481373,5.156736152879324,4.632382585580453,7.41983401038766
72.62675371579385,123.54159300803448,9.10257550969369,0.7189438404311407,4.831248879864978,4.1115653099482525,7.420820160994187
72.64342269759688,123.57839387746876,9.104115295750347,0.9020033854826534,5.020082018117367,4.568385281572603,7.421806369680436
72.66009167939991,123.61519911393958,9.105655370888673,0.9197164528566382,4.6943322077036225,5.274287731084825,7.422792636618916
72.67676066120293,123.65200761105206,9.107195735039278,0.8451104663120331,5.01670007098682,5.249700029139177,7.423778961982077
72.69342964300596,123.68881811177523,9.108736388130593,0.6186646198738346,4.4402501832501295,5.488533961887373,7.424765345942303
72.71009862480899,123.72562920844197,9.110277330088847,0.8388644866497385,4.874811220667964,5.230004157028881,7.425751788671922
72.72676760661201,123.7624393427491,9.111818560838088,1.0225976733014766,5.740695551496064,5.411282645644564,7.426738290343204
72.74343658841505,123.79924680575732,9.113360080300168,0.6641328870132253,5.203152436168196,6.076262326729891,7.4277248511283505
72.76010557021807,123.83604973789119,9.114901888394755,1.203003668179719,4.945654643905239,5.608786877411417,7.428711471199508
72.77677455202111,123.87284612893922,9.11644398503932,0.6782466612004582,5.028233909705537,5.551786581044988,7.429698150728758
72.79344353382413,123.90963381805376,9.117986370149145,0.789811244344685,4.926286652699346,5.835610490849278,7.4306848898881235
72.81011251562717,123.94641049375107,9.119529043637328,0.6487896621975237,5.221056130502335,5.024113388559786,7.431671688849568
72.82678149743019,123.98317369391134,9.12107200541477,0.8278978343561871,4.778324011936486,5.179318940299855,7.432658547784993
72.84345047923323,124.0199221131036,9.122615255401831,0.4347561604778456,5.279791972748834,4.8612322844016145,7.433645466866239
72.86011946103625,124.05666549264731,9.124158793624987,0.6739489171419641,4.820339986761673,4.612213716264342,7.43463244626508
72.87678844283928,124.0934074104791,9.125702620070543,0.5646897608118766,4.90400225266881,4.260038883767737,7.435619486153234
72.8934574246423,124.13014904412684,9.127246734703972,0.8101383405204445,4.940779286541354,4.101387043805977,7.4366065867023625
72.91012640644534,124.16689146240913,9.128791137488891,0.981916762196531,4.788049653069786,3.882562337308122,7.437593748084062
72.92679538824837,124.20363562543515,9.130335828387052,0.9121850867710517,5.039495487400491,4.359335741340241,7.438580970469867
72.94346437005139,124.24038238460493,9.131880807358346,0.30860848553865544,4.681740409720272,4.0994639750891135,7.439568254031254
72.96013335185442,124.27713248260898,9.133426074360802,1.191310742775486,4.9532730296656915,4.744453312117601,7.440555598939636
72.97680233365745,124.31388655342862,9.134971629350588,0.8419092009190359,5.517812429718789,4.593862270275146,7.441543005366367
72.99347131546048,124.35064512233582,9.136517472282012,0.6275097314349932,4.747331246436585,4.584262917478182,7.442530473482737
73.0101402972635,124.38740860589317,9.138063603107518,0.8141914362126054,4.869982903256075,5.080638519630583,7.4435180034599755
73.02680927906654,124.42417731195407,9.139610021777692,0.8179600559461953,5.120684935039908,5.264028921108047,7.444505595469254
73.04347826086956,124.46095143966244,9.141156728241251,0.6493085332453334,4.881229555954242,5.887399794940808,7.445493249681677
73.06014724267258,124.49773107945299,9.142703722445056,0.8222177414611445,5.13728353332335,5.614104182340113,7.446480966268292
73.0768162244756,124.53451621305109,9.144251004334109,0.661096028001199,5.037658092536729,5.711108153822742,7.4474687454000845
73.09348520627864,124.57130671347277,9.145798573851547,0.7016741107035999,5.279756946484038,6.208861453952607,7.448456587247978
73.11015418808167,124.60810234502472,9.147346430938642,0.6452466519991187,4.6297078585228455,5.8524024549913545,7.449444491982838
73.1268231698847,124.64490276330433,9.148894575534811,0.49592413731130863,4.835611201681738,6.044726733721634,7.450432459775462
73.14349215168772,124.68170751519969,9.150443007577607,0.8115815516203874,4.746664512924893,5.716168419028833,7.451420490796595
73.16016113349075,124.71851603888952,9.151991727002716,0.8994299534160228,4.667979318668055,4.831706675747083,7.452408585216911
73.17683011529378,124.7553276638433,9.153540733743975,0.8853025400892631,5.08950892932509,5.144659830162081,7.45339674320703
73.1934990970968,124.7921416108211,9.155090027733346,0.9462665723964843,4.36916979182239,5.069999465655532,7.454384964937509
73.21016807889984,124.82895699187368,9.156639608900937,0.8471052111105108,5.050339690225239,4.874936934864862,7.4553732505788455
73.22683706070286,124.86577281034256,9.158189477174991,0.6756476629533541,5.525329693899864,4.571476856627643,7.456361600301469
73.2435060425059,124.90258796085985,9.159739632481894,0.9500810752317247,4.888144424622511,4.4962429268633874,7.4573500142757565
73.26017502430892,124.93940122934839,9.161290074746166,0.5106002803938736,5.184070140587867,4.1238707183299335,7.458338492672017
73.27684400611196,124.97621129302165,9.162840803890465,0.6019249441530365,4.145101474185628,4.049032258338723,7.459327035660504
73.29351298791498,125.01301672038383,9.164391819835593,0.5891745849491419,5.05380798810853,4.348675124685804,7.460315643411404
73.31018196971802,125.04981597122975,9.165943122500483,0.9979811359333948,4.585972385841637,4.162424745653614,7.461304316094848
73.32685095152104,125.08660739664504,9.167494711802213,0.9704828981072812,4.846142074001697,5.305329644445973,7.462293053880899
73.34351993332407,125.12339100112744,9.169046587664415,0.8793414601725082,4.227585632391404,5.067680251206989,7.463281856939565
73.3601889151271,125.16017260554521,9.170598750057012,0.9962215496091498,5.088627682661129,5.775296107991892,7.464270725440785
73.37685789693013,125.19695353302683,9.172151198950765,0.6059341302152503,4.790729305441584,5.21569525368648,7.465259659554441
73.39352687873316,125.23373450374218,9.173703934312815,0.851464767136827,4.9158700224315375,6.049886976016854,7.466248659450358
73.41019586053618,125.27051617324553,9.17525695610824,0.7566658602996653,4.7360837597780865,5.645592326371041,7.467237725298295
73.42686484233921,125.30729913247511,9.176810264300062,0.9510321159182017,4.486780900263167,5.399953522779702,7.468226857267954
73.44353382414224,125.34408390775343,9.178363858849234,0.7585657441575332,4.498058762277646,6.187719256548256,7.469216055528969
73.46020280594527,125.38087096078714,9.179917739714654,0.7045768548831327,4.873032571325469,5.8775978272568,7.470205320250921
73.4768717877483,125.41766068866703,9.18147190685315,0.8897019245535457,4.223833219716278,5.401359851684495,7.471194651603319
73.49354076955133,125.45445342386807,9.183026360219495,0.9567087889434256,4.677630582405989,5.107343795076139,7.47218404975562
73.51020975135435,125.4912494342494,9.184581099766401,0.6477605975959027,5.08150115638764,4.9788421828130165,7.473173514877213
73.52687873315737,125.5280489230543,9.186136125444511,0.7691691297597549,6.016909629804273,4.6701863906680305,7.474163047137425
73.5435477149604,125.56485202891024,9.187691437202417,0.569650711180391,4.880110812725175,4.176934076309375,7.4751526467055305
73.56021669676343,125.60165882582886,9.189247034986641,0.2816811547107997,4.392339695225526,4.151137396164647,7.47614231375073
73.57688567856646,125.63846932320592,9.190802918741646,0.8213397512236355,4.756263022735607,4.79411642479048,7.477132048442166
73.59355466036949,125.67528346582138,9.19235908840983,0.9029833093628253,4.850859451992993,5.0164494503556805,7.478121850948928
73.61022364217251,125.71210113383937,9.193915543931535,0.8335699595484422,4.68088063330574,4.769386119352758,7.479111721440031
73.62689262397554,125.7489221428081,9.195472285245037,0.39119856025630206,4.899734226745927,4.598318312650612,7.480101660084436
73.64356160577857,125.78574624366003,9.197029312286553,0.7108952703335413,4.940494823051842,4.561169657182562,7.481091667051042
73.6602305875816,125.82257312271182,9.198586624990236,0.3373498033545752,5.042910593568283,4.66372834144346,7.482081742508685
73.67689956938463,125.85940240166417,9.200144223288179,1.0549137223946006,4.719385051173888,4.933668754364525,7.483071886626137
73.69356855118765,125.896233637602,9.201702107110412,0.5637166764308674,5.421409876991726,5.222527104607362,7.484062099572113
73.71023753299069,125.93306632299443,9.203260276384903,1.031962353237677,4.8127505087379285,6.230970248973735,7.485052381515262
73.72690651479371,125.96989988569472,9.20481873103756,0.9700095450829845,4.3439256682374285,6.26727889688328,7.486042732624174
73.74357549659675,126.00673368894027,9.20637747099223,0.6006714773574084,5.327272661313585,6.018024691570834,7.487033153067378
73.76024447839977,126.04356703135267,9.207936496170696,0.5541864356563183,4.1813399537183065,5.496946697137077,7.488023643013337
73.7769134602028,126.08039914693764,9.209495806492678,0.8507712937679458,4.484728292272132,5.967161668350158,7.489014202630457
73.79358244200583,126.1172292050851,9.211055401875837,0.6117862141792326,4.768653665508536,5.473308199970982,7.490004832087081
73.81025142380886,126.1540563105691,9.212615282235772,0.801101667725819,6.04777604747234,4.691286244517228,7.490995531551491
73.82692040561189,126.1908795035479,9.214175447486019,0.6839928853731,5.229430845329211,5.1825995240219465,7.4919863011919015
73.84358938741492,126.2276977595639,9.215735897538053,0.424280331452463,5.32899397263427,4.593729984799425,7.492977141176476
73.86025836921795,126.2645113408414,9.217296632297776,0.3343719679114381,4.656870111466064,4.368771423540276,7.493968051673301
73.87692735102097,126.30132269658311,9.218857651709099,0.8257559254144682,4.978548596951447,4.339018777801729,7.494959032850409
73.893596332824,126.33813267552122,9.220418955752923,0.6680609770259756,4.982264156259117,4.124961753223341,7.495950084875774
73.91026531462703,126.37494202481905,9.22198054440786,0.6697079600920243,5.0253068452915794,4.195539681144751,7.496941207917304
73.92693429643006,126.41175143346058,9.223542417649764,0.9194520350914309,4.859149373992648,4.190237256825036,7.497932402142853
73.94360327823308,126.44856153225038,9.225104575451724,1.014921013020944,4.771990704858533,3.7381820568518083,7.498923667720207
73.96027226003612,126.48537289381376,9.22666701778406,0.725676850476728,4.773627578998969,4.911445752783515,7.499915004817091
73.97694124183913,126.52218603259651,9.228229744614328,0.7120192370635114,4.686432414320293,4.368114528115201,7.500906413601168
73.99361022364216,126.55900140486523,9.229792755907328,0.8801207154153289,4.928567711619783,4.618157727616492,7.501897894240038
74.01027920544519,126.59581940870704,9.231356051625088,0.5086580718593059,4.913878789181649,5.055472723600166,7.502889446901243
74.02694818724822,126.63264038402978,9.232919631726869,0.8246288204239656,4.76912592634833,5.35661716499594,7.503881071752257
74.04361716905125,126.66946461256178,9.234483496169176,0.8903283741915445,4.891628860065264,6.023790445188922,7.504872768960496
74.06028615085428,126.70629231785219,9.236047644905742,0.915950138549766,3.3160812431529036,5.806515399264476,7.505864538693312
74.0769551326573,126.74312366527066,9.237612077887542,0.3925064201002788,4.8945826638020895,5.964164865647378,7.506856381117993
74.09362411446033,126.77995876200752,9.23917679506278,0.627538717077897,5.025798586250035,5.8673572130471845,7.507848296401766
74.11029309626336,126.81679765707376,9.240741796376899,0.6041098776272736,5.285647291766162,5.768343881869646,7.5088402847118
74.12696207806638,126.85364034130099,9.24230708177258,0.7996926229484569,4.765294905793117,5.6373007264446136,7.509832346215196
74.14363105986942,126.89048674734144,9.243872651189731,0.8758167986262305,4.870413116591604,4.756735526965665,7.5108244810789975
74.16030004167244,126.927336749668,9.24543850456551,1.0789625615082392,4.993348693951831,5.020800617129623,7.511816689470179
74.17696902347548,126.96419016457415,9.247004641834293,0.6805799280412542,5.286138671973272,5.194297067181958,7.512808971555662
74.1936380052785,127.0010467501741,9.248571062927704,0.6800110153073062,4.626839144201029,5.793276686663869,7.513801327502298
74.21030698708154,127.03790620640261,9.250137767774598,1.0094123563666806,4.778895682258322,4.052373255702655,7.51479375747688
74.22697596888456,127.07476817501507,9.25170475630107,0.8387457246953338,5.584772297188898,4.401088753894206,7.515786261646139
74.2436449506876,127.11163223958759,9.253272028430441,1.0329129704108366,4.265087634323531,4.034419010183948,7.516778840176741
74.26031393249062,127.14849792551685,9.254839584083278,0.8370805467538835,4.510454477220168,4.829366585288311,7.517771493235293
74.27698291429365,127.18536470002016,9.256407423177379,0.5478638471917302,5.405850820848484,3.8951297059152097,7.518764220988339
74.29365189609668,127.22223197213549,9.257975545627774,0.5126136715741828,4.829578731974692,4.643355843610764,7.519757023602358
74.31032087789971,127.2590990927215,9.259543951346737,0.4688890111353184,5.003621815803141,4.241597649769515,7.520749901243772
74.32698985970273,127.29596535445735,9.261112640243768,0.9115538931472776,4.640481678862136,4.809000449502649,7.521742854078935
74.34365884150576,127.33282999184297,9.262681612225608,1.0168149029017106,4.431896495127915,5.144429804216399,7.522735882274144
74.3603278233088,127.36969218119887,9.264250867196232,1.1489199254996976,4.475033257530169,5.7106350443101,7.523728985995632
74.37699680511182,127.40655104066616,9.265820405056855,0.9476204694837164,4.8532036646276415,5.263421469423313,7.524722165409566
74.39366578691485,127.44340563020668,9.26739022570592,1.0115189711904067,4.424875741714742,5.924996881185156,7.525715420682057
74.41033476871787,127.4802549516028,9.268960329039112,0.6628997886938768,4.756007985152223,5.799941978250125,7.526708751979149
74.4270037505209,127.51709796442628,9.270530714949862,0.5475716383030889,4.465630885020737,5.866699481394268,7.527702159466825
74.44367273232392,127.5539348749341,9.272101383375974,0.9488223614578492,5.104865292626567,5.986065205913977,7.528695643311
74.46034171412695,127.59076721722342,9.273672334311774,0.8622942856491279,4.685460018343439,5.1591030199256105,7.529689203677529
74.47701069592998,127.62759634824172,9.275243567747985,0.8001985972099764,4.675734242982693,5.579100698933903,7.530682840732209
74.49367967773301,127.66442353207674,9.276815083671988,0.8561355525318064,4.335590930747736,4.924411463476588,7.53167655464078
74.51034865953604,127.70124993995627,9.278386882067814,0.8432498338923503,4.151995394881358,5.173695725065166,7.532670345568909
74.52701764133907,127.73807665024833,9.279958962916155,1.0353275373082522,4.72069450999345,4.710334901582461,7.533664213682212
74.5436866231421,127.77490464846102,9.281531326194353,1.037512657188342,4.614537748987009,4.350332627244723,7.534658159146233
74.56035560494512,127.81173482724262,9.283103971876406,0.8873109325402715,5.751666735473651,4.096863648669245,7.5356521821264595
74.57702458674815,127.84856798638158,9.284676899932972,0.9475787054011493,4.238622611670425,4.4526383435600625,7.53664628278831
74.59369356855117,127.88540483280649,9.286250110331356,0.8811818571682711,4.426733940665997,4.593491709976205,7.537640461297146
74.61036255035421,127.92224598058608,9.287823603035521,0.6860865630588255,4.713677892952876,4.14174935360645,7.538634717818261
74.62703153215723,127.9590919509292,9.28939737800609,0.9295845542277924,4.676156288550965,4.116484081669399,7.53962905251689
74.64370051396027,127.99594317218492,9.290971435200337,0.49932366225901936,4.156850471611135,4.872657983256926,7.5406234655582045
74.66036949576329,128.0327999798424,9.292545774572188,0.9889519902913685,4.48062695194784,4.470704446769817,7.54161795710731
74.67703847756633,128.06966261653093,9.29412039607223,0.5392200427052488,4.348313600819506,4.763755058608893,7.542612527329252
74.69370745936935,128.10653123202002,9.2956952996477,0.8352361858779509,4.567219767553662,5.071527080834085,7.5436071763890125
74.71037644117239,128.14340588321932,9.297270485242493,0.6089955817379564,4.842700172401277,5.462410942666787,7.544601904451512
74.72704542297541,128.18028653417855,9.298845952797159,0.8886549619952542,4.729207404054696,5.325375449628559,7.545596711681604
74.74371440477844,128.2171730560877,9.300421702248899,0.7711428592143352,4.958447893745742,5.212751524169806,7.546591598244084
74.76038338658147,128.25406522727678,9.301997733531573,0.4589273988585475,4.865099738472538,5.444092718071362,7.547586564303682
74.7770523683845,128.29096273321608,9.303574046575699,0.861969149867347,5.180909782204905,5.890967177732812,7.548581610025067
74.79372135018752,128.3278651665159,9.30515064130844,0.6621956485600878,4.465857612851907,5.161894544201959,7.549576735572843
74.81039033199055,128.3647720269268,9.306727517653625,0.9539596754522353,4.5293520431956225,5.233207484965438,7.55057194111155
74.82705931379358,128.40168272133943,9.308304675531733,0.777945943508749,4.975210116702009,5.678399142504941,7.5515672268056715
74.8437282955966,128.43859656378464,9.309882114859896,0.8567154244305873,4.473417066383788,4.829496522248048,7.552562592819621
74.86039727739964,128.47551277543337,9.311459835551902,0.5860678050692971,5.458778935725863,4.7121174330482045,7.553558039317755
74.87706625920265,128.51243048459673,9.313037837518197,0.6596654656439264,4.785911403492343,4.128904789464338,7.554553566464359
74.89373524100569,128.54934872672607,9.314616120665882,0.6857544477134022,4.436933905039612,4.9226211222380964,7.555549174423668
74.91040422280871,128.58626644441267,9.316194684898708,0.9487728811429836,4.5519252334385465,4.0431789653194175,7.556544863359841
74.92707320461174,128.62318248738825,9.317773530117085,1.1128579599825388,4.306041610201377,4.146910587029842,7.557540633436985
74.94374218641477,128.6600956125244,9.31935265621808,0.616298296575441,4.381341112603044,4.69706323297256,7.558536484819137
74.9604111682178,128.69700448383304,9.320932063095407,0.9926523275432366,4.563533691794669,4.402378246936374,7.559532417670274
74.97708015002083,128.7339076724662,9.322511750639446,0.34329721394886537,4.869227935762176,4.67939525157741,7.560528432154311
74.99374913182386,128.770803656716,9.324091718737222,0.5383447633619967,4.324690615750461,4.821450584768051,7.561524528435099
75.01041811362688,128.80769082201473,9.325671967272418,0.5853768456432233,4.86650205206885,5.073643944525265,7.562520706676424
75.0270870954299,128.84456746093494,9.327252496125379,0.5065806395157757,4.9305753430332375,5.5020970931038,7.563516967042014
75.04375607723294,128.88143185658043,9.328833305175888,0.4603144872025158,4.518271342168859,5.753403167460041,7.5645133096955295
75.06042505903596,128.918289130166,9.330414394528901,0.8595816825860354,5.411804431021782,5.533592983648138,7.5655097348005675
75.077094040839,128.95514417122783,9.331995764271172,0.7341180428632523,4.760537640509242,5.564649590758978,7.566506242520661
75.09376302264202,128.99199826370912,9.33357741436805,0.8527622914416827,4.907230083562935,5.601849062810289,7.567502833019283
75.11043200444506,129.02885257975416,9.335159344782642,0.914925325927879,4.301898980879015,5.277507559877541,7.568499506459848
75.12710098624808,129.06570817970845,9.336741555475799,0.8299037114016811,4.6865525987184276,5.065716012391585,7.569496263005701
75.14376996805112,129.10256601211876,9.338324046406127,0.908282419351142,5.1916325970679615,5.423804458474221,7.570493102820127
75.16043894985414,129.13942691373308,9.339906817529972,0.7627727455264234,4.610702533071204,5.375274957238081,7.571490026066348
75.17710793165718,129.17629160950054,9.341489868801444,0.5392298910770886,5.339884508691065,5.104877540528452,7.572487032907521
75.1937769134602,129.21316071257152,9.343073200172391,0.98814071818495,4.6481709851817765,3.8941515766701444,7.573484123506738
75.21044589526323,129.2500347242977,9.344656811592417,0.6587047160759637,4.716804297023103,4.338723369432633,7.57448129802703
75.22711487706626,129.28691403423184,9.346240703008874,0.5893570908296107,4.768861764165513,3.9426588595369942,7.575478556631366
75.24378385886929,129.32379892012798,9.347824874366866,0.740841930719304,4.7541239801830555,4.248606615377805,7.576475899482648
75.26045284067231,129.36068954794138,9.34940932560924,0.5938124246768326,4.02713748517588,4.090131322473115,7.577473326743716
75.27712182247534,129.39758597182845,9.350994056676601,0.6928375821617571,4.782484732885016,4.479860546920216,7.578470838577349
75.29379080427837,129.43448813414693,9.3525790675073,0.8450834402731044,4.556591804370247,4.451665475971146,7.579468435146257
75.3104597860814,129.47139586545566,9.354164358037439,0.8458899485973767,4.194765425252493,4.096862249867451,7.580466116613091
75.32712876788443,129.50830888451475,9.355749928200868,0.5966044796474607,5.003977428478103,4.616524742427645,7.581463883140439
75.34379774968744,129.5452267982855,9.357335777929187,0.6785782579337011,4.532658301937981,5.15851394154412,7.5824617348908205
75.36046673149048,129.58214910193047,9.358921907151752,0.9909347204845333,4.160168158889592,5.4185886471819815,7.5834596720267
75.3771357132935,129.61907517881343,9.36050831579566,0.8752968775102313,4.575259123596456,5.166290843965099,7.584457694710469
75.39380469509653,129.65600430049926,9.36209500378576,1.190978543701797,3.959185635122735,5.265921545100138,7.585455803104462
75.41047367689956,129.69293562675418,9.363681971044654,1.0119397998945,4.922324996892057,5.8114289542993856,7.586453997370949
75.42714265870259,129.72986820554553,9.365269217492694,1.0047213556275305,4.350300071677119,5.363353013082119,7.587452277672134
75.44381164050561,129.76680097304197,9.366856743047979,0.4982375560587665,4.83037087211432,5.196953324946996,7.588450644170161
75.46048062230865,129.80373275361322,9.368444547626359,0.9285318081858346,4.7021946533663,5.408789846750349,7.5894490970271065
75.47714960411167,129.8406622598304,9.370032631141433,0.765086796713643,4.343474011041458,5.187486157935421,7.590447636404988
75.4938185859147,129.8775880924657,9.37162099350455,0.6654601630337251,4.707971199049292,4.829482614200645,7.591446262465757
75.51048756771773,129.91450874049255,9.373209634624814,0.8092079060405385,4.220067586671204,4.631758176061887,7.592444975371302
75.52715654952075,129.95142258108564,9.374798554409068,0.964595406563138,5.670484123452129,4.612290796097304,7.593443775283448
75.54382553132379,129.98832787962087,9.376387752761916,0.8756676270724959,4.657607748804092,4.19572057277456,7.5944426623639565
75.56049451312681,130.0252248328944,9.377977229602308,0.5997547053679206,4.484297022852536,4.294203886378818,7.595441636774524
75.57716349492985,130.06211982059324,9.379566984918496,0.9238893526632754,4.403922659779663,4.091263500392519,7.596440698676781
75.59383247673287,130.09901420356238,9.38115701868002,0.6478281133916001,4.534480836408701,4.265910408095858,7.5974398482322965
75.61050145853591,130.13590873972908,9.382747330850702,0.8186302450252072,4.421833403492788,4.566090521628767,7.598439085602579
75.62717044033893,130.1728041178979,9.384337921392067,0.7145715547358986,4.729651573599178,4.709699052727305,7.599438410949076
75.64383942214197,130.20970095775056,9.385928790263344,0.7314162124665073,3.962476794334063,5.0527604159134984,7.600437824433166
75.66050840394499,130.24659980984612,9.38751993742146,0.9283858999972959,4.596281199592279,5.158788067708463,7.601437326216166
75.67717738574802,130.2835011556208,9.389111362821042,0.5670463508047631,4.557334029450252,5.229030296285784,7.602436916459329
75.69384636755105,130.32040540738802,9.390703066414423,1.1640718470152078,4.509516762509811,5.262134757408805,7.60343659532384
75.71051534935408,130.3573129083385,9.39229504815163,0.4107633033158835,4.550498709137893,5.472138837099912,7.604436362970829
75.7271843311571,130.39422393254017,9.393887307980394,0.6553946131718186,4.499769560748083,5.463817653696563,7.605436219561351
75.74385331296013,130.4311386849382,9.395479845846154,0.8489181081021641,4.750068446211506,5.795995160510715,7.606436165256406
75.76052229476316,130.46805730135497,9.397072661692041,0.8916860913449047,4.769703054599803,5.993532166379325,7.607436200216924
75.77719127656619,130.50497984849008,9.398665755458891,0.7546755895505227,4.736297088743425,5.479499729435804,7.6084363246037725
75.79386025836921,130.5419063239204,9.400259127085238,0.7632400163445726,4.298456710234904,5.5306531404088375,7.609436538577757
75.81052924017223,130.5788366561,9.401852776507324,0.8567755449734312,4.6942238981189535,5.130176733309331,7.610436842299619
75.82719822197527,130.61577070436024,9.403446703659089,0.7283989510724305,4.174322832641581,5.155115526729922,7.611437235930032
75.84386720377829,130.65270825890966,9.40504090847217,1.0531963645100708,4.7720241535331835,4.6773796780764,7.61243771962961
75.86053618558132,130.689649040834,9.406635390875909,0.94237714984164,5.193118830426398,4.385678326762943,7.6134382935588985
75.87720516738435,130.7265927020963,9.408230150797348,0.9490193589918359,4.460384651196429,4.207306431819534,7.614438957878383
75.89387414918738,130.7635388255368,9.40982518816123,0.581170253645237,4.405329230738454,4.423702299497488,7.615439712748484
75.9105431309904,130.80048692487298,9.411420502890003,0.7584709707100854,4.399058091650245,4.176298522112303,7.616440558329556
75.92721211279344,130.8374364446995,9.413016094903808,0.7142024708723675,4.97133091691649,4.08722642335277,7.6174414947818905
75.94388109459646,130.87438676048842,9.414611964120498,0.5731223382673665,4.570201708024865,4.38139261093871,7.618442522265719
75.96055007639949,130.91133717858878,9.416208110455617,0.8462223507567355,4.669607663003641,4.334083542817027,7.619443640941198
75.97721905820252,130.94828693622705,9.417804533822416,0.6666072107576244,4.728256723519411,5.004887353149988,7.620444850968435
75.99388804000554,130.98523520150684,9.419401234131845,0.9051639244234466,4.575276037568675,4.615877717484688,7.62144615250746
76.01055702180858,131.02218107340903,9.420998211292554,0.5599915898182817,4.543498606179094,5.10205609275673,7.622447545718249
76.0272260036116,131.0591235817917,9.4225954652109,1.1177847167233408,4.879291511805045,4.971343113755671,7.623449030760705
76.04389498541464,131.09606168739023,9.424192995790934,0.5946567020186244,4.369363790444037,5.484877575778168,7.6244506077946745
76.06056396721766,131.13299433914187,9.425790802933985,0.8177302885935774,4.554633127400843,5.223551031867719,7.625452276979936
76.0772329490207,131.16992330252273,9.42738888654064,0.9321882184921226,4.4946292326538995,6.0186117448124605,7.626454038476197
76.09390193082372,131.20685049387845,9.428987246573177,0.6596347534902524,4.767333138276469,6.014129173279278,7.6274558924431055
76.11057091262676,131.2437766971371,9.430585883010272,0.9442029991975698,4.422578480716861,5.932108388726057,7.628457839040251
76.12723989442978,131.28070263749174,9.432184795827535,0.5278189298067414,4.41616366991781,5.549966326795398,7.629459878427156
76.14390887623281,131.3176289813999,9.433783984997515,1.0640255159445335,4.504857943223433,5.068789443143491,7.630462010763284
76.16057785803584,131.35455633658404,9.435383450489697,0.7763781037379434,4.259063555913549,4.851513438017032,7.631464236208026
76.17724683983887,131.39148525203115,9.436983192270503,0.6542121916935909,3.807720575547172,5.300561860218366,7.632466554920715
76.1939158216419,131.42841621799298,9.438583210303293,0.7136042892605011,4.816350572321374,5.037626347276389,7.6334689670606135
76.21058480344492,131.4653496659861,9.440183504548358,0.9351706160094503,4.541178908791822,4.447590432252691,7.634471472786926
76.22725378524795,131.50228596879177,9.441784074962937,0.6564417700822957,4.721146142920801,4.117722898605775,7.635474072258783
76.24392276705096,131.53922544045577,9.443384921501192,0.6234073048361343,4.77595864934909,4.615830258353615,7.63647676563526
76.260591748854,131.57616833628893,9.444986044114234,0.7289174854293591,4.2473392951291595,4.007540172214405,7.637479553075366
76.27726073065702,131.61311485286652,9.446587442750104,0.5377782925849314,3.850143413625891,4.3719689617453685,7.638482434738036
76.29392971246006,131.65006512802864,9.44818911735378,1.1372253548978086,4.475122361480343,4.864539721161217,7.639485410782152
76.31059869426308,131.68701924088012,9.449791067867178,0.6597834612250343,4.306860645991843,4.4166653993117455,7.6404884813665275
76.32726767606611,131.72397721179044,9.451393294229153,0.9393314908609265,4.290625754408619,5.157498274289641,7.641491646649905
76.34393665786914,131.76093900239388,9.452995796375491,0.8148478525199312,4.445724026332203,5.315000174664052,7.642494906790971
76.36060563967217,131.79790451558932,9.45459857423892,0.5759926758785183,4.201643524464938,5.381525849944639,7.643498261948344
76.3772746214752,131.83487359554053,9.456201627749104,0.7716541423462561,4.313201346537105,5.291382144377968,7.644501712280576
76.39394360327823,131.87184602767584,9.457804956832641,0.9295911863045566,4.249277759111398,5.510400034568727,7.645505257946157
76.41061258508125,131.90882153868833,9.459408561413069,0.7350838577288358,4.214945722922816,5.8816319193698625,7.646508899103511
76.42728156688428,131.94579979653588,9.461012441410858,1.0113041562804579,4.546266520861875,5.357038527773472,7.647512635910996
76.44395054868731,131.982780410441,9.46261659674342,0.976930036101635,4.170931547205616,5.735737289787484,7.648516468526908
76.46061953049033,132.01976293089092,9.464221027325102,0.9563552669931928,4.55400761025209,5.703105550355395,7.649520397109475
76.47728851229337,132.05674684963762,9.465825733067188,0.6805862282148567,5.25033876097217,5.6276815255556345,7.650524421816866
76.49395749409639,132.0937315996978,9.467430713877896,0.5564943278231718,4.603656007303474,4.671414835455621,7.651528542807179
76.51062647589943,132.13071655535288,9.469035969662384,0.6496904791294369,3.894977578955528,5.235700103921974,7.65253276023845
76.52729545770245,132.16770103214895,9.470641500322747,0.811601319280819,5.114734076294295,5.11492428180412,7.653537074268649
76.54396443950549,132.20468428689688,9.472247305758014,0.881455552932827,4.583288509224178,4.533397249157758,7.6545414850556845
76.56063342130851,132.2416655176722,9.473853385864151,0.33792895649700844,4.454538083123819,3.9607085301316216,7.655545992757398
76.57730240311155,132.27864386381518,9.475459740534063,0.7705655725038197,4.733518950964872,4.106730938278631,7.656550597531565
76.59397138491457,132.3156184059308,9.477066369657594,0.8037509814326873,4.2424820876282485,4.201750722670361,7.657555299535897
76.6106403667176,132.3525881658888,9.478673273121515,0.7165691568221181,3.614362321459584,4.384796721781854,7.658560098928044
76.62730934852063,132.38955210682354,9.480280450809547,1.0302775957913783,4.370422011283273,4.466061528965047,7.659564995865588
76.64397833032366,132.42650974999975,9.481887902620546,0.8563236109376552,5.290246715713859,4.752551709479109,7.660569990506039
76.66064731212668,132.46346250629009,9.48349562853201,1.0339506940097616,4.104935143309582,4.882200875927447,7.661575083006843
76.6773162939297,132.50041174949965,9.485103628537457,0.7286648728469877,4.4293894393453686,5.239048332582681,7.662580273525388
76.69398527573274,132.53735875201494,9.486711902626483,0.9592970881697601,4.442394109127839,5.255831618964374,7.6635855622190014
76.71065425753575,132.57430469516618,9.488320450784913,1.0987594295636567,4.380429115200928,5.488428090807862,7.664590949244942
76.72732323933879,132.6112506692274,9.489929272994786,1.0340293497514572,4.20322309223612,5.555214138523188,7.665596434760405
76.74399222114181,132.64819767341618,9.491538369234357,0.5532067987095127,4.4364163648482835,6.370053661895479,7.66660201892252
76.76066120294485,132.68514661589398,9.493147739478106,0.720844307655257,4.215983229769652,6.22307072790427,7.667607701888347
76.77733018474787,132.7220983137659,9.494757383696728,0.7024909361229745,3.7887155020863945,5.862758653986206,7.668613483814887
76.7939991665509,132.75905349308078,9.496367301857138,0.8693190865687241,4.432702646793921,5.937868214761194,7.669619364859072
76.81066814835393,132.7960127888312,9.497977493922475,0.9086831411988209,4.943225715192382,5.57101853157217,7.6706253451777675
76.82733713015696,132.83297674495338,9.499587959852088,0.6035780943457705,4.59935528847646,5.1446095665533305,7.671631424927777
76.84400611195998,132.86994581432742,9.501198699601552,0.7848684792124834,4.115418124166116,4.388470304840915,7.672637604265834
76.86067509376302,132.90692035877694,9.50280971312266,0.3672594056098574,3.853153118522629,4.527058374817658,7.67364388334861
76.87734407556604,132.94390064906946,9.504421000363426,1.0595779171579092,4.377718930080961,4.309368754082172,7.674650262332709
76.89401305736907,132.98088686491613,9.506032561268073,0.6686580601737525,5.176988905181874,3.9319111028244444,7.675656741374672
76.9106820391721,133.01787909497185,9.507644395777058,0.7822496369553303,4.538991013641925,3.7592361411179547,7.676663320630972
76.92735102097512,133.05487733683515,9.509256503827046,0.7090907952426139,4.649851281782035,4.3639850729453,7.677670000258017
76.94402000277816,133.09188149704846,9.510868885350925,1.0001700904838455,4.785992967289127,4.401352966162244,7.6786767804121485
76.96068898458118,133.12889139109777,9.512481540277806,0.2034070730404598,4.428686300069945,4.109762914535549,7.679683661249645
76.97735796638422,133.1659067434129,9.51409446853301,0.767530027102069,4.449023517869728,4.445074084827812,7.680690642926721
76.99402694818724,133.2029271873673,9.515707670038086,0.7496320267342838,4.531189486239779,5.258485358601971,7.681697725599518
77.01069592999028,133.23995226527822,9.517321144710795,0.6800121318120415,4.187684504215045,4.896891396979522,7.682704909424119
77.0273649117933,133.27698142840657,9.518934892465127,1.1159282979947764,3.759380169121721,5.4458358490685566,7.6837121945565405
77.04403389359634,133.31401403695702,9.520548913211279,0.5931606250852292,4.444513820147055,5.533422048469938,7.68471958115273
77.06070287539936,133.35104936007795,9.522163206855675,0.9249292287544654,4.991294501927768,5.880219903477137,7.685727069368572
77.0773718572024,133.38808657586148,9.523777773300957,0.8417639759724801,4.132925684337345,5.538122104276257,7.686734659359888
77.09404083900542,133.42512477134338,9.525392612445986,1.0227606421460513,4.670522041471754,5.810785863987905,7.687742351282429
77.11070982080845,133.46216294250323,9.527007724185838,0.6369622965856705,5.111563106620683,5.746442904774567,7.688750145291882
77.12737880261147,133.49919999426427,9.528623108411812,0.6237496041239752,4.368956295071722,5.60881460633586,7.68975804154387
77.1440477844145,133.53623474049354,9.530238765011429,0.9895005843678979,3.9616216031413196,5.354566690926484,7.690766040193951
77.16071676621752,133.57326590400166,9.531854693868423,0.8552940319890806,4.391364745830229,5.192917207050968,7.691774141397613
77.17738574802054,133.61029211654312,9.533470894862752,0.461185416976119,4.163422487708475,5.49698872090798,7.692782345310286
77.19405472982358,133.64731191881606,9.53508736787059,0.662254947955834,4.088752149650436,5.37348950154603,7.693790652087327
77.2107237116266,133.68432376046238,9.536704112764331,0.8473354947145655,4.396810175486145,4.2176440718223525,7.694799061884032
77.22739269342964,133.7213260000676,9.538321129412592,0.9375547699210365,3.561048388314501,3.576071865523905,7.69580757485563
77.24406167523266,133.75831690516105,9.5399384176802,0.6340987052210558,4.040958491175926,4.383655117960446,7.696816191157286
77.2607306570357,133.79529744372442,9.541555977537008,0.18703649673622114,4.358264275314431,4.272184976801824,7.697824910944092
77.27739963883872,133.83227476046108,9.543173809183136,0.8744751392898954,4.339236482564432,4.622658757674654,7.698833734371075
77.29406862064175,133.8692505615802,9.5447919125977,0.5257091202103812,4.377758345220737,4.545963135215746,7.6998426615932045
77.31073760244477,133.90622608821246,9.546410287743258,0.36624820325609136,5.273933199430389,4.6870545410292745,7.700851692765381
77.32740658424781,133.9432024687307,9.548028934579813,0.20319343120076383,4.364936563443577,5.249484497412981,7.70186082804244
77.34407556605083,133.9801807187501,9.549647853064808,0.9323973902007006,4.556735148538508,5.54151855233087,7.70287006757915
77.36074454785386,134.01716174112792,9.551267043153135,0.7952672588631788,3.908894139826827,4.979235392243962,7.703879411530214
77.37741352965689,134.05414632596373,9.552886504797128,0.7243549919291818,4.405147312873172,5.34584466492973,7.704888860050269
77.39408251145991,134.0911351505993,9.554506237946557,1.0472335886329949,4.0725227134001205,5.696921592069591,7.705898413293885
77.41075149326295,134.12812877961866,9.556126242548647,0.8968360493041914,4.346601289465765,5.824563680218913,7.706908071415566
77.42742047506597,134.16512766484794,9.557746518548058,1.0925734666043883,4.289517454287327,5.71582559136038,7.707917834569752
77.44408945686901,134.20213214535568,9.559367065886901,0.4907086576993075,4.780778731093735,5.825743489469049,7.708927702910811
77.46075843867203,134.23914244745248,9.560987884504726,0.7622878701378787,4.205409460448765,5.838076238983377,7.70993767659305
77.47742742047507,134.27615868469118,9.562608974338525,0.44579751146929536,3.190460022785176,5.847021598390308,7.710947755770709
77.49409640227809,134.31318085786697,9.56423033532274,0.7232058603633028,4.274099602950824,5.262514441974753,7.711957940597959
77.51076538408113,134.35020885501714,9.565851967389252,0.7193012450128486,4.48776766599544,4.583073554196518,7.712968231228907
77.52743436588415,134.38724245142123,9.567473870467383,0.8942891810179046,4.382488630299174,4.5602802194314895,7.713978627817593
77.54410334768718,134.424281309601,9.569096044483906,0.778021216371133,4.425917792999192,4.386332483936836,7.714989130517991
77.5607723294902,134.4613249793205,9.570718489363033,0.8935318031656039,4.527967957051505,4.4256484914059,7.715999739484008
77.57744131129324,134.49837289758585,9.572341205026419,0.9094802863047295,4.1877417040436615,4.3213792476082515,7.717010454869488
77.59411029309626,134.53542438864557,9.573964191393165,1.199719828132439,3.462491078829964,4.831568801001643,7.718021276828203
77.61077927489927,134.5724786639902,9.57558744837981,0.7056165434000529,4.200241340819542,4.166237319729418,7.719032205513862
77.62744825670231,134.60953482235277,9.57721097590035,0.5804130649591629,4.396565784811576,4.576438293145384,7.72004324108011
77.64411723850533,134.6465918497083,9.578834773866209,0.8177760076356726,4.105614579253559,5.376522752687696,7.721054383680521
77.66078622030837,134.68364861927412,9.580458842186266,0.6080449074803316,4.303848576168584,4.7359443595118424,7.722065633468606
77.67745520211139,134.7207038915098,9.582083180766835,1.0648346437984106,4.448639732148713,5.205112886875561,7.723076990597807
77.69412418391443,134.75775631411707,9.583707789511681,0.7117404084030595,3.84768861170693,5.112346190483011,7.724088455221506
77.71079316571745,134.7948044220399,9.585332668322009,0.6552102175875859,4.348562776940306,5.615923123626,7.725100027493008
77.72746214752048,134.8318466374646,9.586957817096467,0.6740037708028592,5.100684543291514,5.494822398098297,7.726111707565563
77.7441311293235,134.86888126981947,9.588583235731148,0.9118917725096857,4.249650861711447,6.109150051437306,7.7271234955923465
77.76080011112654,134.90590651677545,9.590208924119597,0.7366002128740757,3.873869850628033,5.827675344788678,7.728135391726472
77.77746909292956,134.942925654842,9.591834882205138,0.6397575161332272,4.252984871029027,5.414516832869119,7.729147396120979
77.7941380747326,134.97994355771087,9.593461109978518,1.1011024832680403,4.073932506778163,5.790899138474432,7.730159508928845
77.81080705653562,135.0169610793824,9.59508760740387,0.5967393001513086,4.444839668542227,5.383472396934142,7.731171730302983
77.82747603833865,135.05397900100758,9.596714374442739,0.7750276005980793,4.372190564237915,5.3739922243055185,7.732184060396243
77.84414502014168,135.09099803088768,9.598341411054056,0.8983166826000599,4.883121239697132,4.493791028603003,7.733196499361403
77.8608140019447,135.1280188044746,9.599968717194164,0.4415294456710666,4.186026344763626,4.714533630420972,7.734209047351179
77.87748298374774,135.16504188437068,9.601596292816803,0.8637895325133012,4.306886945973713,4.640470357208935,7.735221704518214
77.89415196555076,135.20206776032876,9.603224137873115,0.5566568106260711,3.8394646289430074,4.143955387246931,7.736234471015093
77.9108209473538,135.2390968492521,9.604852252311641,0.9321757644026687,4.188402780532108,3.8271509349713786,7.737247346994323
77.92748992915682,135.27612949519448,9.606480636078325,0.5750298174007044,3.7067039491167737,4.2041087207671275,7.738260332608355
77.94415891095986,135.3131659693602,9.608109289116515,0.9060545867490994,4.174619445720464,4.673471438481627,7.7392734280095645
77.96082789276288,135.35020647010396,9.609738211366952,0.9886081032905751,4.229232962055947,4.7993084104958745,7.740286633350263
77.97749687456592,135.38725112293105,9.611367402767785,0.9396694538792678,4.403973807352758,4.542217028426929,7.7412999487826974
77.99416585636894,135.42429998049715,9.612996863254562,0.8175860862014712,4.120565809903178,4.527274775013709,7.742313374459043
78.01083483817197,135.46135302260845,9.61462659276023,0.7210031248604349,4.281504513010918,5.03289814106204,7.743326910531413
78.027503819975,135.49841015622167,9.61625659121514,0.6519199041746307,4.10285805683087,5.255873675032056,7.744340557151847
78.04417280177803,135.53547121544392,9.617886858547044,1.0613512127142757,4.2155565732115505,5.725701170971955,7.745354314472325
78.06084178358105,135.57253596153285,9.619517394681093,0.6271856347519515,4.284342049055088,5.697674599118027,7.746368182644757
78.07751076538406,135.60960408289662,9.621148199539839,0.559611817442826,4.250871282557375,5.569207298538245,7.747382161820981
78.0941797471871,135.64667519509382,9.622779273043236,0.9000391216828147,4.517737269298367,6.114617145151028,7.748396252152778
78.11084872899012,135.68374884083357,9.624410615108642,0.6076782257178204,4.185003777110726,5.736917916327101,7.749410453791854
78.12751771079316,135.72082448997543,9.62604222565081,0.5768330877115905,4.202605912936257,5.668837141525605,7.75042476688985
78.14418669259618,135.75790153952943,9.627674104581898,0.47806508480277304,4.1436951640818185,4.811440604078103,7.75143919159834
78.16085567439922,135.79497931365609,9.629306251811464,0.6701440685701443,4.079590476628616,4.360173119078963,7.752453728068836
78.17752465620224,135.8320570636665,9.630938667246467,0.7501230801134898,4.09756718315053,4.406142365144788,7.753468376452774
78.19419363800527,135.86913396802214,9.632571350791268,0.8152244280719049,5.115728302419624,4.459116800561815,7.754483136901528
78.2108626198083,135.906209132335,9.63420430234763,0.9568072782745012,4.138055761557078,4.58090479720311,7.7554980095664074
78.22753160161133,135.9432815893675,9.635837521814711,0.8718655102619021,4.084073344894362,3.5680073434449118,7.756512994598646
78.24420058341435,135.98035029903266,9.637471009089076,0.7282513269829913,4.13809009536202,4.6826308935653564,7.757528092149423
78.26086956521739,136.01741414839387,9.63910476406469,0.7267264302447687,4.127603192884115,4.26790253788515,7.758543302369839
78.27753854702041,136.05447214314714,9.640738786632108,0.8683368032045011,4.070813870852405,4.713471467665402,7.759558625410936
78.29420752882343,136.0915266244074,9.642373076694492,1.020759035193072,4.240090946676495,4.1962548750362485,7.760574061423669
78.31087651062647,136.12857932687902,9.644007634220982,0.791447484986518,3.3626089253191074,4.82254001540556,7.761589610558945
78.3275454924295,136.1656310871977,9.645642459189384,0.6722980660384369,4.428283000436281,4.938453229143022,7.762605272967601
78.34421447423253,136.20268267868397,9.64727755157411,0.5674905777736752,4.438229186748021,5.408241606629227,7.76362104880041
78.36088345603555,136.2397348113432,9.648912911346182,0.47696221554974355,3.6612442416319304,5.32688588743017,7.764636938208074
78.37755243783859,136.27678813186566,9.650548538473231,0.8991966426249596,3.985475556456308,5.734201330143802,7.76565294134123
78.39422141964161,136.31384322362644,9.652184432919498,0.8814778020824278,3.71533365125409,6.0601205976174235,7.766669058350444
78.41089040144465,136.35090060668557,9.65382059464583,0.8812941408798476,4.146873068446986,5.599909849823932,7.767685289386218
78.42755938324767,136.3879607377879,9.655457023609687,0.740028834469393,5.140277979921027,5.855869435901378,7.768701634598984
78.4442283650507,136.42502401036307,9.657093719765134,1.0470869101882951,4.431072175018145,5.128085100896766,7.7697180941391055
78.46089734685373,136.46209075452572,9.658730683062846,0.6688154487635459,4.017813465188192,5.7484465580083866,7.77073466815688
78.47756632865676,136.49916123707527,9.660367913450115,0.9566321312045196,3.8469276940901755,5.9146983958320325,7.771751356802536
78.49423531045979,136.536235661496,9.662005410870826,0.7577687902713346,4.175842793276519,4.713427688495397,7.772768160226235
78.51090429226282,136.5733141679571,9.663643175265488,0.6437862512747363,4.277772105779548,4.809308127897062,7.773785078578068
78.52757327406583,136.61039683331256,9.665281206571208,0.8839014500623228,3.608341409015262,4.866818042219006,7.774802112008059
78.54424225586885,136.64748367110136,9.666919504721715,0.8472615461821621,4.167419603821121,4.416953828023039,7.7758192606661725
78.56091123767189,136.68457463154718,9.668558069647336,0.8366677576153965,3.8219969974506838,4.319924595826668,7.776836524702291
78.57758021947491,136.72166960155866,9.670196901275009,0.7814677229715932,3.9440922149847757,4.087399568755123,7.777853904266239
78.59424920127795,136.75876840472927,9.67183599952828,0.7575722045086724,4.269017872143233,4.088429411061432,7.77887139950777
78.61091818308097,136.79587080133734,9.673475364327311,1.2427639512228124,4.509528083914379,4.279721372265952,7.779889010576571
78.627587164884,136.83297648834613,9.675114995588864,1.0018795630013142,4.250964524495416,4.4750643246826645,7.780906737622257
78.64425614668703,136.87008509940372,9.67675489322632,0.9095322438008835,4.452422448832237,4.317586383307238,7.781924580794383
78.66092512849006,136.907196204843,9.678395057149658,0.7872652768261936,4.060736966548183,4.893781964946396,7.782942540242429
78.67759411029309,136.94430931168176,9.680035487265473,0.9662754152383146,4.42503791482119,5.634179425754323,7.7839606161158095
78.69426309209612,136.98142386362272,9.681676183476968,0.8683814098941725,4.295540970587924,5.271889184657511,7.784978808563872
78.71093207389914,137.01853924105336,9.683317145683954,0.7699618342427429,4.171517354283288,5.221529452900649,7.785997117735896
78.72760105570218,137.0556547610461,9.684958373782852,0.7039463972936844,3.852567673479198,5.684323577915546,7.7870155437810915
78.7442700375052,137.09276967735818,9.68659986766669,0.7484141230718739,4.050068873085035,5.58095446449078,7.7880340868486035
78.76093901930822,137.12988318043173,9.68824162722511,0.1304507212967022,4.1790330028471905,5.381550963135932,7.789052747087506
78.77760800111126,137.16699439739372,9.689883652344356,0.8065942638218554,5.213928649743146,5.735847397557091,7.790071524646808
78.79427698291428,137.20410239205597,9.691525942907287,0.6667170570641446,4.176973530875157,5.324093838134715,7.791090419675449
78.81094596471732,137.24120616491524,9.693168498793366,1.082884399512332,3.8418317231695616,5.140248531129356,7.7921094323223
78.82761494652034,137.2783046531531,9.694811319878669,0.7681572904450771,3.9692048716894526,5.132092573378929,7.793128562736166
78.84428392832338,137.31539673063597,9.696454406035881,0.5264338184719297,3.9602309084450242,4.376086658241897,7.794147811065783
78.8609529101264,137.35248231507944,9.698097757171457,0.7541884473305214,5.087986849703729,4.079596883235568,7.7951671774598115
78.87762189192944,137.38956313730353,9.699741373276325,0.5548781866137061,4.097371500377788,4.608321289715506,7.796186662066842
78.89429087373246,137.42664060924088,9.701385254342766,0.8587217619434225,4.584764725792782,3.6908585317535234,7.797206265035409
78.9109598555355,137.4637160466323,9.703029400358965,0.8221675765600401,4.053801739317752,3.9116208254026787,7.79822598651398
78.92762883733852,137.50079066919014,9.70467381130901,0.9554838045333421,4.2260836598651235,3.677066180054391,7.799245826650953
78.94429781914155,137.53786560059845,9.7063184871729,0.6056772443325031,4.472840985284528,4.160235855712226,7.800265785594657
78.96096680094458,137.5749418685128,9.707963427926543,0.770592896028815,4.0692487671351705,4.5914979299940235,7.801285863493353
78.97763578274758,137.61202040456033,9.709608633541743,0.49072454157353895,3.8050491189500018,4.706357122868138,7.80230606049523
78.99430476455062,137.64910204433994,9.711254103986226,0.9039654306952791,4.466612736334638,5.631844753970165,7.803326376748413
79.01097374635364,137.686187527422,9.712899839223617,0.8673782338375089,4.481525019680003,5.490377336269455,7.804346812400954
79.02764272815668,137.72327749734848,9.714545839213446,0.8627024751937233,4.4612943963743,5.118887689815141,7.805367367600841
79.0443117099597,137.76037250163304,9.716192103911155,0.7638027003098055,4.192733043765658,5.234058175139979,7.806388042495989
79.06098069176274,137.79747299176088,9.717838633268093,0.8463708450697845,4.34085123508753,6.542040621039905,7.807408837234246
79.07764967356576,137.83457932318885,9.71948542723151,1.084221411282682,4.529625885317276,6.114184874131701,7.808429751963389
79.0943186553688,137.87169175534535,9.721132485744569,0.70627201076876,4.124388838601006,5.959721140996459,7.809450786831131
79.11098763717182,137.9088104516304,9.722779808746342,0.790957121334589,4.357331665064194,5.716204960944013,7.810471941985111
79.12765661897485,137.94593547941565,9.7244273961718,0.5459399970428641,3.959518726557485,5.618717307315056,7.811493217572902
79.14432560077788,137.98306681004436,9.726075247951826,0.5894501867291831,3.691867924451456,4.882403697333874,7.8125146137420085
79.16099458258091,138.0202043188314,9.727723364013212,0.7826021097323181,3.8504931908208864,5.132481901205506,7.813536130639866
79.17766356438393,138.05734778506314,9.729371744278653,0.9837631824259332,4.567056395791326,4.856725111811195,7.814557768413841
79.19433254618697,138.09449689199766,9.731020388666757,0.7116572801262135,2.984538035910402,4.330220554873645,7.815579527211229
79.21100152798999,138.13165122686468,9.732669297092025,0.7156670609361636,4.052797362548316,4.245033192351943,7.816601407179261
79.22767050979301,138.1688102808654,9.734318469464887,0.6814101896628706,2.603482153246184,4.724375967594415,7.817623408465096
79.24433949159605,138.2059734491727,9.73596790569166,0.6557727261151569,3.916593839771269,4.166996996570766,7.818645531215823
79.26100847339907,138.24314003093104,9.737617605674581,0.8216551231132122,3.90533462427602,4.838512981554423,7.819667775578469
79.27767745520211,138.28030922925652,9.739267569311787,0.4631460246023369,4.686580642852271,3.7842206708452295,7.820690141699984
79.29434643700513,138.3174801512368,9.740917796497323,1.0187221406292712,4.121941321344453,4.30695906648994,7.821712629727256
79.31101541880817,138.35465180793116,9.742568287121145,0.6293863873311961,3.666012956697416,4.209109398698665,7.8227352398070975
79.32768440061119,138.39182311437054,9.744219041069114,0.906788115721251,4.298016120431347,4.552150242664125,7.823757972086258
79.34435338241423,138.42899288955735,9.745870058222994,0.5083442208588331,4.082229401776475,4.916524220867814,7.824780826711417
79.36102236421725,138.4661598564657,9.74752133846046,0.8960484381903776,4.089809078394386,5.493433351663826,7.825803803829183
79.37769134602028,138.50332264204138,9.7491728816551,0.8966057554391973,3.9501266693921244,5.67369080488318,7.826826903586098
79.3943603278233,138.5404797772016,9.750824687676397,0.8389936201363869,3.5771953092995306,5.526532427187685,7.827850126128633
79.41102930962634,138.57762969683534,9.752476756389747,0.5632038233100223,3.8968700843059554,5.127147763584255,7.828873471603193
79.42769829142937,138.61477073980302,9.754129087656455,0.8119354376123592,4.081998732418495,6.226074272422324,7.829896940156111
79.44436727323237,138.65190114893682,9.75578168133373,0.5253507848687554,4.096506002320287,5.607672032243296,7.8309205319336535
79.46103625503541,138.68901919753816,9.757434537279739,0.7113455430315576,4.216760613958893,5.201255764970465,7.831944247082019
79.47770523683843,138.72613020635416,9.75908765562888,0.9677169366014486,4.249708866096606,5.408867563979418,7.832968085747327
79.49437421864147,138.76323887126233,9.760741036477746,0.9211107743207128,3.4990169810850906,5.146009427155807,7.833992048075634
79.51104320044449,138.8003465481161,9.762394679789011,0.7647430000595984,4.151172765940546,4.7378695342152115,7.835016134212932
79.52771218224753,138.83745447618313,9.764048585522527,0.5666810691728408,3.4222163429350427,4.645416245577914,7.836040344305141
79.54438116405055,138.87456377814553,9.76570275363533,0.8906958497712889,3.951558348245561,4.059614125389621,7.837064678498115
79.56105014585359,138.9116754600999,9.767357184081632,0.7653904280404424,3.643905990611455,4.497511896320898,7.838089136937635
79.57771912765661,138.9487904115571,9.769011876812833,0.29738688421669823,3.909172396595469,3.905415288834968,7.839113719769416
79.59438810945964,138.9859094054425,9.770666831777506,0.9179117426978123,3.5342512472595913,4.035634840658129,7.840138427139099
79.61105709126267,139.02303309809582,9.77232204892141,0.7564749344543072,4.129424720438835,4.501413280996238,7.841163259192259
79.6277260730657,139.0601620292712,9.773977528187483,1.0017474248528493,3.8949866366219905,4.825304037126445,7.842188216074398
79.64439505486872,139.09729662213715,9.775633269515847,0.5421386957621652,4.214092754450201,5.149662809181539,7.843213297930952
79.66106403667176,139.13443718327662,9.777289272843799,0.125787611424779,4.493209993096155,5.2324107568365195,7.844238504907285
79.67773301847478,139.17158390268688,9.77894553810582,0.8168806705373004,3.540059290668374,5.068447433378866,7.84526383714869
79.6944020002778,139.20873685377975,9.780602065233571,0.8193121092922514,3.906937541150491,4.937135657854126,7.846289294800397
79.71107098208084,139.24589599338134,9.782258854155897,0.42280047381775754,3.769621635949175,6.015627454000553,7.8473148780075554
79.72773996388386,139.28306116173212,9.783915904798821,0.5651702658568128,3.8764707821506144,6.141813047751412,7.848340586915255
79.7444089456869,139.32023208248708,9.785573217085544,1.3118490497854025,4.155417477213097,5.593968537185951,7.849366421668512
79.76107792748992,139.35740836271557,9.787230790936453,0.6996186545544684,4.288945549820917,6.058978677280957,7.850392382412272
79.77774690929296,139.39458949290122,9.788888626269115,0.9068677993491234,4.053181378203876,5.593399610447689,7.85141846929141
79.79441589109598,139.4317748469423,9.790546722998275,0.6304792156460342,4.109002522351724,5.986007451692931,7.852444682450736
79.81108487289902,139.4689636821512,9.792205081035858,0.34248572876443495,5.281141565482269,5.17129133198891,7.853471022034986
79.82775385470204,139.50615513925496,9.793863700290979,0.7264297369731192,4.36285236076864,5.6775769236131435,7.854497488188828
79.84442283650507,139.54334824239487,9.79552258066992,0.7072955024665559,3.8172050836227105,5.0698255450752905,7.855524081056862
79.8610918183081,139.58054189912667,9.797181722076154,0.6803757453881949,3.3800625776879927,5.139515431421731,7.856550800783614
79.87776080011113,139.61773490042046,9.79884112441033,0.7373581550376812,3.9648312286555027,4.266516298095371,7.857577647513542
79.89442978191414,139.65492592066082,9.80050078757028,0.8130748559165677,3.5338197988540685,4.390762474940924,7.858604621391038
79.91109876371716,139.69211351764665,9.80216071145102,0.7301326412289517,4.094508593823661,3.9136182083564197,7.859631722560421
79.9277677455202,139.72929613259132,9.803820895944739,0.5072895782387155,3.56179255312913,4.470647255560996,7.86065895116594
79.94443672732322,139.76647209012253,9.805481340940812,0.8572625009576741,3.9667153043787042,4.576833958430619,7.861686307351776
79.96110570912626,139.80363959828244,9.807142046325792,0.37008587287895267,4.08307591469169,5.183742156561675,7.862713791262038
79.97777469092928,139.8407973240679,9.808803011989003,0.34982336427824023,3.943923934110824,4.819180101013408,7.863741403040767
79.99444367273232,139.87795123308965,9.81046423790604,0.9076655369729776,3.7993888453407316,5.133593916751256,7.864769142831926
80.01111265453534,139.91510415658792,9.812125724055832,0.8611680252757177,4.426308879343417,5.025103005322615,7.865797010779413
80.02778163633837,139.9522569732751,9.813787470400332,0.7482193811806878,3.1741201144358833,5.562464201046754,7.866825007027064
80.0444506181414,139.98941048509982,9.815449476898639,0.4805431871346722,3.9513275753225177,5.4806107879068815,7.867853131718638
80.06111959994443,140.026565417247,9.817111743507,0.6179850843968929,3.962634485994313,5.7656466501949675,7.868881384997829
80.07778858174746,140.06372241813781,9.8187742701788,0.7069522580087535,3.984455542399139,5.84798922803958,7.8699097670082585
80.09445756355049,140.10088205942967,9.820437056864568,0.44025709942640834,4.046228570797288,5.6767854631834105,7.870938277893477
80.11112654535351,140.13804483601623,9.822100103511985,0.6115643977251062,4.241128314084461,5.711587451225698,7.871966917796964
80.12779552715655,140.17521116602745,9.823763410065867,0.8897703837594793,3.9711512963905986,5.4225169982895265,7.872995686862129
80.14446450895957,140.2123813908295,9.82542697646818,1.0446995263947796,3.7896837764903606,5.2111935461096035,7.874024585232314
80.1611334907626,140.24955577502482,9.827090802658033,0.6752855910489641,3.8880366041948755,5.406286530175829,7.875053613050784
80.17780247256563,140.28673450645215,9.828754888571675,0.9104042511311292,3.740890591092646,4.885930506884145,7.876082770460738
80.19447145436865,140.3239176961864,9.830419234142502,0.3762285554937102,4.306989602059127,4.703767201316736,7.877112057605306
80.21114043617169,140.36110537853887,9.83208383930106,0.8908647578458502,3.8963481144160204,3.967996902518186,7.878141474627544
80.22780941797471,140.39829751105694,9.833748703975028,0.5981187173707658,4.383311614713344,4.396007200046215,7.8791710216704365
80.24447839977775,140.4354939745244,9.835413828089237,0.8203113650447904,3.963867180876128,4.363456163700829,7.8802006988769016
80.26114738158077,140.47269457296127,9.83707921156566,0.709225550148588,3.76375110900269,4.098094231905765,7.881230506389783
80.2778163633838,140.50989903362375,9.838744854323414,1.0227925785656382,4.223125131882093,4.932979691690217,7.882260444351859
80.29448534518683,140.54710700700434,9.840410756278757,0.5837563404848545,3.876965679501988,3.778385843141204,7.88329051290583
80.31115432698986,140.58431806683186,9.8420769173451,0.8840983739534243,4.269025328006195,4.910516273558242,7.8843207121943335
80.32782330879289,140.62153171007128,9.843743337432986,0.702609216826861,3.992392075197242,5.130901531897835,7.8853510423599324
80.34449229059591,140.6587473569239,9.84541001645011,0.7267831596988804,3.7250589312091082,5.329509900908529,7.886381503545116
80.36116127239893,140.69596435082727,9.847076954301313,0.7216069732658078,4.173651088094303,5.45351870687911,7.887412095892309
80.37783025420195,140.73318195845513,9.848744150888574,0.58917657839052,4.001018426622808,5.760248866571333,7.888442819543865
80.39449923600499,140.7703993697176,9.85041160611102,0.7554248043072312,4.516868373061531,5.991624681113539,7.889473674642063
80.41116821780801,140.807615697761,9.852079319864918,0.745648302083638,4.13351094235498,5.577940794731435,7.890504661329116
80.42783719961105,140.84482997896782,9.853747292043685,0.8063592960416918,4.120103905700979,5.872089975041059,7.8915357797471595
80.44450618141407,140.88204117295692,9.855415522537879,0.774945526196871,3.4477790722123034,5.637359315621564,7.892567030038268
80.4611751632171,140.91924816258344,9.8570840112352,0.9175766085370192,4.192946569522284,5.206455784080667,7.893598412344439
80.47784414502013,140.9564497539386,9.858752758020495,0.9426125742513606,3.2321988483300164,5.539625781256727,7.894629926807602
80.49451312682316,140.99364533009725,9.860421762775244,0.5477192899874138,4.1192234084252854,4.913284541252096,7.895661573569609
80.51118210862619,141.0308379409172,9.862091025416504,0.9315315086787272,4.087346309696974,4.383265972422296,7.896693352772239
80.52785109042922,141.06802894653907,9.863760545919988,0.520442728255462,3.417437596417817,4.437309768057722,7.897725264557209
80.54452007223225,141.105219214928,9.865430324261974,0.875214147343859,3.9088615066866033,4.165051971110109,7.898757309066164
80.56118905403528,141.14240954703737,9.86710036041507,0.8815236336305521,3.8808505341692245,4.577230067009758,7.8997894864406835
80.5778580358383,141.17960067680875,9.86877065434822,0.375245356278708,4.179841520221475,4.250214829430564,7.900821796822274
80.59452701764134,141.21679327117184,9.870441206026685,0.7760373927986719,3.649320880403652,4.632456577206817,7.901854240352364
80.61119599944436,141.2539879300446,9.872112015412068,0.6636750806754543,3.8007525148216255,4.107853737212181,7.902886817172323
80.62786498124738,141.2911851863331,9.873783082462293,0.6055539626011216,3.661311301848876,4.727924432681986,7.903919527423437
80.64453396305042,141.32838550593172,9.875454407131622,1.0274101421674429,4.772798812836128,5.527731225662398,7.904952371246927
80.66120294485344,141.36558928772294,9.87712598937064,0.626436460751193,3.6931799721342182,5.024564328141183,7.9059853487839415
80.67787192665648,141.40279686357744,9.878797829126265,0.5958294669305249,4.027645804033335,5.426212455801007,7.907018460175556
80.6945409084595,141.4400084983541,9.880469926341744,0.7721763556678769,3.8595901377233215,5.609314395185897,7.908051705562776
80.71120989026254,141.47722438990004,9.882142280956657,0.8940877828893821,3.8906862097752315,5.1688889375482505,7.909085085086535
80.72787887206556,141.51444466905045,9.883814892906905,0.7285725334534925,4.302170682050681,5.907200284217539,7.910118598887696
80.7445478538686,141.5516693996289,9.885487762124729,0.9901087278910359,4.230984047759971,5.887715900247209,7.911152247107046
80.76121683567162,141.58889857844693,9.887160888538693,0.8629620703403997,3.9890990390806986,5.704260840621499,7.912186029885309
80.77788581747465,141.62613213530443,9.888834272073694,0.32105694429330905,4.175216639249816,5.4267933745279935,7.913219947363131
80.79455479927766,141.6633699329894,9.89050791265096,0.6507380369447231,3.926351363705112,5.742261623967361,7.914253999681085
80.8112237810807,141.70061176727816,9.892181810188044,0.6441951823097379,4.395158288752318,5.032115325072551,7.915288186979678
80.82789276288372,141.73785736693503,9.893855964598833,0.8523679165402557,3.794363630188997,5.721991821078647,7.916322509399346
80.84456174468674,141.77510639371266,9.895530375793543,0.23146438940710923,4.287345805064077,4.86619158792233,7.917356967080446
80.86123072648978,141.81235844235184,9.897205043678717,1.2661617684192388,4.360856823413486,4.231446803974575,7.918391560163271
80.8778997082928,141.84961304058152,9.898879968157233,0.8624970228274464,3.997845054361387,4.250056517820065,7.9194262887880384
80.89456869009584,141.88686964911892,9.900555149128294,0.7859990929971542,3.549799989457031,4.184963283603214,7.920461153094896
80.91123767189886,141.92412766166942,9.902230586487436,0.9924691550675218,3.8428045297356688,4.927898252356558,7.92149615322392
80.9279066537019,141.96138640492651,9.903906280126522,1.2248182531343315,3.9639878320600617,3.952511600133664,7.922531289315116
80.94457563550492,141.99864513857204,9.905582229933747,0.9301685535086212,3.281992757914056,4.273305772647845,7.923566561508414
80.96124461730795,142.0359030552759,9.907258435793636,0.9457135771484095,4.043743342253377,4.304844815896092,7.9246019699436765
80.97791359911098,142.07315928069622,9.908934897587041,0.7820206472671188,3.861921819368692,4.826260362214351,7.925637514760693
80.99458258091401,142.11041287347933,9.910611615191149,0.7275091274910312,3.9223560258575523,4.7618841241340535,7.926673196099183
81.01125156271704,142.14766282525977,9.912288588479468,0.6605867764366601,3.64747322176846,4.826683445297442,7.927709014098794
81.02792054452007,142.1849080606602,9.913965817321849,0.5904550052640206,3.2908912074450165,5.34327461704901,7.9287449688991
81.0445895263231,142.22214743729157,9.915643301584456,0.6182060733454254,3.7937608322653222,5.506159395134442,7.929781060639605
81.06125850812613,142.2593798253725,9.91732104113211,0.4854291414172782,3.9668433536931844,5.554064282230921,7.93081728945974
81.07792748992915,142.29660611449125,9.918999035902116,0.7402974364846305,3.9891356169318537,5.634207224365767,7.931853655498851
81.09459647173217,142.33382807952813,9.920677285892063,0.41846955486039417,3.9143387715185716,6.137446966425845,7.9328901588962255
81.11126545353521,142.37104714508143,9.922355791092675,0.7935176701798008,4.000665837836773,5.595731613932508,7.933926799791082
81.12793443533823,142.40826463623338,9.924034551490303,0.7479994901624123,3.812513534008948,5.193308294018529,7.934963578322568
81.14460341714127,142.44548177854995,9.92571356706691,0.7845838692555684,4.094498295343326,5.184563069214385,7.936000494629761
81.16127239894429,142.48269969808095,9.927392837800081,0.6507016447822136,4.138690048311027,5.097504246143961,7.937037548851664
81.17794138074733,142.51991942136007,9.929072363663014,1.3704311334440367,4.108105395420837,4.430377387949967,7.938074741127205
81.19461036255035,142.55714187540477,9.930752144624533,1.027013291492586,4.189269177258403,5.085628564245951,7.939112071595243
81.21127934435339,142.59436788771637,9.932432180649075,0.5060126149281606,3.871623920663678,4.664063459162324,7.940149540394564
81.22794832615641,142.63159818628006,9.934112471696697,0.8014256873722004,3.0887815587541407,4.697173186310441,7.941187147663878
81.24461730795944,142.66883339956476,9.935793017723075,0.6331817477073544,3.6289291747675296,4.3217526689578625,7.9422248935418285
81.26128628976245,142.70607405652328,9.9374738186795,0.5518178888407752,4.004113732060384,3.589926175591737,7.943262778166979
81.27795527156549,142.74332058659232,9.939154874512889,0.486630229337518,3.826355753722425,4.769121938660367,7.94430080167783
81.29462425336851,142.7805733196923,9.940836185165766,0.8410187425999875,3.8776494210001036,4.207643081315006,7.945338964212799
81.31129323517153,142.81783248622756,9.942517750576286,0.6182300698390241,4.661716386927225,4.442465505100074,7.946377265910238
81.32796221697457,142.85509821708624,9.944199570678212,0.9480019855949474,3.9679589182223247,4.966041313796321,7.947415706908426
81.34463119877759,142.89237054364023,9.94588164540093,0.953123839178332,4.296545022668779,5.582551918895798,7.948454287345567
81.36130018058063,142.92964939774538,9.947563974669443,1.029080840355455,3.861512994011595,5.718452720121693,7.9494930073597905
81.37796916238365,142.96693461174132,9.949246558404372,0.583751128711071,3.7292176967450246,5.868327442556108,7.950531867089159
81.39463814418669,143.00422591845145,9.950929396521962,0.8492320742620585,3.78797000827206,5.638471422791746,7.951570866671659
81.41130712598971,143.04152295118314,9.952612488934069,0.8805802172481606,3.6565416157085173,5.697638795946833,7.952610006245206
81.42797610779274,143.0788252437274,9.95429583554817,0.659184112306481,4.399470767930305,5.885673903154521,7.953649285947641
81.44464508959577,143.11613223035926,9.95597943626736,0.5995956808810616,4.149910465689627,5.652281290380203,7.954688705916736
81.4613140713988,143.15344324583748,9.957663290990352,1.0757844821852518,3.8666594487902115,5.799821499422113,7.955728266290186
81.47798305320183,143.19075752540465,9.959347399611483,0.7993097524982244,4.422144244364213,5.571594322904069,7.956767967205614
81.49465203500486,143.2280742047872,9.961031762020696,0.880934307480541,3.4082814103144723,5.257911291429568,7.957807808800576
81.51132101680788,143.26539232019542,9.962716378103565,0.5892556866369073,4.024202003685945,4.072787438964083,7.958847791212549
81.52798999861092,143.30271080832338,9.964401247741275,0.5097440790535788,3.2383443627220547,4.63562824963213,7.959887914578942
81.54465898041394,143.34002850634903,9.966086370810633,0.6396410525196602,3.7977208256235366,4.37066812044892,7.960928179037086
81.56132796221696,143.37734415193415,9.967771747184061,0.728656716718012,3.6412652036390445,4.318247379399664,7.961968584724246
81.57799694402,143.41465638322433,9.969457376729604,0.540546931341668,3.9240539306551296,3.977746421149822,7.963009131777609
81.59466592582302,143.45196373884892,9.97114325931092,0.7513518612287275,3.8785228611478026,3.820747359630795,7.964049820334294
81.61133490762606,143.4892646579212,9.97282939478729,0.41554962735666173,4.367150059749926,4.4478147664439875,7.965090650531344
81.62800388942908,143.52655748003832,9.97451578301361,0.5291709742591972,3.720858047173981,4.360343862514638,7.966131622505731
81.64467287123212,143.56384044528113,9.976202423840393,0.8872924539759789,4.139624036686845,4.850168384128321,7.967172736394355
81.66134185303514,143.60111169421438,9.97788931711378,0.8737980057416163,3.816106655551327,4.718564141261384,7.96821399233404
81.67801083483818,143.63837156195487,9.979576462768732,0.6745941977854873,3.1652491734363535,5.594538547998323,7.969255390461541
81.6946798166412,143.67562765814364,9.981263861027355,0.5493462900490806,3.38675213276484,5.7033893150746575,7.970296930913526
81.71134879844422,143.71288206133528,9.982951511878376,0.5473479943990737,3.7614855033382346,5.685956343092564,7.971338613826605
81.72801778024724,143.7501361138342,9.984639415282027,0.6781045602074276,4.330430151731439,5.668314400154708,7.972380439337316
81.74468676205028,143.78739103812163,9.986327571195469,0.8815913642811979,3.8647836050643005,6.051713832556543,7.973422407582122
81.7613557438533,143.82464793685565,9.988015979572799,0.9382662126559229,3.3314155940277,5.899507127421384,7.9744645186974115
81.77802472565632,143.86190779287136,9.98970464036505,0.653240087617495,3.7102581266444123,5.76252613709372,7.975506772819501
81.79469370745936,143.89917146918063,9.991393553520195,0.5217772617491279,3.996622202889953,5.845364878516804,7.976549170084633
81.81136268926238,143.93643970897227,9.993082718983144,0.8059737386703738,3.8217567154279846,5.749880789367674,7.9775917106289755
81.82803167106542,143.97371313561197,9.99477213669574,0.5876272330552573,3.7006560764690435,4.704090825177264,7.9786343945886244
81.84470065286844,144.01099225264232,9.99646180659677,0.6486128674372843,3.9482118314243784,4.514778264929383,7.979677222099603
81.86136963467148,144.04827744378278,9.998151728621945,1.0172477332852967,4.087130342584302,4.362550393980844,7.980720193297857
81.8780386164745,144.0855689729297,9.999841902703926,0.9175446728721719,3.7065588259057547,3.9521320286548343,7.981763308319262
81.89470759827753,144.12286698415633,10.001532328772303,0.7836454735567104,4.006746878691128,4.248734034574888,7.982806567299619
81.91137658008056,144.16017150171282,10.003223006753606,0.4975957868310662,3.690505695200299,4.384008937012992,7.983849970374656
81.9280455618836,144.1974824300262,10.004913936571297,0.7941878285082481,4.0244663542813655,4.2119059619375925,7.984893517680028
81.94471454368662,144.2347995537004,10.006605118145785,0.9643688531589769,3.8229899002097207,4.148988655219513,7.985937209351313
81.96138352548965,144.2721225375162,10.008296551394402,0.6766394938761132,3.803335087967184,4.805692659416298,7.98698104552402
81.97805250729267,144.3094509264313,10.009988236231427,1.0219178291082591,3.3681606622556246,4.720566610160826,7.988025026333581
81.99472148909571,144.34678414558027,10.011680172568074,1.0101728051637622,3.58527645630825,5.023428089797121,7.989069151915354
82.01139047089873,144.3841215002746,10.01337236031249,1.0842990019191006,4.100348848708069,5.516718058956237,7.99011342240463
82.02805945270175,144.4214621760027,10.015064799369759,0.8125297011216226,3.7065102588328944,5.366700255974867,7.991157837936618
82.04472843450479,144.45880523842976,10.016757489641906,0.8688880082097514,3.771088021469843,6.215437081644079,7.992202398646459
82.06139741630781,144.4961496333979,10.018450431027892,1.034175670469813,3.5838302990271136,5.598237250691464,7.993247104669216
82.07806639811085,144.53349418692622,10.02014362342361,0.8407454969078937,3.908316840925108,6.395445139663286,7.994291956139884
82.09473537991387,144.5708376052106,10.021837066721893,0.6509483367756339,3.5022915076734833,5.489173612869519,7.9953369531933784
82.11140436171691,144.60817847462386,10.023530760812513,0.6614149920303823,3.672613930997115,5.845844163192508,7.996382095964546
82.12807334351993,144.64551526171573,10.025224705582174,0.7987629032693164,3.8188469007592056,5.33922432779408,7.99742738458816
82.14474232532297,144.68284631321274,10.026918900914518,0.4928679334939187,4.311120497006817,5.657150452405872,7.998472819198913
82.16141130712597,144.72016985601834,10.028613346690125,0.7222566923825514,3.623574085591402,4.935649622811713,7.999518399931433
82.17808028892901,144.75748399721303,10.030308042786515,0.9701461088909639,4.4656064957891966,4.916472657546118,8.000564126920269
82.19474927073203,144.79478937341497,10.032002989107811,0.3125140770323478,3.854511813855765,4.400863191177751,8.001610000299896
82.21141825253507,144.8320927286809,10.033698185653595,1.0575893818894462,3.5985420519214473,4.683562538201816,8.002656020204707
82.22808723433809,144.86939542132416,10.035393632390292,0.9750958717946525,3.900692095225409,4.070552665368759,8.003702186769033
82.24475621614111,144.9066983495872,10.037089329277771,0.6585961236834398,3.6410563000660585,4.7089292479651705,8.004748500127132
82.26142519794415,144.94400233106145,10.03878527627282,0.8591551835051566,3.8775313874011936,3.919681231447561,8.005794960413187
82.27809417974717,144.98130810268725,10.040481473329125,0.7510344866927817,3.6925921940018367,3.9058892236581024,8.006841567761306
82.29476316155021,145.01861632075384,10.04217792039728,0.996330890693163,3.7175206317817446,4.753742435584383,8.00788832230552
82.31143214335323,145.05592756089936,10.04387461742479,0.9467972735802486,3.2526503941304044,4.501546045283175,8.008935224179792
82.32810112515627,145.09324231811092,10.045571564356056,0.47017428075116025,3.8952766517391932,4.919056811107015,8.009982273518006
82.34477010695929,145.13056100672446,10.047268761132399,0.8675686407965206,3.264106074054452,5.074457403132398,8.01102947045397
82.36143908876232,145.16788396042497,10.048966207692033,0.708918272459143,3.227995864010336,5.0104930253113436,8.01207681512142
82.37810807056535,145.20521143224624,10.050663903970086,0.7665379947574751,3.7418032877981364,5.574738954891113,8.013124307654019
82.39477705236838,145.24254359457106,10.052361849898595,0.6042646903216906,4.496082950666674,6.112336789979165,8.014171948185354
82.4114460341714,145.27988053913106,10.054060045406494,1.0994540266111454,3.6276349252891613,6.0970706819901315,8.015219736848932
82.42811501597444,145.31722227700683,10.055758490419628,0.9577664714621426,3.959644137538559,5.850982785440852,8.016267673778197
82.44478399777746,145.35456873862793,10.057457184860752,0.6017273218188153,4.149105917374893,6.023926465785771,8.017315759106506
82.4614529795805,145.3919197737727,10.05915612864952,0.48268683281409297,3.784344733829291,5.213606720573496,8.018363992967153
82.47812196138352,145.4292751515686,10.060855321702501,0.6724017800480759,3.5323474058215902,5.223004748168927,8.01941237549335
82.49479094318654,145.4666345604918,10.062554763933163,0.8363641399880228,3.4767369380048443,5.197166051764826,8.020460906818231
82.51145992498958,145.5039976083675,10.064254455251879,0.7974320365775766,2.844184612032572,4.789404785625486,8.021509587074867
82.5281289067926,145.54136382236982,10.065954395565937,0.9999446422668583,3.5696139866160412,4.521376276942243,8.02255841639625
82.54479788859564,145.5787326490218,10.067654584779525,0.9072291837944272,3.8174887933539,4.041737899787972,8.023607394915288
82.56146687039866,145.61610345419527,10.069355022793737,0.9430861590879258,3.117396220408152,3.642595636437086,8.02465652276483
82.5781358522017,145.65347552311118,10.071055709506577,0.8144705011864405,3.8095551163372514,4.449196122559545,8.025705800077638
82.59480483400472,145.6908480603393,10.072756644812952,0.47116669471097355,3.312350736246862,4.291596343950965,8.026755226986406
82.61147381580776,145.7282201897983,10.074457828604677,0.7098137067883183,3.7171649469458474,4.580530090005604,8.027804803623752
82.62814279761076,145.76559095475574,10.076159260770472,0.9608982858535743,3.753123784955995,4.337627914439228,8.028854530122217
82.6448117794138,145.80295931782823,10.077860941195967,0.7385026296245867,3.3393485070484723,4.465845464570787,8.029904406614273
82.66148076121682,145.84032416098117,10.079562869763691,0.8493521191293972,3.698679558101481,4.923887260692484,8.030954433232312
82.67814974301986,145.87768428552894,10.081265046353085,0.6849111650619452,3.50619670733979,5.428071645304453,8.032004610108654
82.69481872482288,145.91503841213483,10.082967470840497,0.5426251937546616,3.9625858909771123,5.335442200828876,8.033054937375544
82.7114877066259,145.95238676136813,10.084670143103406,0.7238454386649552,3.688141481738777,5.838836348301684,8.034105415165147
82.72815668842894,145.98973265533985,10.086373063080615,0.8102503807651036,3.686672832806971,5.431249331182803,8.035156043609545
82.74482567023196,146.02707716507425,10.088076230750204,0.6172299416378992,3.952912772359449,5.747763737280789,8.036206822840764
82.761494652035,146.0644211897064,10.089779646086884,0.7011517826316683,3.9070634127029145,5.760260907369786,8.037257752990751
82.77816363383802,146.1017655574307,10.091483309061443,0.5603278819938071,3.358964624203619,6.057809720800387,8.03830883419138
82.79483261564106,146.13911102550105,10.09318721964076,0.9719959654210093,3.640683568846219,5.593228428088079,8.039360066574448
82.81150159744408,146.1764582802308,10.094891377787786,0.6891822346509613,3.611080113461447,5.843824487607791,8.040411450271677
82.82817057924711,146.21380793699274,10.09659578346156,1.0385508522113895,3.6622518452585595,4.67342423419791,8.041462985414713
82.84483956105014,146.2511605402191,10.0983004366172,1.053675623083151,4.607881457850064,4.866822968930815,8.042514672135129
82.86150854285317,146.28851656340154,10.100005337205905,0.7316431226047014,3.8009272285703615,4.648640482122869,8.043566510564416
82.8781775246562,146.32587640909117,10.101710485174959,0.5460887844129687,3.399733073822979,4.587495467725036,8.044618500833998
82.89484650645923,146.36324040889855,10.103415880467725,0.33052512356251834,3.368733825237644,4.022710639932592,8.045670643075216
82.91151548826225,146.40060882349368,10.105121523023648,0.45322340551799384,3.271585976682985,4.709102103912032,8.04672293741934
82.92818447006529,146.43798184260604,10.106827412778255,0.47278992899927524,3.5097084051904277,4.222669158068774,8.04777538399756
82.94485345186831,146.47535958502448,10.108533549663154,1.0231768461825304,2.7888751504189426,3.98416382571184,8.048827982940999
82.96152243367133,146.51274209859736,10.110239933606033,0.770573817716495,3.5279979879815846,4.464513489534168,8.049880734380693
82.97819141547437,146.5501293602325,10.111946564530667,0.8252557375541307,2.871576310026547,4.586370309818479,8.05093363844761
82.99486039727739,146.58752127589705,10.113653442356906,0.30317651631119136,3.700572408365996,5.757588338411141,8.05198669527264
83.01152937908043,146.62491768061773,10.115360567000687,0.5075932705292182,3.6262995214615112,5.487476701137485,8.0530399049866
83.02819836088345,146.66231833848062,10.117067938374028,0.9245283028624753,3.7529206450411907,5.420378323488042,8.054093267720226
83.04486734268649,146.6997229426313,10.118775556385023,0.8043929141905086,3.609817726406382,5.56518907055535,8.055146783604187
83.06153632448951,146.7371311152748,10.120483420937854,0.7175227330720126,2.925112848637903,6.01873794450398,8.056200452769065
83.07820530629253,146.77454240767545,10.122191531932778,0.8598579105928145,3.715355012983261,6.095924215055721,8.057254275345375
83.09487428809555,146.81195630015728,10.123899889266145,1.0739746031462871,4.351359213401522,4.9076797735815685,8.058308251463556
83.11154326989859,146.84937220210358,10.125608492830375,0.7025321052548927,3.7885328621309706,5.882436918262899,8.059362381253969
83.12821225170161,146.8867894519571,10.127317342513976,0.760540067548117,3.5618069219820017,5.538807680132048,8.060416664846898
83.14488123350465,146.9242073172201,10.129026438201535,0.7851109528421716,2.898807909961666,4.926018027099811,8.06147110237255
83.16155021530767,146.96162499445424,10.13073577977372,1.224938911269519,3.438282417569322,5.341098961495003,8.062525693961069
83.17821919711069,146.99904160928057,10.132445367107286,0.3265710995033315,3.7805334177899734,5.50102189674974,8.063580439742505
83.19488817891373,147.03645621637972,10.13415520007506,0.8830122765851334,4.060809662953492,4.76125795734786,8.064635339846848
83.21155716071675,147.07386779949167,10.13586527854596,0.7233324981978347,3.634889066996455,4.73113298602588,8.065690394404003
83.22822614251979,147.11127527141588,10.137575602384983,0.8595725206050308,4.000561752841722,4.807675474874904,8.066745603543803
83.24489512432281,147.14867747401118,10.139286171453204,0.6146688450983081,3.732606621700243,3.9546221704205156,8.067800967396002
83.26156410612585,147.18607317819595,10.14099698560778,0.7362754833793806,3.7917746103110908,3.661659240827446,8.068856486090285
83.27823308792887,147.22346153915183,10.14270804471661,0.8882756922370044,3.3167061878132094,4.507697927029699,8.06991215975625
83.2949020697319,147.26084437390435,10.14441934875357,1.3685006564987918,3.6151534521425175,4.395560219544632,8.070967988523414
83.31157105153493,147.2982233554192,10.146130897714892,0.9074508472841144,3.169136273295335,4.268706911153135,8.072023972521228
83.32824003333796,147.33559992243363,10.147842691589407,0.576155436093118,3.5936873610672544,4.899861798877579,8.073080111879074
83.34490901514098,147.3729754103422,10.149554730361318,0.6609415187863346,3.715302371195609,5.39143957257847,8.074136406726257
83.36157799694402,147.41035105119656,10.151267014010207,0.6549354862161981,4.298415132907495,5.3613901599199725,8.075192857192008
83.37824697874704,147.44772797370547,10.152979542511028,0.3864144792938085,3.4261190492461826,5.363178613894874,8.076249463405471
83.39491596055008,147.48510720323483,10.154692315834113,0.6794498346454357,3.8231663920040586,5.6666473618821644,8.077306225495725
83.4115849423531,147.52248966180778,10.156405333945173,0.8919584017693813,3.8580115740427137,5.7904897105330315,8.078363143591766
83.42825392415612,147.55987616810444,10.158118596805293,0.49047082727671776,3.870179003699367,5.202149074333481,8.079420217822513
83.44492290595916,147.59726743746225,10.159832104370937,0.9549384002713217,3.930360879867532,5.64635219485096,8.080477448316813
83.46159188776218,147.63466408187566,10.161545856593941,0.8427214065436347,3.6470517699650133,5.1265926795016155,8.081534835203431
83.47826086956522,147.67206660999636,10.163259853421525,0.598244303508925,4.221386948025465,5.51642865748344,8.082592378611057
83.49492985136824,147.7094754271331,10.164974094796277,0.7167095193371038,3.369052229297411,4.608026933675362,8.083650078668306
83.51159883317128,147.74689083525186,10.166688580656166,1.0646042405739775,3.03837141447632,5.130291480779758,8.084707935503715
83.52826781497428,147.78431303297563,10.168403310934536,0.89157382734199,3.565517680912519,4.470868064571585,8.085765949245742
83.54493679677732,147.82174211558473,10.170118285560115,0.7465453345838404,3.3026202073929323,4.237649142505087,8.086824120022772
83.56160577858034,147.85917807501647,10.171833504456993,0.6971762325581649,4.178444711792664,4.354497811687679,8.08788244796311
83.57827476038338,147.8966207998654,10.17354896754465,0.7599589557840192,3.7898739296789428,3.9438237022022333,8.088940933194989
83.5949437421864,147.93407007538318,10.175264674737935,0.6422086292601529,3.3944825746839373,4.302705694350346,8.08999957584656
83.61161272398944,147.97152558347852,10.176980625947076,0.3235355922857739,3.4020835212124085,4.0913600291996115,8.0910583760459
83.62828170579246,148.00898690271745,10.178696821077677,1.152845181557967,3.5483201528745822,4.3033464244477235,8.092117333921006
83.64495068759548,148.04645350832303,10.180413260030722,0.7753986587672789,3.581301711747982,4.803205620876569,8.093176449599806
83.66161966939852,148.0839247721755,10.182129942702561,0.8238871248976798,3.577137164163504,4.582433601996619,8.09423572321014
83.67828865120154,148.12139996281218,10.183846868984936,0.7326000883274315,3.766154536893379,4.794555777156668,8.095295154879782
83.69495763300458,148.15887824542767,10.18556403876495,0.5970821980858829,3.476842885968407,5.481150744811473,8.096354744736422
83.7116266148076,148.19635868187356,10.187281451925095,0.706844535481869,3.663944318919652,5.591619317904581,8.097414492907678
83.72829559661064,148.23384023065873,10.18899910834323,0.4240743062009161,3.768713877942895,5.7845853387262745,8.098474399521088
83.74496457841366,148.27132174694904,10.1907170078926,1.1992943387604336,3.4319279359127663,5.894690897695561,8.099534464704114
83.7616335602167,148.30880198256764,10.192435150441819,0.4968983735316418,4.055878658788038,5.7980548280810185,8.10059468858414
83.77830254201972,148.3462795859948,10.194153535854879,0.5373312040839117,2.966513935573418,5.871257651961806,8.10165507128848
83.79497152382275,148.38375310236782,10.195872163991147,0.6555962611987047,3.5275845372498082,5.558602407795366,8.10271561294436
83.81164050562577,148.42122097348127,10.197591034705376,1.0011868418690504,4.019579311504332,4.715889157428648,8.103776313678939
83.82830948742881,148.45868153778682,10.199310147847683,0.7463970451881988,3.4016289078098616,4.5512792565443245,8.104837173619295
83.84497846923183,148.49613303039328,10.201029503263568,0.49619158819573106,3.6526114502126443,5.4041870323963295,8.10589819289243
83.86164745103487,148.53357358306664,10.202749100793909,0.9942098752630777,3.7612940591422768,4.593037867053382,8.106959371625269
83.87831643283789,148.57100132932717,10.204468940279288,0.8894657378366998,3.423427671436977,4.685152207879618,8.108020709944661
83.89498541464091,148.60842159990395,10.206189021852857,0.8508759669636814,3.491928579613667,4.162172505025657,8.109082207977364
83.91165439644395,148.64583942239173,10.207909345623829,0.8862591404827345,3.4974164728090895,4.186163334219562,8.110143865850073
83.92832337824697,148.6832562459995,10.209629911553296,1.2219079427952235,3.3120601735601647,4.0832244604322,8.111205683689404
83.94499236005001,148.72067339670906,10.211350719599064,1.1799777658327266,4.494728325666299,5.051125939468927,8.1122676616219
83.96166134185303,148.75809207727502,10.213071769715663,0.6055388961028411,3.4261511231615747,4.546863005973419,8.113329799774021
83.97833032365607,148.79551336722483,10.214793061854333,1.0675820948895811,4.020561447386175,4.521782664182831,8.114392098272157
83.99499930545907,148.8329382228587,10.216514595963046,0.8193618196634753,3.444991131483028,4.429241008373558,8.115454557242613
84.01166828726211,148.8703674772498,10.218236371986487,0.8424703840987305,3.0968317708905566,5.766658475313792,8.116517176811616
84.02833726906513,148.90780184024402,10.21995838986606,0.40412004749179775,3.557113253309558,5.358300700466057,8.117579957105324
84.04500625086817,148.94524189845998,10.22168064953989,0.7084200074965699,3.592787438812148,5.823419923239776,8.118642898249806
84.06167523267119,148.98268811528928,10.223403150942822,0.5798553430797779,3.9695055791643803,5.991054178576657,8.11970600037106
84.07834421447423,149.02014083089628,10.225125894006421,0.907954678532454,3.795312938053538,5.657615839544656,8.120769263595003
84.09501319627725,149.05760026221816,10.226848878658968,0.956481823889565,4.642180012091445,5.982425808561943,8.121832688047476
84.11168217808027,149.0950665029649,10.228572104825467,0.32729121572416475,3.6104683994941937,5.507233037995974,8.122896273854241
84.12835115988331,149.1325395236193,10.230295572427643,0.737704229122916,3.4201248877309927,5.231719910395181,8.123960021140984
84.14502014168633,149.17001917143702,10.232019281383934,0.9664061727716017,3.727241752380185,5.666778948239724,8.125023930033311
84.16168912348937,149.2075051704465,10.233743231609504,0.704620703146408,3.4506631968201678,5.027492691965202,8.12608800065675
84.17835810529239,149.244997121449,10.235467423016233,0.8876918023280158,3.8549635472726393,4.980674720009729,8.127152233136755
84.19502708709543,149.28249450201864,10.237191855512721,0.8120346985082498,2.9490000896496453,4.715691636722108,8.128216627598695
84.21169606889845,149.3199966665023,10.23891652900429,0.8100561369802456,3.791166195102771,4.590997615201445,8.129281184167867
84.22836505070148,149.35750284601974,10.240641443392981,0.6873835345493073,3.9196067089633075,3.798645399886899,8.13034590296949
84.2450340325045,149.39501214846354,10.242366598577549,0.4982527628902008,3.1826446634080074,4.027915136597603,8.1314107841287
84.26170301430754,149.43252355849896,10.244091994453475,0.5171852417826219,3.2150540473647613,4.122043792819193,8.132475827770564
84.27837199611056,149.47003593756432,10.245817630912958,0.8832840757196725,3.83094736953686,4.062259741168551,8.13354103402006
84.2950409779136,149.50754802387053,10.247543507844913,0.7452274795188609,3.6333356562296033,4.600116237839999,8.134606403002099
84.31170995971662,149.54505843240148,10.249269625134982,0.7135555891204137,2.848552566913853,5.03894886692509,8.135671934841504
84.32837894151966,149.58256565491376,10.250995982665518,0.6564021932592761,3.6118848385629705,5.328953476650662,8.136737629663031
84.34504792332268,149.6200680599369,10.252722580315599,0.6800645503794206,2.7275640583922613,5.073458354782365,8.137803487591349
84.3617169051257,149.6575638927732,10.25444941796102,0.9504067502097916,3.440648662478662,5.495474787967588,8.138869508751053
84.37838588692874,149.69505127549766,10.256176495474298,0.6738976008747599,3.6169290283726228,5.734305695270006,8.139935693266661
84.39505486873176,149.7325282635226,10.257903812725264,0.47265545463871134,3.1994841445521534,5.920908736624586,8.14100204126261
84.4117238505348,149.7699993495211,10.259631369663479,0.8895206865870359,3.1986728619266165,5.533089737835362,8.14206855286325
84.42839283233782,149.8074691613194,10.261359166281991,0.6997368870302167,3.527808131449275,6.326711275738078,8.143135228192863
84.44506181414084,149.84493869669106,10.263087202541948,0.7469132353929329,3.2149906386606157,5.966074714126197,8.144202067375653
84.46173079594386,149.8824088688456,10.264815478401186,1.0620715202234399,3.5475346777081316,5.814118516567596,8.145269070535754
84.4783997777469,149.9198805064281,10.266543993814237,0.7363654983194321,3.024113075444988,5.677836528899817,8.146336237797206
84.49506875954992,149.9573543535194,10.268272748732329,0.7982360494630116,3.3239466024279674,5.234495102467652,8.147403569283986
84.51173774135296,149.99483106963626,10.27000174310339,0.5045362758479822,2.680511911998662,4.516245567833935,8.148471065119981
84.52840672315598,150.03231122973094,10.271730976872034,0.6963086971394028,3.5323114993579603,4.5501228611929,8.149538725429007
84.54507570495902,150.06979532419163,10.273460449979579,0.8620693644017572,3.4386326511083656,3.903840780830673,8.150606550334794
84.56174468676204,150.1072837588422,10.275190162364037,0.4290109306056618,2.864122452420572,4.389851595918717,8.151674539960998
84.57841366856506,150.14477685494228,10.276920113960113,0.7801761722893019,3.4907446670045954,4.152673238733764,8.152742694431197
84.5950826503681,150.18227484918722,10.278650304699207,0.7600867987807014,3.851608159288883,4.207382703001134,8.153811013868882
84.61175163217112,150.21977789370814,10.280380734509418,0.7481074602631012,3.361529355155249,4.673259809386743,8.154879498397476
84.62842061397416,150.25728605607193,10.282111403315536,0.9472030880943995,3.4846356810061825,4.334840278691848,8.155948148140313
84.64508959577718,150.29479931928117,10.28384231103905,0.8065803048878372,3.5851532393574295,4.607885145393549,8.157016963220656
84.66175857758022,150.33231758177422,10.285573457598144,1.035228229498037,3.2292036557720465,4.932685283307744,8.158085943761687
84.67842755938324,150.36984065742524,10.287304842907696,0.5408171489847869,4.242219667674922,4.623903317898795,8.159155089886504
84.69509654118627,150.40736827554403,10.28903646687928,0.7666411222073467,3.2456987836137974,5.328666434988318,8.160224401718134
84.7117655229893,150.4449000808762,10.290768329421166,0.756270677100001,3.525785236703241,4.855335169268946,8.161293879379517
84.72843450479233,150.4824356336031,10.29250043043832,0.5254474865426051,3.8241412852563665,5.559151797140151,8.162363522993523
84.74510348659535,150.51997440934187,10.294232769832401,0.9304784056118075,3.4132194693347397,6.053151632197415,8.163433332682937
84.76177246839839,150.55751579914528,10.295965347501767,1.204075040707367,3.672002466567178,5.914563787468305,8.164503308570463
84.77844145020141,150.59505910950196,10.297698163341469,0.7356600934417004,3.5382217977092503,5.5093161763088645,8.165573450778734
84.79511043200445,150.63260356233621,10.299431217243251,0.839986409268339,3.2512920245062977,5.540038670926317,8.166643759430297
84.81177941380747,150.67014829500818,10.301164509095559,0.7558067245402931,3.26568190524851,4.993660371711169,8.16771423464762
84.8284483956105,150.70769236031364,10.30289803878353,0.5961068876630329,3.319596624398074,5.072856056155027,8.168784876553103
84.84511737741353,150.74523472648417,10.304631806188997,0.3745925128699879,3.248981855228885,5.702854538951128,8.16985568526905
84.86178635921655,150.78277427718714,10.306365811190489,0.5975105731310169,2.8791397324955286,5.144954729809796,8.1709266609177
84.87845534101959,150.82030981152556,10.30810005366323,0.4601942494283195,3.5698482950967025,4.41448266821406,8.171997803621206
84.8951243228226,150.85784004403826,10.309834533479137,1.0793269516630526,4.222925486247556,4.313097014983938,8.173069113501647
84.91179330462563,150.89536361730273,10.311569250506816,0.7154051622782505,3.5970431855922356,3.9095033887696715,8.174140590681015
84.92846228642865,150.93288231823695,10.31330420463115,0.6691637548593672,3.913080378791675,3.9791563581848064,8.175212235281219
84.94513126823169,150.97039892865516,10.315039395813669,0.9160988598416353,3.273424694192618,4.421071418356702,8.176284047424092
84.96180025003471,151.00791444865374,10.316774824031496,0.513838303152684,3.3340927234157043,4.314995429645358,8.177356027231395
84.97846923183775,151.04542980347932,10.318510489257612,0.5847360996024067,3.0258653115445373,4.9554083619381535,8.178428174824813
84.99513821364077,151.08294584352907,10.32024639146088,0.751643699187327,3.528357259032135,5.397694269583101,8.17950049032595
85.01180719544381,151.1204633443504,10.321982530606022,0.9437033364265853,3.499492254350409,5.276368302541098,8.180572973856325
85.02847617724683,151.15798300664116,10.323718906653633,0.8382067946651135,3.377196245341918,5.439606884789826,8.181645625537382
85.04514515904985,151.1955054562496,10.32545551956018,0.7874550163243671,3.5757928162601558,5.0973002966424055,8.182718445490487
85.06181414085289,151.23303124417427,10.327192369277993,0.7533336917737934,3.608415282376111,5.959367136891901,8.18379143383692
85.07848312265591,151.2705608465641,10.32892945575528,0.8176774274681147,3.254587656361243,5.45355757533,8.184864590697883
85.09515210445895,151.30809466471854,10.33066677893611,0.7778809037707639,3.1380702424707354,5.65482711167601,8.185937916194499
85.11182108626197,151.3456330250872,10.332404338760423,0.5314758889328853,3.686960965234058,5.975278123877137,8.187011410447811
85.128490068065,151.38317617927027,10.334142135164033,0.7466061641346996,3.535012095565672,5.836201744697464,8.188085073578781
85.14515904986803,151.42072430401814,10.335880168078615,0.5225725187359929,3.673341035034346,5.175563472831628,8.189158905708293
85.16182803167106,151.4582775012317,10.337618437431722,0.7534466446181074,3.7345824989925163,4.950189117902094,8.19023290695715
85.17849701347409,151.49583579796214,10.339356943146772,0.6410203880808759,4.0308076572900875,4.61328178413377,8.191307077446067
85.19516599527712,151.5333991464111,10.341095685143049,1.2449460961131256,3.5775614992184517,4.231258174533946,8.192381417295696
85.21183497708014,151.57096742393057,10.342834663335713,0.7290106448369622,3.2817868505960788,4.20779707248384,8.193455926626593
85.22850395888318,151.60854043302285,10.34457387763579,0.4560613132337424,2.735370866719508,3.780839242184211,8.194530605559244
85.2451729406862,151.6461179013407,10.346313327950174,0.7099928441327268,3.318942733820272,4.4082280114237715,8.195605454214048
85.26184192248924,151.6836994816872,10.34805301418163,0.8406202500763367,3.6795636466244153,4.33820443903239,8.196680472711327
85.27851090429226,151.72128475201583,10.349792936228791,1.0713408597738152,4.149107569338609,4.480932082321303,8.197755661171325
85.29517988609528,151.7588732154305,10.351533093986157,0.6186971150793396,3.4375780954497204,4.186667095095118,8.198831019714202
85.31184886789832,151.7964643001854,10.353273487344104,0.42002147973067505,3.9649422556067084,4.3262839454759074,8.19990654846004
85.32851784970134,151.83405735968512,10.355014116188874,0.8997939112498002,3.3360773068685274,4.9435381741242015,8.200982247528842
85.34518683150436,151.8716516724847,10.356754980402572,0.46022615718709875,3.6206915917666014,5.196493776463822,8.20205811704053
85.36185581330739,151.9092464422894,10.358496079863182,0.6490341544595324,3.7207612330457946,5.365504654481763,8.203134157114944
85.37852479511042,151.9468407979551,10.360237414444555,0.6846604450587661,3.114743819200731,5.515149286298444,8.204210367871845
85.39519377691344,151.98443379348785,10.361978984016403,0.7221771059221829,3.166591895024976,6.2485920342659185,8.205286749430917
85.41186275871648,152.02202440804413,10.363720788444319,0.873855897454992,3.5396915276855188,5.924529912082759,8.20636330191176
85.4285317405195,152.0596115459308,10.365462827589756,0.5992153140928345,3.476836455300249,6.371278803635019,8.207440025433895
85.44520072232254,152.0971940366051,10.36720510131004,0.6811154396942077,2.8679494441192634,6.067737426873072,8.208516920116763
85.46186970412556,152.13477063467468,10.368947609458369,0.7329262941979936,3.046380844773971,6.037730261501936,8.209593986079728
85.4785386859286,152.1723400198975,10.370690351883804,0.7656189860502152,3.182220141073188,4.992535149970524,8.210671223442068
85.49520766773162,152.2099022317791,10.372433328480335,0.7551838143603234,3.3506247379307204,5.250119721451353,8.211748632322974
85.51187664953464,152.24745958951456,10.37417653924862,0.8227384744646591,3.0166984477284235,4.692866926991457,8.212826212841556
85.52854563133768,152.28501365115977,10.375919984180243,0.9042241164944551,3.4198136153380596,4.090998561009,8.213903965116856
85.5452146131407,152.32256586290998,10.377663663261835,0.8139018880022715,3.4253347775021035,4.846576814284883,8.214981889267838
85.56188359494374,152.36011756385474,10.379407576475199,0.8260109750553514,3.6917702826850176,4.176395532555273,8.216059985413382
85.57855257674676,152.39766998597776,10.381151723797316,0.4187679976765643,2.939698863240642,3.8867156085857992,8.21713825367229
85.5952215585498,152.43522425415694,10.382896105200341,0.7451768867377416,2.8402923247903336,4.095633059708086,8.218216694163281
85.61189054035282,152.47278138616437,10.384640720651609,0.830951527605546,3.2247373867841507,4.074263758661202,8.219295307004995
85.62855952215585,152.5103422926663,10.386385570113621,0.8807568832572944,3.426192614240741,4.26540443236758,8.220374092315982
85.64522850395888,152.54790777722323,10.388130653544064,0.5964170710872834,3.5930837119842645,4.618965968624515,8.221453050214725
85.66189748576191,152.58547853628983,10.38987597089579,0.6029979078155143,3.430136135958655,5.447423831523249,8.222532180819611
85.67856646756493,152.62305515921489,10.391621522116834,0.6199041198796016,3.195668273876523,4.9780486468563385,8.223611484248956
85.69523544936797,152.6606381282415,10.393367307150404,0.8419254823570672,3.207168887193312,5.9080663696192675,8.22469096062099
85.71190443117099,152.69822781850684,10.395113325934881,0.9413373161210474,3.245429733239746,5.857104930215777,8.225770610053864
85.72857341297403,152.7358244980424,10.396859578403827,0.6529874417657617,3.7244152923071594,5.854515447517204,8.226850432665646
85.74524239477705,152.7734283277737,10.398606064485971,0.9159902393833852,3.17752601779218,6.021221254066246,8.227930428574323
85.76191137658007,152.81103936152059,10.400352784105227,0.759012007286361,3.669933522005986,5.784016827048949,8.229010597897801
85.77858035838311,152.84865754599704,10.402099737180675,0.7093771141935595,3.4226107614806716,6.072504990122256,8.230090940753907
85.79524934018613,152.8862827208112,10.40384692362658,0.6918756032277692,3.328312941879067,5.696317349714852,8.231171457260382
85.81191832198915,152.92391461846543,10.405594343352371,0.8833928570854038,3.0046937576852355,4.814832193353643,8.232252147534886
85.82858730379218,152.96155286435635,10.40734199626266,0.7991042379198791,3.0937533899212544,5.160348594518123,8.233333011695006
85.84525628559521,152.99919697677464,10.409089882257236,1.1890718059289676,3.0761050874426648,5.05690777945662,8.234414049858236
85.86192526739823,153.03684636690528,10.41083800123106,0.5633797930920396,3.190408753704521,4.5027147974301185,8.235495262141997
85.87859424920127,153.07450033882736,10.412586353074262,0.8373630188602692,3.009305502985657,4.435193230282817,8.236576648663622
85.8952632310043,153.1121580895142,10.414334937672162,0.6278203887410705,3.2262272154954403,4.080371494541199,8.237658209540372
85.91193221280733,153.14981870883327,10.416083754905243,0.5597210610567054,3.4847377148189613,3.7898958684725854,8.238739944889419
85.92860119461035,153.1874811795463,10.417832804649164,0.731322854316104,3.543790464469205,3.7550446127695065,8.239821854827854
85.94527017641339,153.22514437730916,10.419582086774769,0.7608845564064229,3.1133569512233183,3.8523688212317495,8.240903939472691
85.96193915821641,153.26280707067195,10.421331601148067,1.3169665058878626,3.3248159064421423,4.674753158832318,8.24198619894086
85.97860814001943,153.30046792107885,10.423081347630248,0.6964203216546094,3.0391081746085553,3.939004583927488,8.243068633349209
85.99527712182247,153.33812548286838,10.424831326077676,0.5071313843899716,3.3413063379816914,4.728930732010278,8.244151242814507
86.01194610362549,153.37577820327317,10.42658153634189,0.78768687487738,3.917356077425803,4.9489284955371255,8.245234027453439
86.02861508542853,153.41342442242,10.428331978269602,0.31807428057245163,3.7155073896030766,5.3262365646381635,8.24631698738261
86.04528406723155,153.45106237332993,10.430082651702705,0.7145284438914231,3.380829052510004,5.045983591885747,8.247400122718544
86.06195304903459,153.48869018191814,10.431833556478262,0.7360423248448967,3.0628913234458732,5.857074523974413,8.248483433577688
86.07862203083761,153.52630586699408,10.433584692428512,0.8916747686072498,3.4379807195571956,5.414899055033305,8.249566920076395
86.09529101264064,153.56390877064058,10.435336059454158,0.9273965212106001,2.644490770445798,6.119486037705049,8.250650582330946
86.11195999444367,153.60150371649812,10.437087657702763,0.6318754825405251,3.1994432177213183,5.499801769316842,8.251734420457524
86.1286289762467,153.6390933592301,10.438839487173558,0.7023838940990769,3.3817690634105797,5.497013249896018,8.252818434572243
86.14529795804972,153.6766798738049,10.4405915478438,0.5791997773276324,3.671263883825492,5.314721915443682,8.253902624791145
86.16196693985276,153.71426526764995,10.442343839686362,0.5067286346503985,3.4160258918712616,5.14404986716338,8.254986991230181
86.17863592165578,153.75185138065177,10.444096362669717,0.7942372594034707,3.4139607476150946,4.832139548485557,8.256071534005226
86.19530490345882,153.78943988515599,10.445849116757941,0.47745830749244217,3.2153166181937394,4.46068289974925,8.25715625323207
86.21197388526184,153.82703228596725,10.447602101910718,0.6491671065666045,3.368086792643491,4.499772091824387,8.258241149026418
86.22864286706486,153.86462992034933,10.449355318083338,0.5329747199709346,2.817576920307995,4.40379919524595,8.259326221503896
86.2453118488679,153.902233958025,10.451108765226692,0.8418631302950306,3.1459001692490633,3.973581239763571,8.260411470780047
86.26198083067091,153.93984540117614,10.452862443287279,1.0921294498086742,3.3148055871963233,4.348224069155987,8.261496896970328
86.27864981247394,153.9774650844438,10.454616352207198,0.4714427261611284,3.3610187480194442,4.671364052885245,8.26258250019012
86.29531879427697,154.01509367492793,10.456370491924156,0.3610734747725457,3.0393074720624713,4.686334309014008,8.263668280554713
86.31198777608,154.0527316721877,10.458124862371468,0.7066165987919929,3.513371188496023,4.966444018819013,8.264754238179322
86.32865675788302,154.0903794082412,10.459879463478048,0.7346502954590306,3.4178687649539667,4.981146455440922,8.265840373179074
86.34532573968606,154.12803704756578,10.461634295168412,0.7751593139357889,3.2525440686248213,4.898459880511359,8.266926685669018
86.36199472148908,154.1657045870977,10.463389357362693,0.6420800217815488,4.267765193650518,5.168590029610745,8.268013175764118
86.37866370329212,154.2033818562324,10.465144649976619,0.691132893250527,3.186738903364733,5.699338153395533,8.269099843579253
86.39533268509514,154.24106851682436,10.466900172921525,0.8046794192699137,3.0979353738227133,6.0190107696268935,8.270186689229224
86.41200166689818,154.27876406318705,10.468655926104347,0.9391800558118106,3.2087777928836982,6.632682669367468,8.271273712828746
86.4286706487012,154.31646782209316,10.470411909427634,0.3400006193309999,3.2453579068665106,6.074154612428928,8.272360914492456
86.44533963050422,154.3541789527744,10.472168122789533,0.6571389377068438,3.137329166511109,5.334841742157828,8.273448294334903
86.46200861230726,154.39189644692146,10.473924566083799,0.7736049924424057,3.079858021466464,5.29498887094399,8.274535852470557
86.47867759411028,154.42961912868424,10.475681239199792,0.5471643769115987,2.9976956933314534,5.996502484001317,8.2756235890138
86.49534657591332,154.46734565467162,10.47743814202247,1.0769098444211824,3.252500574792382,5.005765354151453,8.276711504078943
86.51201555771634,154.5050745139516,10.479195274432406,0.6035102183263111,3.751222790106084,4.834609160670477,8.277799597780202
86.52868453951938,154.54280402805122,10.480952636305771,0.7222498893612419,4.180028865388845,4.300092202826593,8.278887870231717
86.5453535213224,154.58053235095662,10.482710227514342,0.8416290346240528,3.448005628434816,4.865930077882945,8.279976321547544
86.56202250312543,154.61825746911296,10.484468047925501,0.6120838021063293,2.8758307792429836,4.4137817421337155,8.281064951841655
86.57869148492846,154.6559772014246,10.486226097402238,0.36094225105112476,3.1424806471563924,3.970679917161827,8.282153761227942
86.59536046673149,154.69368919925483,10.48798437580314,0.6444420121241661,3.19753778870618,3.922322780151806,8.283242749820214
86.61202944853451,154.73139094642607,10.489742882982409,0.9359770417544955,3.998803301236041,4.40636841342623,8.284331917732196
86.62869843033755,154.76907975921986,10.49150161878984,0.6626258744558192,3.2345271995781495,4.488354616990382,8.285421265077531
86.64536741214057,154.8067527863767,10.49326058307084,0.560633964962958,2.5924613072750557,4.937007100009747,8.286510791969782
86.66203639394361,154.84440705602083,10.495019775667373,0.9149711488113634,3.1686012577709386,5.0943562870268355,8.287600498522423
86.67870537574663,154.8820494526115,10.496779196623546,0.6635975655924516,3.551148079001752,5.100641306339991,8.288690384848842
86.69537435754965,154.91968805632067,10.498538846020688,0.6276361761994675,3.5372873891971883,5.248941517521629,8.289780451062345
86.71204333935268,154.95732484604235,10.500298723819586,0.7594753072568634,3.222232560436324,5.555847365100531,8.290870697276164
86.7287123211557,154.9949616339841,10.502058829977523,0.8836498379209354,3.589900499365921,5.5712503938231,8.29196112360345
86.74538130295873,155.0326000656667,10.50381916444827,1.2057581653110025,2.859062658090034,5.757911450166228,8.293051730157263
86.76205028476176,155.0702416199246,10.505579727182102,0.8947782997736928,3.286384577800571,5.78438336741786,8.294142517050586
86.77871926656479,155.10788760890546,10.507340518125789,0.9612146471240612,3.6004590409429897,5.416233672663816,8.295233484396316
86.79538824836781,155.14553917807058,10.509101537222593,0.6279689459955524,3.127177850033232,5.713847686962331,8.296324632307266
86.81205723017085,155.18319730619456,10.510862784412277,0.5239040529045922,2.8230973334638847,5.2011762672218245,8.297415960896165
86.82872621197387,155.22086280536553,10.512624259631094,0.7414593887024031,2.921875100387471,4.816821157712454,8.298507470275657
86.84539519377691,155.25853632098503,10.514385962811799,0.7503425029014185,3.8654464678115685,4.714192213608573,8.299599160558307
86.86206417557993,155.296218331768,10.51614789388364,0.5131213290544413,2.9385378091136474,4.660296254193194,8.30069103185659
86.87873315738297,155.33390914974288,10.517910052772363,0.6936802852474795,3.268660472803055,4.420852499545369,8.301783084282905
86.89540213918599,155.3716089202516,10.51967243940021,0.8085179819122169,3.5355245254894125,4.3900444991430065,8.302875317949557
86.91207112098901,155.4093176219493,10.521435053685915,0.8006483673674387,3.489022485623268,4.47250344775391,8.303967732968776
86.92874010279205,155.44703506680486,10.523197895544712,0.8293424423075767,3.170050630514483,4.612109665167046,8.305060329452704
86.94540908459507,155.48476090010038,10.524960964888333,0.7865929574127297,3.006203218548234,4.4002128683613595,8.306153107513403
86.9620780663981,155.52249460043154,10.526724261624999,0.6269133757895294,3.2520258919648053,4.1547991625498195,8.307246067262845
86.97874704820113,155.56023547970736,10.528487785659433,0.6254500350920207,3.868188570730101,4.607283620747289,8.308339208812926
86.99541603000417,155.59798268315035,10.530251536892852,0.48835489013738964,3.1961990707436443,4.629665827214001,8.309432532275451
87.01208501180719,155.63573518929644,10.532015515222971,1.0850151434398714,2.8462977431914522,5.689721892616037,8.310526037762145
87.02875399361022,155.673491809995,10.533779720543997,0.7306651309619044,2.5851063645998282,6.008900575650677,8.311619725384652
87.04542297541325,155.7112511904089,10.535544152746638,0.6829193258989769,3.0500583149780507,5.799381155419834,8.312713595254525
87.06209195721628,155.74901180901435,10.537308811718095,0.5420463563882755,3.6512575119315493,5.994264735352693,8.313807647483241
87.0787609390193,155.7867719776011,10.539073697342063,1.3148511453822795,3.163652489100346,5.872313475721056,8.314901882182188
87.09542992082234,155.8245298412722,10.540838809498739,0.5129687073434654,2.9761958310721166,5.88911032945411,8.315996299462668
87.11209890262536,155.86228337844435,10.542604148064813,0.6417794341877493,2.9191245486331434,5.206016624180427,8.317090899435911
87.1287678844284,155.9000304008475,10.544369712913468,0.8106310487529379,3.2254599229208822,5.501936704786849,8.318185682213048
87.14543686623142,155.93776855352516,10.546135503914387,0.847420893513437,3.0924413236853057,5.047315717307285,8.319280647905138
87.16210584803444,155.97549531483418,10.547901520933747,0.9188792869749277,3.1646496038945258,5.153097800257647,8.32037579662315
87.17877482983747,156.01320799644486,10.549667763834226,1.088729109767475,3.743130499877721,4.801111297691528,8.321471128477974
87.19544381164049,156.0509108049615,10.551434232553422,0.8283534283184946,3.8429958201452945,5.171067238302005,8.322566643580403
87.21211279344352,156.0886121749441,10.553200927109193,0.5158301829929313,2.9801251707963243,4.670471789753801,8.323662342041152
87.22878177524655,156.12631333881913,10.554967847457858,0.675561720485297,3.368744586608984,4.348490505264192,8.324758223970857
87.24545075704958,156.16401540199257,10.556734993552256,0.7884315793155954,3.0729673785537246,4.122857599912279,8.325854289480075
87.2621197388526,156.2017193640415,10.558502365341981,1.1404246292132345,3.103905821956631,4.723591872439231,8.326950538679268
87.27878872065564,156.23942611871394,10.56026996277336,0.4471325981388654,3.328428412578118,4.305940937747118,8.328046971678823
87.29545770245866,156.27713645392896,10.56203778578946,0.9671232246091549,3.1693873477853836,4.575649580854361,8.329143588589037
87.3121266842617,156.3148510517766,10.563805834330095,0.7625049840588405,3.31315617464245,4.701334807151807,8.330240389520124
87.32879566606472,156.35257048851787,10.565574108331813,0.8940023606423069,3.3094586951252314,4.810410820847665,8.331337374582215
87.34546464786776,156.39029523458476,10.567342607727905,0.7059514105938339,3.3118750878799244,5.192297659126614,8.33243454388535
87.36213362967078,156.42802565458027,10.569111332448406,0.5577778851144793,2.9269685811733757,4.824688256060196,8.33353189753949
87.3788026114738,156.46576200727847,10.570880282420086,0.8763529811492167,3.1034055561443488,5.140433202059785,8.334629435654508
87.39547159327684,156.50350444562432,10.57264945756646,0.8569786017461368,2.4713946996191636,5.841888118597197,8.335727158340195
87.41214057507986,156.5412530167338,10.574418857807782,0.9204177174722591,3.0466950785194005,6.267550225508641,8.336825065706254
87.4288095568829,156.5790076618939,10.576188483061044,0.723259282207521,3.966058899867567,5.883601758412204,8.337923157862305
87.44547853868592,156.61676821656258,10.577958333239986,0.6058696465542424,2.8603263339544993,5.468781660216908,8.339021434917882
87.46214752048895,156.65453441036885,10.579728408255082,0.4139904511408468,3.016181954082532,5.090732574926195,8.340119896982436
87.47881650229198,156.69230586711265,10.581498708013548,0.8895362597097543,3.3439487420476697,5.546376631192791,8.341218544165333
87.49548548409501,156.7300821047649,10.583269232419344,0.810353215532207,3.164236431561812,4.897836617564452,8.342317376575853
87.51215446589804,156.76786253546763,10.585039981373166,0.5323324624738659,3.1036850204687076,5.011284823970682,8.343416394323187
87.52882344770107,156.80564646553367,10.586810954772456,0.6176878814487328,3.760398099465439,4.703382353998069,8.344515597516452
87.5454924295041,156.84343309544707,10.58858215251139,0.6319644378537704,3.2566333384572204,4.538516504842338,8.34561498626467
87.56216141130713,156.88122151986263,10.590353574480892,0.4286328550746331,2.9122447534983156,4.272945829858933,8.346714560676782
87.57883039311015,156.91901072760638,10.59212522056862,0.5616067604846711,3.105102843904301,4.317973324532843,8.347814320861648
87.59549937491319,156.9567996016752,10.593897090658979,0.49829062390300416,2.97489834036842,4.185107538851625,8.348914266928032
87.61216835671621,156.99458691923692,10.59566918463311,0.6424743054857422,3.533205817040211,4.124696205162524,8.350014398984625
87.62883733851922,157.0323713516305,10.597441502368891,0.5771439779534387,3.127726248165191,4.187625586899797,8.351114717140028
87.64550632032226,157.07015146436592,10.599214043740957,0.3993958203754879,2.274018467247217,3.9738005879147256,8.352215221502759
87.66217530212528,157.1079257171239,10.600986808620664,1.129228134782191,3.16093667679852,4.878019825929737,8.353315912181246
87.67884428392831,157.14569246375643,10.60275979687612,0.9751314762000828,2.5570273756987754,5.637839231064423,8.354416789283839
87.69551326573134,157.18345320382792,10.604533008390499,0.5687326442391885,4.065021606322441,5.632900024579124,8.355517852918792
87.71218224753437,157.22121245299127,10.606306443118418,0.7789339636623939,3.0267350369834514,5.673514723568347,8.356619103194271
87.7288512293374,157.25897118998762,10.608080101028316,0.807855815340493,3.082634720990956,5.517068769932115,8.357720540218374
87.74552021114043,157.2967302889284,10.609853982084681,0.962493038648114,3.204976860125054,6.096351279490868,8.358822164099106
87.76218919294345,157.33449054945376,10.611628086248109,0.560467889967765,3.0461031186969305,5.743183912470712,8.359923974944394
87.77885817474649,157.37225269673246,10.613402413475274,0.942523237008368,3.0402324903277163,6.157011516109062,8.361025972862071
87.79552715654951,157.41001738146198,10.615176963718957,0.6144337616049091,3.2186884402968006,5.2287344100943836,8.362128157959894
87.81219613835255,157.4477851798683,10.616951736928021,0.4567552411858773,3.9197272630703734,5.085384174777015,8.363230530345524
87.82886512015557,157.4855565937062,10.618726733047431,0.8686678908112812,3.2823344370034575,4.813118451680278,8.36433309012654
87.84553410195859,157.52333205025903,10.620501952018243,0.9819050780737222,3.7422613134381377,4.372998772771974,8.365435837410438
87.86220308376163,157.56111190233887,10.622277393777601,1.2412479596449049,2.722664904872368,4.304711873045848,8.366538772304622
87.87887206556465,157.5988964282864,10.624053058258745,0.48363384101554496,3.197149896091553,4.425534629966415,8.367641894916416
87.89554104736769,157.63668583197096,10.625828945391017,0.8632755175664734,3.2277530398327743,4.048933978859076,8.368745205353052
87.91221002917071,157.67448024279048,10.627605055099838,0.6414439757468731,3.2067047063369802,3.0459085204677776,8.369848703721683
87.92887901097374,157.71227971567168,10.629381387306736,0.8799885680208217,3.695290697039,4.543384866321771,8.370952390129371
87.94554799277677,157.75008423106982,10.631157941929319,0.4291314745520171,3.0554860885898805,3.8104214021393963,8.37205626468309
87.9622169745798,157.78789369496886,10.6329347188813,0.4705879460292746,3.0863263897637387,4.653972101856823,8.373160327489735
87.97888595638283,157.8257079388814,10.634711718072477,0.5678794104115392,3.410462894398174,4.699311142364333,8.37426457865611
87.99555493818586,157.8635267198487,10.636488939408746,0.7387596155760985,2.849780619146248,5.568260293199463,8.375369018288934
88.01222391998888,157.9013497204407,10.638266382792098,0.5946629420709293,3.0465618160378662,5.481792865744442,8.37647364649484
88.02889290179192,157.93917654875585,10.640044048120611,0.8546024106525609,3.0845018160558824,5.26309198845467,8.377578463380376
88.04556188359494,157.9770067384215,10.641821935288462,0.9280827695845872,3.0050614737616947,5.395039323896931,8.378683469052003
88.06223086539798,158.01483974859343,10.643600044185916,0.8425316158337538,3.6653906803914467,6.188359322961891,8.379788663616097
88.07889984720099,158.05267496395615,10.645378374699336,1.0462858547737948,2.9614108278567155,5.354446768812745,8.380894047178941
88.09556882900401,158.0905116947229,10.647156926711178,0.805605829611605,3.0802057384490373,5.836081372240389,8.381999619846749
88.11223781080704,158.12834917663545,10.648935700099988,0.47897329617011997,3.253323216569179,5.644833466838838,8.38310538172563
88.12890679261007,158.16618657096433,10.650714694740412,0.9949400331188731,3.328228928090872,5.419564257963578,8.384211332921618
88.1455757744131,158.2040229645086,10.652493910503178,0.6011455331352332,3.125184866175484,5.415785572192461,8.38531747354066
88.16224475621613,158.2418573695961,10.65427334725512,0.9041724877276993,3.282350636592589,5.1234716139099055,8.38642380368861
88.17891373801916,158.2796887240832,10.656053004859155,1.0367475963414414,3.407293104723642,4.9541747311548,8.387530323471246
88.19558271982218,158.31751589135504,10.6578328831743,0.813250278138782,3.1771997962169145,4.626920761837085,8.388637032994254
88.21225170162522,158.35533766032535,10.659612982055666,0.4225927940612748,2.966684264080842,4.5194179996023305,8.389743932363235
88.22892068342824,158.3931530037422,10.661393301354623,0.5380939618497511,2.4068416636537666,4.290333374577555,8.390851021683698
88.24558966523128,158.43096382821298,10.663173840969119,0.9861970847590327,3.1401082580604984,4.004934770528149,8.391958301061061
88.2622586470343,158.46877185074945,10.664954600883206,0.687735408273327,2.904855797229774,4.222462866362726,8.39306577060066
88.27892762883734,158.50657829377184,10.666735581084534,0.7373863642166024,3.4968203949860452,4.101695429810405,8.394173430407758
88.29559661064036,158.54438429170256,10.66851678155579,0.8731482101103778,3.2277781361522813,4.2436193445506,8.395281280587527
88.31226559244338,158.5821908909662,10.67029820227469,0.8605595267832368,3.025318971529951,4.589745538990043,8.396389321245053
88.32893457424642,158.61999904998933,10.67207984321399,0.7769665021906389,2.927854448811963,4.897917304675382,8.397497552485333
88.34560355604944,158.65780963920076,10.673861704341473,0.6793844086895248,3.319031440274808,5.193952919123529,8.398605974413282
88.36227253785248,158.69562344103144,10.675643785619963,0.6584958948977595,2.69695795301289,5.689984069864286,8.399714587133719
88.3789415196555,158.7334411499144,10.677426087007309,0.8925208081205085,3.0014806767502575,5.456575111055639,8.400823390751386
88.39561050145853,158.7712633722848,10.679208608456404,0.8315663662180645,2.6216274335610277,5.7968667853420355,8.401932385370927
88.41227948326156,158.80909062657997,10.68099134991517,0.6693038347643407,3.0875123821236397,5.832674391029046,8.403041571096907
88.4289484650646,158.84692334323933,10.682774311326556,0.9370976303279241,3.5763749303544055,5.596068997410005,8.404150948033799
88.44561744686762,158.88476186470444,10.684557492628558,0.694779635519627,3.10542331540776,5.705929704347233,8.405260516285995
88.46228642867065,158.92260644541904,10.686340893754199,0.5501652724867765,3.0411522227973085,5.82281959457876,8.406370275957789
88.47895541047367,158.96045725182893,10.68812451463153,0.5686147743897432,2.342266567120224,5.365039349672456,8.4074802271534
88.49562439227671,158.99831436238208,10.68990835518365,0.524571911750811,3.193159440761978,5.133883004540957,8.408590369976949
88.51229337407973,159.03617776752859,10.69169241532868,0.665749198576892,2.79040815947656,4.604676372885231,8.409700704532478
88.52896235588277,159.07404736972066,10.693476694979777,0.9668871385091716,3.149293597152538,5.1752888249686055,8.410811230923935
88.54563133768578,159.1119229834126,10.695261194045136,0.559034285656507,3.0478276161959172,4.199150954597866,8.411921949255184
88.5623003194888,159.149804335061,10.697045912427985,0.7576594711802189,3.5177845356182837,3.7617188708463685,8.413032859630006
88.57896930129183,159.18769106312436,10.698830850026582,0.5885374050753687,3.0720989883449996,4.460760397510986,8.414143962152083
88.59563828309486,159.22558271806352,10.700616006734219,0.6677243792980377,3.0726863775780204,4.186977580800489,8.415255256925025
88.6123072648979,159.26347876234135,10.702401382439227,0.41768881665093516,3.293572168959402,4.225461249247186,8.416366744052342
88.62897624670092,159.30137857042274,10.704186977024968,0.6755002428734985,3.4049184457191677,4.314595299265201,8.417478423637462
88.64564522850395,159.33928142877494,10.705972790369835,0.6807776005787756,3.5367435674841112,5.252748937136421,8.418590295783726
88.66231421030697,159.3771865358672,10.70775882234726,0.8274870113770001,3.0770564206134865,5.040817191570785,8.419702360594387
88.67898319211001,159.41509300217086,10.709545072825703,0.7639963094631563,3.091389296576057,5.348990259949711,8.420814618172612
88.69565217391303,159.45299985015947,10.711331541668667,0.4795723642930282,2.8744869548452163,5.46445184710293,8.421927068621477
88.71232115571607,159.4909060143087,10.713118228734677,0.936001058809648,2.94698408611329,5.6875847013553775,8.423039712043973
88.72899013751909,159.52881034109635,10.7149051338773,0.7611325970260092,2.8100905517161134,6.157668217213529,8.424152548543004
88.74565911932213,159.5667115890023,10.716692256945135,0.7586612296779756,2.961107258696442,5.722067050058806,8.425265578221387
88.76232810112515,159.60460842850858,10.718479597781812,0.7170565511235535,3.345789844964713,5.341415719032441,8.426378801181853
88.77899708292817,159.64249944209945,10.720267156226004,0.6152519862285201,2.6454968535279093,5.9438612065313166,8.427492217527043
88.79566606473121,159.68038312426114,10.722054932111403,0.7622743558264252,3.279563330890309,5.670484347510577,8.42860582735951
88.81233504653423,159.71825788148215,10.723842925266748,0.8137419456145063,3.4563677117360356,5.340837300773822,8.429719630781722
88.82900402833727,159.75612232245274,10.72563113553925,0.36915544907725145,3.082453694861558,5.206437918167122,8.43083362789606
88.84567301014029,159.7939783652738,10.727419562992996,0.6106927071772557,3.078089750305059,4.704372109884084,8.431947818804794
88.86234199194332,159.8318285107712,10.729208207651432,0.6673657262654938,2.8493993623607476,4.590242364351782,8.433062203610127
88.87901097374635,159.86967484748482,10.730997069503495,0.7694994456015214,3.1157791461509525,4.353692539018189,8.434176782414184
88.89567995554938,159.90751931401286,10.732786148533027,0.9568376881983629,3.6183711652335315,4.084338086335919,8.435291555318996
88.9123489373524,159.94536369901203,10.73457544471877,0.5637374450947794,2.960720580343143,4.559399928472983,8.436406522426505
88.92901791915544,159.98320964119767,10.736364958034365,0.6184033181198086,2.4567949614934044,3.7979059019583383,8.437521683838568
88.94568690095846,160.0210586293435,10.738154688448358,0.6153989033084754,3.357502836988778,5.02500136564082,8.438637039656951
88.9623558827615,160.05891200228172,10.739944635924187,0.5575102038735846,3.118029891203819,4.741999601006688,8.439752589983334
88.97902486456452,160.0967709489031,10.741734800420206,0.6482883778481876,2.5083373279140666,4.158486134670918,8.440868334919303
88.99569384636753,160.13463650815686,10.743525181889654,0.8717960343809693,2.9502434160906685,4.867886114176289,8.441984274566359
89.01236282817057,160.17250956905073,10.745315780280686,0.5067783633769846,2.721152582361742,5.134180544709573,8.443100409025917
89.02903180997359,160.21039087065097,10.747106595536346,0.8030181721178203,2.769628158303859,5.533829570447119,8.444216738399298
89.04570079177662,160.24828100208225,10.748897627594586,0.3769846363090378,3.015208540378568,5.310211355546069,8.445333262787738
89.06236977357965,160.28618040252786,10.750688876388255,0.6050072308549876,2.9292367036297313,5.747957501465526,8.446449982292382
89.07903875538268,160.32408936122943,10.752480341845105,0.651286676553002,2.9577974310940967,5.761044393206359,8.447566897014289
89.0957077371857,160.36200801748723,10.75427202388779,1.0520661362722243,2.7555993155721366,5.557050379931386,8.448684007054428
89.11237671898874,160.39993636065992,10.756063922433865,0.6620433644885307,2.965824105317107,5.420055961981958,8.449801312513678
89.12904570079176,160.4378742301647,10.757856037395785,0.276664713172598,3.0830049689791688,5.796585554425215,8.450918813492834
89.1457146825948,160.4758213154773,10.759648368680905,0.3170451676055201,2.8985171344722427,4.798824232237775,8.452036510092595
89.16238366439782,160.5137771561319,10.761440916191482,0.7235383660705969,3.239346686147666,5.207879696726274,8.45315440241358
89.17905264620086,160.55174114172115,10.763233679824676,0.8393960785084695,3.2585713126232845,5.054169112311595,8.454272490556308
89.19572162800388,160.5897125118963,10.765026659472547,0.7916424961681451,2.405753473625178,4.517870824746263,8.455390774621224
89.21239060980692,160.62769035636694,10.766819855022053,0.7499747218553291,3.13088709513706,4.4084596788062,8.456509254708674
89.22905959160994,160.66567361490135,10.768613266355056,0.9488219550261892,3.3536323837334883,4.610564280152423,8.457627930918918
89.24572857341296,160.7036610773261,10.770406893348321,0.6083610850023083,2.980918206238613,3.9911361798070666,8.458746803352124
89.262397555216,160.74165138352643,10.772200735873508,0.8951706927918073,2.447162536659074,4.041249151968169,8.45986587210838
89.27906653701902,160.77964302344594,10.773994793797186,0.3896948158471762,3.0507047956571305,4.168455048812044,8.46098513728768
89.29573551882206,160.81763433708682,10.775789066980819,0.535017396377464,3.0451156484147943,4.828918519901192,8.462104598989926
89.31240450062508,160.85562351450972,10.777583555280772,0.3545078129552288,2.4843290198890218,5.080211399099547,8.463224257314938
89.32907348242811,160.8936085958338,10.779378258548318,0.6608561196653514,2.8149291285411193,4.517064897129144,8.464344112362443
89.34574246423114,160.93158747123667,10.781173176629622,0.7064819831022751,3.0076212556064976,5.487295828969369,8.465464164232083
89.36241144603417,160.96955788095448,10.782968309365756,0.7384635306729183,2.946988045693553,5.662532178314317,8.466584413023405
89.3790804278372,161.0075174152819,10.78476365659269,0.7279288674102778,2.9774124748633777,6.0735578369449605,8.467704858835877
89.39574940964023,161.04546351457202,10.786559218141296,0.5299504542262443,2.9977566742339605,5.854150810060541,8.468825501768869
89.41241839144325,161.08339346923648,10.788354993837348,0.6773218340295329,2.8647209004864473,5.784158333367214,8.469946341921666
89.42908737324629,161.121305010248,10.790150983520961,0.41578951069981185,2.8620849415059872,6.121739207788311,8.471067379393467
89.4457563550493,161.1592058975862,10.791947187353365,0.9878334399587565,3.252723017122217,5.8923890696932,8.472188614283363
89.46242533685232,161.19710140879874,10.79374360539514,0.6543711898839786,2.98182503861878,6.193883584404051,8.473310046690374
89.47909431865536,161.23499398596056,10.795540237613297,0.6172278992234159,2.1978673919170673,5.594766750614231,8.47443167671343
89.49576330045838,161.2728858737657,10.797337083970785,1.0327018663442327,2.9585031013246876,5.1098844298735395,8.475553504451376
89.51243228226141,161.31077911952752,10.799134144426484,0.46637313064091,2.6003322696237396,4.462005491399788,8.476675530002963
89.52910126406444,161.34867557317853,10.800931418935201,0.48961361032917916,3.1389410208732373,4.408567227159964,8.477797753466856
89.54577024586747,161.38657688727048,10.802728907447674,0.4953955230535607,3.0779271838379283,3.961507007770504,8.478920174941626
89.5624392276705,161.42448451697422,10.804526609910571,0.7009738257033769,2.19889905238743,4.196728948755005,8.480042794525756
89.57910820947353,161.46239972007993,10.806324526266492,0.8007829011285134,3.146035381497469,4.480356057906832,8.481165612317639
89.59577719127655,161.50032355699685,10.808122656453962,0.8623001011414327,2.577566918499363,4.220805537381817,8.482288628415583
89.61244617307959,161.53825689075353,10.809921000407442,1.2286724625103211,3.6575236963326647,4.623981693017099,8.483411842917794
89.62911515488261,161.5762003869976,10.811719558057318,0.2642952588586712,3.0164213677444236,4.58112325868565,8.484535255922403
89.64578413668565,161.6141545139961,10.813518329329908,0.8358371774226929,2.399578255863279,4.572240302282572,8.485658867527437
89.66245311848867,161.652119542635,10.81531731414746,0.6025722142112989,2.8433111328840193,4.9628155173438415,8.486782677830846
89.6791221002917,161.69009554641968,10.817116512428154,0.5966235273223455,3.161046760143844,5.327731756139563,8.487906686930478
89.69579108209473,161.72808240147455,10.818915924086095,0.5898603190875756,2.8608440825851056,5.459222493049877,8.4890308949241
89.71246006389775,161.76607978654337,10.820715549031325,0.5319689574963885,3.003610595339009,5.65313875675686,8.49015530190939
89.72912904570079,161.804087182989,10.822515387169808,1.0505359647971786,3.8237073468773555,5.50817130746772,8.491279907983927
89.74579802750381,161.8421038747935,10.824315438403445,0.8819985288141472,2.907313331784049,5.66759903923452,8.492404713245207
89.76246700930685,161.8801289485582,10.826115702630066,0.7180862839916011,3.0393678511817517,6.455550160998445,8.493529717790636
89.77913599110987,161.91816129350354,10.827916179743422,0.9835582229976828,3.5893803334016683,6.050893660125125,8.494654921717526
89.7958049729129,161.95619960146925,10.829716869633206,0.41075722302958434,3.0545226400376904,5.077731294433247,8.495780325123105
89.81247395471593,161.99424236691414,10.831517772185038,0.44702989279870214,2.2086272141013694,4.596418878772144,8.496905928104507
89.82914293651896,162.03228788691635,10.833318887280459,0.27748523500546796,3.0893719364978733,5.0859817358146495,8.498031730758775
89.84581191832198,162.0703342611731,10.835120214796953,0.573103695220803,2.5398935437937102,5.081599600610623,8.499157733182868
89.86248090012502,162.10837939200084,10.836921754607925,0.745234089826557,3.5783786927732972,4.426264200933576,8.500283935473647
89.87914988192804,162.14642098433526,10.838723506582717,0.7333738407688724,2.8810085118131536,4.698337256851777,8.501410337727892
89.89581886373108,162.18445654573128,10.840525470586593,0.7425782075654034,4.49134436562523,4.278876271153872,8.502536940042283
89.91248784553409,162.22248338636285,10.842327646480749,0.4304061188030332,3.2328914508058673,4.153562150403977,8.50366374251342
89.92915682733711,162.26049861902328,10.844130034122319,0.8731560527112616,2.682409056726429,4.448903992785952,8.504790745237809
89.94582580914015,162.29849915912507,10.84593263336436,0.7603581865354428,3.0115150190376982,4.158265853690727,8.505917948311865
89.96249479094317,162.3364817246998,10.847735444055857,0.858951077424608,3.1186659865244826,4.394369936858489,8.507045351831911
89.9791637727462,162.37444796733573,10.84953846611056,0.3336952834193501,3.393141191658985,4.894863115753566,8.508172955894185
89.99583275454923,162.41241105575943,10.851341699616881,0.7744533480826742,3.0686157971187384,4.92780524134799,8.509300760594819
90.01250173635226,162.450373374377,10.853145144539027,0.4745095453227932,3.505772279286134,5.759414633118973,8.510428766029873
90.02917071815529,162.48833641865178,10.854948800828442,0.632505319394267,2.9484397080306413,5.626198566469117,8.511556972295315
90.04583969995832,162.52630154207029,10.856752668433225,0.8187502858627544,2.940383751063465,5.797031267796199,8.51268537948702
90.06250868176134,162.56426995614206,10.858556747298149,0.7300033232679431,2.822656582156445,5.72430232239489,8.513813987700773
90.07917766356438,162.60224273039972,10.860361037364628,0.541383861610178,3.127338386444954,6.059973263682925,8.514942797032269
90.0958466453674,162.64022079239905,10.86216553857075,0.7128537040378674,3.141842062056836,5.681066717992343,8.516071807577111
90.11251562717044,162.67820492771892,10.863970250851256,0.4051991846905279,3.110708306346239,5.766702299326897,8.51720101943081
90.12918460897346,162.7161957799612,10.865775174137553,0.9414668615781969,3.11533369556921,5.244464756667852,8.51833043268879
90.1458535907765,162.75419385075094,10.867580308357697,0.6702636728972615,1.9653983123772962,5.617696919106548,8.519460047446382
90.16252257257952,162.79219949973626,10.869385653436415,0.9349375198019374,3.0375544045048173,5.149609342907385,8.520589863798818
90.17919155438254,162.83021294458834,10.87119120929509,0.6058282074601106,3.0774066271342715,5.40763272018572,8.521719881841255
90.19586053618558,162.8682342610015,10.872996975851756,0.6063263209182446,3.6618913818574432,5.299340957329021,8.522850101668745
90.2125295179886,162.9062633826931,10.874802953021122,0.5581110948017441,2.7490353917704735,4.62038207430531,8.523980523376254
90.22919849979164,162.94430010140366,10.876609140714546,0.886090131824915,3.764406479220476,4.281240400045058,8.525111147058661
90.24586748159466,162.98234406689673,10.87841553884005,0.5688759672225563,2.996359693327025,3.9186065425839987,8.526241972810745
90.2625364633977,163.02039478695895,10.880222147302316,0.8395880982359425,3.181983078688846,4.493657549511115,8.5273730007272
90.27920544520072,163.05845162740013,10.882028966002682,0.6340853051641551,3.659258593257001,4.381278959550035,8.528504230902632
90.29587442700375,163.0965138120531,10.88383599483915,0.31528985756299943,3.0692385723436106,4.64232337571348,8.529635663431547
90.31254340880677,163.13458042277378,10.885643233706379,0.5963263967433066,3.180947965681264,5.2133943344965035,8.53076729840837
90.32921239060981,163.1726503994412,10.88745068249569,0.4744742201210419,3.0168003040142626,4.69059313536384,8.531899135927423
90.34588137241283,163.21072253995752,10.88925834109506,0.7169830203746033,2.7826763914375237,4.910169360562097,8.53303117608295
90.36255035421586,163.2487955002479,10.89106620938913,0.4720275011170588,2.966269956868589,5.347718311750351,8.534163418969094
90.37921933601888,163.28686779426073,10.892874287259199,0.8952106009957903,2.864862771664019,5.855200631974901,8.535295864679911
90.3958883178219,163.32493779396734,10.894682574583229,0.6917069013880607,2.953488620780376,5.905880701695472,8.536428513309371
90.41255729962494,163.36300372936225,10.896491071235834,0.6743093271354139,2.618661378834081,5.528894641488806,8.537561364951342
90.42922628142796,163.40106368846307,10.898299777088294,0.8409133663136851,3.1479059522659085,6.004651455193899,8.538694419699608
90.445895263231,163.43911561731042,10.900108692008548,0.9024226982986819,2.9237275526429376,5.321259869759666,8.539827677647862
90.46256424503402,163.4771573199681,10.901917815861193,0.7055278939330843,2.919098783821307,5.267498880137805,8.540961138889703
90.47923322683705,163.51519177002154,10.90372714854964,0.5552138772746642,3.080714117118437,5.27058200870026,8.542094803518635
90.49590220864008,163.55322531840488,10.905536690049885,0.3545662669714515,2.7519015783947585,4.895702436730482,8.543228671628068
90.51257119044311,163.59125897803722,10.90734644032094,0.5720564519258973,3.7523167267771926,5.079157859005872,8.544362743311332
90.52924017224613,163.62929366117953,10.909156399318116,0.5857301272899581,2.926500606011255,4.666969995875264,8.545497018661663
90.54590915404917,163.66733019591527,10.910966566993121,0.7304902006700569,2.9439993458650866,4.920601656261024,8.54663149777221
90.56257813585219,163.70536932615033,10.912776943294052,0.6399554274793444,2.483268998939354,4.186290665263012,8.547766180736025
90.57924711765523,163.7434117116132,10.914587528165397,0.8464774519537767,2.9686208909234435,4.165711220365203,8.548901067646069
90.59591609945825,163.78145792785472,10.916398321548039,0.5862002173449742,3.5275936315678464,4.585511152320332,8.550036158595212
90.61258508126129,163.81950846624832,10.918209323379244,0.6972946125211233,3.3801350912701817,4.291282867633696,8.551171453676229
90.62925406306431,163.85756373398982,10.920020533592686,0.9454062690785737,3.0967905372278075,4.929645984263907,8.552306952981809
90.64592304486733,163.89562405409762,10.921831952118415,0.7768797180504715,3.2343320047974182,4.857351995267929,8.553442656604542
90.66259202667037,163.93368966541257,10.923643578882883,0.6964130220327671,2.9059682074519486,4.232780327781946,8.554578564636927
90.67926100847339,163.97176072259794,10.925455413808928,0.5879374574030951,2.3696069491547394,5.541410452552757,8.555714677171375
90.69592999027643,164.0098372961396,10.927267456815782,0.5815858421933703,2.8773854371728107,5.693058968941107,8.5568509943002
90.71259897207945,164.04791937234583,10.92907970781907,0.53801520703674,2.920044362980104,5.894692772848435,8.55798751611563
90.72926795388248,164.0860068533474,10.930892166730812,0.5998421809237938,3.4807586341975134,5.1663932662269145,8.559124242709792
90.7459369356855,164.1240995570976,10.93270483345941,0.8590823786629203,3.0020840020137585,5.598757933366967,8.560261174174729
90.76260591748854,164.16219721737215,10.934517707909668,0.6634771738876928,3.6104451125096073,5.600910077660406,8.561398310602387
90.77927489929156,164.20029948376933,10.936330789982776,0.4378057919183697,3.435053507975834,5.4289215273896065,8.562535652084623
90.7959438810946,164.2384059217098,10.938144079576318,1.0612998024894038,2.880269445702566,6.040866458469061,8.563673198713198
90.81261286289761,164.27651601243684,10.939957576584268,0.7715644806416618,2.054140502096902,5.301043322426955,8.564810950579783
90.82928184470065,164.31462915301609,10.941771280896997,0.4260882213155251,3.1590920325303036,5.050067357503975,8.565948907775963
90.84595082650367,164.35274465633574,10.943585192401267,0.6190125354638759,3.503207662317099,4.977123859897332,8.567087070393217
90.86261980830669,164.39086175110648,10.945399310980221,0.7294649774779696,2.399883364177612,4.751252279221282,8.568225438522946
90.87928879010973,164.42897958186146,10.94721363651341,1.04811146009639,3.1877399238246196,3.3900130178421124,8.569364012256447
90.89595777191275,164.46709720895626,10.949028168876765,0.48547585085217915,3.138076735052713,4.066273045270057,8.570502791684934
90.91262675371578,164.50521360856905,10.950842907942617,0.9022117480026249,2.9702002225434256,3.778481869393073,8.571641776899522
90.9292957355188,164.5433276727004,10.95265785357968,0.9868061117318727,3.6029653000340645,4.342652550960062,8.572780967991239
90.94596471732184,164.5814382091734,10.95447300565307,0.5810831481249944,3.48426196519118,4.232257421551243,8.57392036505102
90.96263369912486,164.61954394163365,10.956288364024285,0.6512164287849584,3.0471048406220844,4.48659256029902,8.575059968169706
90.9793026809279,164.65764356521566,10.958103928550745,0.49936240713200414,3.1790347591838177,4.072193253634809,8.576199777438045
90.99597166273092,164.69573904181152,10.95991969909267,0.6658370930911791,3.033704000959256,4.846356794884121,8.57733979294668
91.01264064453396,164.73383273983595,10.961735675605702,0.6991163518079437,2.7775555107517778,5.523356977743445,8.57848001478617
91.02930962633698,164.77192568339092,10.96355185807033,0.8382693323491887,2.9176007239697106,5.842670282320206,8.579620443046991
91.04597860814002,164.81001882088052,10.965368246462292,0.9242809736979776,2.7947031938375835,5.8254042567111295,8.580761077819528
91.06264758994304,164.84811302501086,10.967184840752607,0.5565299740538234,2.771399442749378,5.339312878455188,8.581901919194069
91.07931657174608,164.8862090927903,10.969001640907557,0.31258904235841894,2.8823361598793156,6.175528581778968,8.58304296726081
91.0959855535491,164.924307745529,10.970818646888688,0.7017099283331515,2.677001128318277,5.99455755469079,8.584184222109858
91.11265453535212,164.96240962883954,10.972635858652819,0.7645711799443513,2.9900623368587325,5.64573493071684,8.585325683831218
91.12932351715516,165.0005153126363,10.974453276152031,0.7556519620454278,2.882451070681992,4.910246726196837,8.586467352514807
91.14599249895818,165.03862529113596,10.97627089933368,0.6403384863781192,3.1845369838305273,5.590006396879286,8.58760922825045
91.16266148076122,165.07673998285713,10.978088728140385,0.7305282280160823,2.6912992749092037,4.882689524572821,8.588751311127874
91.17933046256424,165.11485973062057,10.979906762510032,1.0085714028071253,2.885404637143614,4.914692611085242,8.589893601236714
91.19599944436727,165.15298480154914,10.981725002375772,0.7817338688507324,2.9835083288675923,4.600385584510059,8.591036098666518
91.2126684261703,165.1911153870678,10.983543447666031,0.6306179048655121,2.8800359669959574,4.8515473187226865,8.592178803506728
91.22933740797333,165.22925160290353,10.985362098304499,0.6051565421593483,2.842835608686013,4.222304805722418,8.593321715846706
91.24600638977635,165.26739348908546,10.987180954210126,0.6711301106781237,2.693071925340434,4.1977315503956705,8.594464835775709
91.26267537157938,165.30554100994473,10.989000015297144,1.0323530121558155,3.0728467005487543,4.696310285787297,8.59560816338291
91.2793443533824,165.34369405411468,10.990819281475043,0.6682492764195598,3.185793996997511,4.121825028819162,8.596751698757382
91.29601333518544,165.38185243453066,10.99263875264858,0.7008549089330697,3.00497039743544,4.726805421975303,8.597895441988108
91.31268231698846,165.42001588843007,10.994458428717785,0.6082553841578766,3.4439848997231968,4.636810339352589,8.59903939316398
91.32935129879148,165.45818407735246,10.99627830957795,0.9244190513551911,2.953607570946455,4.63924611346273,8.600183552373789
91.34602028059452,165.4963565871395,10.998098395119637,1.0964940733693578,3.118539362796505,5.189844628262193,8.60132791970624
91.36268926239754,165.53453292793483,10.999918685228678,0.7945534359105243,2.9845649378806347,5.627941164044875,8.60247249524994
91.37935824420057,165.5727125341843,11.001739179786169,0.7208895714535988,3.0321729709246195,6.01630995819899,8.603617279093402
91.3960272260036,165.61089476463573,11.003559878668472,0.711595683090321,2.131844117784531,6.1826257851298365,8.604762271325054
91.41269620780663,165.6490789023391,11.005380781747224,0.22728184556223713,2.787757769595104,5.709331330088538,8.605907472033218
91.42936518960965,165.6872641546465,11.00720188888932,0.8530774241634793,3.5674958882249013,5.481016866888872,8.607052881306133
91.44603417141269,165.72544965321202,11.009023199956928,0.7307845436343043,1.9336217045459672,5.584903155668861,8.608198499231943
91.46270315321571,165.76363445399187,11.010844714807483,0.7895236408556713,2.8943031655791844,5.162765921794954,8.609344325898688
91.47937213501875,165.8018175372444,11.012666433293688,0.5614667233732344,3.5022047295991277,5.238066058243599,8.610490361394332
91.49604111682177,165.83999780752998,11.014488355263515,0.6267716790573599,2.9015841738603383,4.957143575793152,8.61163660580673
91.51271009862481,165.87817409371112,11.016310480560193,0.6213619214296026,2.748763862752841,5.028411568073634,8.612783059223652
91.52937908042783,165.91634514895233,11.018132809022237,0.9077953206552701,2.965359854555992,3.917492839847775,8.613929721732774
91.54604806223087,165.95450965072033,11.019955340483413,0.6276225328817524,2.8555188073593873,4.169494896575434,8.615076593421678
91.56271704403389,165.99266642630113,11.021778074784834,1.1198103022556474,2.9273819666542433,4.041994569059488,8.616223674377846
91.57938602583691,166.03081665951177,11.023601011892918,0.7893544205559527,2.810931430718895,4.558351595513104,8.61737096468865
91.59605500763995,166.06896228622804,11.025424151814239,0.44794906497933595,3.364155669723145,3.888737893146257,8.618518464441397
91.61272398944297,166.10710503177395,11.02724749454493,0.6772799598782544,3.478057345111299,4.3876559844647804,8.619666173723294
91.629392971246,166.14524650074347,11.029071040075557,0.5725577769905073,2.886969824592573,4.444602712033098,8.620814092621458
91.64606195304903,166.1833881770008,11.030894788391105,0.2639198517122724,2.2146981365769327,5.009953923453985,8.621962221222912
91.66273093485206,166.2215314236803,11.032718739470988,1.0225940393332333,2.830434259711839,5.119454546889169,8.623110559614583
91.67939991665509,166.25967748318638,11.034542893289048,0.8432318267867616,2.830844210244104,5.226547737494935,8.6242591078833
91.69606889845812,166.29782747719366,11.036367249813548,0.8091482103713802,3.1072202964742193,5.254623439894572,8.625407866115806
91.71273788026114,166.33598240664693,11.038191809007179,0.7354908687350775,2.740268363577544,5.054945565809755,8.626556834398741
91.72940686206417,166.374143151761,11.040016570827058,0.42590997427352856,2.5192612945984774,5.814607845404419,8.627706012818653
91.74607584386719,166.412310472021,11.041841535224732,0.6054933729094742,2.977424923545676,5.956959395691869,8.628855401461994
91.76274482567023,166.4504850061821,11.043666702146163,0.8704762300759886,3.2869969964331083,5.304565519034296,8.630005000415126
91.77941380747325,166.48866727226957,11.04549207153175,0.4917793049698094,2.6533789159745504,5.310049242456005,8.631154809764313
91.79608278927627,166.52685766757887,11.047317643316314,0.19557264501019833,2.682693017661792,5.592391273050998,8.63230482959572
91.8127517710793,166.56505646867558,11.049143417429095,0.656408465583589,4.541541211864338,5.404378199292558,8.633455059995425
91.82942075288233,166.60326383139545,11.05096939379377,0.6733812767774839,3.0128542600287136,4.761752659729406,8.634605501049407
91.84608973468536,166.6414797908444,11.052795572328431,0.7287485528914047,2.7886919312756513,4.637266879421964,8.63575615284355
91.86275871648839,166.6797042613984,11.054621952945606,0.8472426419375526,3.2438874025242197,4.027733030244465,8.636907015463644
91.87942769829142,166.7179370367036,11.056448535552242,0.8289630809262447,2.8762288046888598,4.802305373548112,8.638058088995388
91.89609668009444,166.7561777896764,11.058275320049715,0.7530988464117914,3.3293286602146956,3.8694234610173877,8.639209373524379
91.91276566189748,166.79442607250311,11.060102306333823,0.9403540915194788,2.9181588692731406,4.364839637252459,8.640360869136126
91.9294346437005,166.83268131664042,11.061929494294793,0.3973567479532157,2.931730015367151,4.212569127209889,8.641512575916039
91.94610362550354,166.870942832815,11.063756883817279,0.8019699189182035,2.848243686165469,4.70690445533657,8.642664493949434
91.96277260730656,166.90920981102374,11.065584474780357,0.8262640423085669,2.654993224321706,4.245898072128355,8.643816623321532
91.9794415891096,166.94748132053363,11.067412267057529,0.4529466877736973,3.8607918944822877,4.71606331847256,8.644968964117464
91.99611057091262,166.98575630988185,11.069240260516727,0.4001877603504638,2.7550981536042585,4.431873245404509,8.646121516422259
92.01277955271566,167.02403360687566,11.071068455020306,0.5514761556561696,2.3319729325566243,4.6092947077031265,8.647274280320856
92.02944853451868,167.06231191859248,11.072896850425046,0.568258953098262,2.8048964731479487,5.6005171290222,8.648427255898097
92.0461175163217,167.10058983137995,11.074725446582153,0.8511537567560559,2.7305716431212925,5.075591410394027,8.649580443238731
92.06278649812474,167.13886581085572,11.076554243337261,0.577464691594364,2.862278521962171,5.6722808834739284,8.650733842427414
92.07945547992776,167.17713820190767,11.078383240530428,0.5290052907946704,2.986490121647293,6.101252386563824,8.651887453548703
92.0961244617308,167.21540522869378,11.080212437996137,0.5778507550902023,3.2955477990816546,6.000864833979807,8.653041276687059
92.11279344353382,167.2536649946422,11.082041835563297,0.9238064391165997,3.210050706255799,5.480413993469029,8.654195311926854
92.12946242533685,167.29191548245123,11.083871433055245,0.7025910789148052,2.8346609578847843,5.039608079769287,8.655349559352363
92.14613140713988,167.33015455408926,11.085701230289741,0.6640345926372847,2.9091542004872135,5.454837696753887,8.656504019047766
92.16280038894291,167.36837995079483,11.087531227078975,0.6777860535718921,2.9422308944520115,5.460927534589777,8.657658691097147
92.17946937074592,167.40659075577344,11.089361423293363,0.9581015377336204,2.16023116602176,4.610136801683598,8.658813575584494
92.19613835254896,167.44479643311317,11.091191819245385,0.5497574050752616,3.109023629692888,4.337092433229704,8.659968672593696
92.21280733435198,167.48300056716374,11.093022414974602,0.9625956501015155,2.640234459088874,4.231205000882497,8.661123982208549
92.22947631615502,167.52120477482515,11.094853210435938,0.7414954552239875,3.900554979024553,4.430604683472496,8.662279504512764
92.24614529795804,167.55941052796382,11.0966842055807,0.667214484598041,2.821966311724586,4.57066610964687,8.66343523958995
92.26281427976106,167.59761915341272,11.09851540035658,1.1993805881792539,2.803144490938079,3.8513420141711996,8.664591187523623
92.2794832615641,167.63583183297126,11.100346794707654,0.4879746802964674,2.5726003425484874,3.8709099375042713,8.6657473483972
92.29615224336712,167.67404960340525,11.102178388574373,0.6282674780897223,2.7732286374168766,5.18610665353217,8.666903722294009
92.31282122517015,167.712273356447,11.104010181893575,0.45242039601906126,4.013727755040991,4.64513723925855,8.668060309297275
92.32949020697318,167.75050383879534,11.105842174598479,0.8893010139282942,3.010637030526489,5.017965532160724,8.66921710949013
92.34615918877621,167.78874165211548,11.107674366618687,1.0365483446597243,2.2379115412839345,4.983951502052757,8.670374122955607
92.36282817057923,167.8269872530391,11.109506757880185,1.0325970144764482,3.4721991701183614,5.569198977120848,8.67153134977665
92.37949715238227,167.8652409531644,11.111339348305334,0.9433040712673387,3.0725875808862986,5.899567804389603,8.672688790036101
92.3961661341853,167.903502919056,11.113172137812885,0.6588920517167369,2.7328668990477865,5.830948426115116,8.673846443816709
92.41283511598833,167.94177317224498,11.115005126317968,0.6252697366296246,2.9164064306572475,6.320171863538535,8.675004311201121
92.42950409779135,167.98005158922888,11.1168383137321,0.3639857267130195,2.865856585648307,5.678668982767251,8.676162392271898
92.44617307959439,168.0183379014717,11.118671699963167,1.1052960995837153,3.654120941458565,5.600556528209007,8.677320687111498
92.46284206139741,168.05663169540398,11.120505284915453,0.7918186817825781,2.73784591306729,5.585047272540447,8.678479195802286
92.47951104320045,168.09493241242257,11.122339068489614,0.5995333210732446,2.942883746100509,5.440831046694586,8.679637918426529
92.49618002500347,168.1332393488909,11.124173050582694,0.9634376780462527,2.8083969337358177,5.125938280952953,8.680796855066397
92.51284900680649,168.17155165613883,11.126007231088115,0.5031749574247775,2.277951812000336,4.422805794628621,8.681956005803972
92.52951798860953,168.20986834046266,11.127841609895682,0.7789537904941782,3.7369818026239043,4.671247770941665,8.683115370721229
92.54618697041255,168.24818826312523,11.129676186891585,0.6630050420280436,2.6696486437045963,4.275973367320464,8.684274949900054
92.56285595221559,168.28651014035572,11.131510961958393,0.8251677444813,2.9764620465207337,4.084565817377867,8.685434743422238
92.57952493401861,168.32483254334986,11.133345934975058,0.6846190186882753,2.619253297531158,4.211805059788993,8.68659475136947
92.59619391582164,168.3631538982698,11.135181105816917,0.40704952074352035,2.70051148017028,3.9349345646290694,8.687754973823345
92.61286289762467,168.40147248624416,11.137016474355685,0.7122517083788266,3.031619550548481,3.9801457116852794,8.68891541086537
92.62953187942769,168.43978644336806,11.138852040459458,0.9068105595565235,2.725529403145694,3.7000009189266128,8.690076062576942
92.64620086123071,168.47809376070305,11.140687803992725,0.6910957098236606,3.15631935883655,5.2231520742293664,8.691236929039373
92.66286984303375,168.51639228427712,11.142523764816344,0.8518632376204603,2.824371218625875,5.109513508569463,8.69239801033388
92.67953882483677,168.55467971508477,11.144359922787563,0.48763550099000763,3.3403295174305274,5.157179367399979,8.693559306541573
92.6962078066398,168.5929600956255,11.146196277833313,0.6913903868258314,3.400342274621192,5.222636222020685,8.694720817743468
92.71287678844283,168.63123981488556,11.14803282995058,0.5716415643687032,2.7618035374129715,4.749189771378338,8.695882544020483
92.72954577024585,168.66951991066668,11.149869579096203,0.8458408958844434,2.898035862455839,5.522713778147793,8.697044485453452
92.74621475204889,168.70780133140798,11.151706525223407,0.702644075382289,2.8848481791430776,6.012724422030315,8.698206642123106
92.76288373385191,168.746084936186,11.153543668281808,0.8342614958717534,3.114056432909076,6.059177041776603,8.699369014110083
92.77955271565494,168.784371494715,11.155381008217407,0.9136898061375511,2.863398542209473,5.8717399809139215,8.700531601494923
92.79622169745797,168.82266168734668,11.157218544972599,0.8343723588776698,2.889076424623682,5.562608907568341,8.701694404358072
92.812890679261,168.8609561050703,11.159056278486158,0.7505732163242708,2.734748824741004,5.691857882058142,8.702857422779873
92.82955966106402,168.89925524951275,11.16089420869326,0.49620792605902136,2.8719235047264156,4.958296494467743,8.704020656840576
92.84622864286706,168.9375595329384,11.162732335525455,0.6951939666261754,3.3912642589716935,5.133009201145391,8.705184106620331
92.86289762467008,168.97586927824923,11.164570658910693,0.5890338820760246,3.109993624688912,4.461525740145087,8.706347772199196
92.87956660647312,169.01418471898475,11.166409178773302,0.6267399075982605,2.972168736537642,4.123433369138844,8.707511653657129
92.89623558827614,169.05250599932205,11.168247895034007,0.6205465680081528,3.2145425457150014,3.9568824434115264,8.708675751073988
92.91290457007918,169.09083317407575,11.17008680760992,0.49936894519894437,2.831012777842124,3.8826617404862986,8.709840064529537
92.9295735518822,169.12916620869802,11.171925916414537,0.3037869671227965,2.983682000537441,4.421279684296586,8.711004594103443
92.94624253368524,169.16750497927862,11.173765221357746,0.5615266628941785,2.422352379445208,4.0983085834758635,8.71216933987528
92.96291151548826,169.20584927254484,11.17560472234582,0.733731713389569,3.0653013768977133,4.175267195969632,8.713334301924514
92.97958049729128,169.24419878586156,11.177444419281427,0.4253209272180513,1.4592054416606581,4.913748470928663,8.714499480330524
92.99624947909432,169.28255312723118,11.179284312063615,0.6979932597694394,2.8372240923025487,5.0418816929424,8.715664875172589
93.01291846089734,169.32091181529367,11.181124400587827,1.0748109364005791,3.3206089769123306,5.481663901783553,8.716830486529886
93.02958744270038,169.35927427932654,11.18296468474589,0.8992689645627723,2.309434163202536,5.5771756331979905,8.717996314481507
93.0462564245034,169.39763985924492,11.184805164426024,1.0232663202400023,2.9153210236817277,5.386515429752725,8.719162359106432
93.06292540630643,169.4360078056014,11.186645839512833,0.772683921654622,2.5066953378737553,5.7643654676579,8.720328620483555
93.07959438810946,169.4743772795862,11.188486709887313,0.9278606016851357,2.7949909663971515,5.835553890705352,8.721495098691669
93.09626336991248,169.51274735302707,11.19032777542684,0.5494659448006374,3.2371309614301533,5.50060895258334,8.722661793809468
93.1129323517155,169.55111700838933,11.192169036005193,0.56529105430172,2.923245598028792,5.3472954860465345,8.723828705915555
93.12960133351854,169.5894851387758,11.194010491492527,0.14623124631512052,2.4986078428662464,5.310340399419375,8.724995835088427
93.14627031532156,169.627850547927,11.195852141755392,0.9311885252311591,2.35591131244221,5.911023201460059,8.726163181406493
93.1629392971246,169.66621195022083,11.197693986656722,1.0019243323293634,2.978513247389208,4.932337948276182,8.727330744948059
93.17960827892762,169.70456797067285,11.199536026055844,0.5831241563202456,3.028551217286034,5.176634933984872,8.728498525791338
93.19627726073064,169.7429179184795,11.201378259805423,0.6428692962352228,3.5316080372408254,4.435709894893429,8.729666524014437
93.21294624253368,169.78126526306932,11.203220687794868,0.5427872100211426,3.128220029346976,4.653978193070009,8.730834739695357
93.2296152243367,169.81961152647233,11.205063309998756,0.769990301438238,2.669850650120384,4.529081814911533,8.732003172912023
93.24628420613973,169.85795769230396,11.206906126393838,0.9183460217445842,3.1863754162328024,4.487738650571394,8.733171823742257
93.26295318794276,169.8963046684251,11.208749136952138,0.3447050026257742,2.8498410813807036,4.340075974544161,8.734340692263787
93.27962216974579,169.93465328694202,11.210592341640947,0.7750469514443953,2.459651035764313,4.734711891527836,8.735509778554245
93.29629115154881,169.97300430420646,11.21243574042284,0.6377247021010671,2.73028874626209,4.599216675008196,8.736679082691158
93.31296013335185,170.01135840081562,11.21427933325565,0.7156377092012542,1.7102687421251486,5.214334081995827,8.737848604751964
93.32962911515487,170.04971618161218,11.216123120092492,0.7846573687589504,3.0588821807920263,4.458211140852529,8.73901834481399
93.34629809695791,170.08807817568422,11.217967100881747,0.6551177815579532,3.4979194347968128,5.2980497374354965,8.74018830295448
93.36296707876093,170.12644483636527,11.219811275567075,0.6719405628111368,2.4362092853303863,5.508985121782434,8.741358479250568
93.37963606056397,170.16481654123433,11.221655644087397,0.6497825274715988,2.7966352113394617,5.331941931353742,8.742528873779294
93.39630504236699,170.20319359211584,11.223500206376917,0.8865203921599895,2.8828635909573266,5.915671746081534,8.7436994866176
93.41297402417003,170.24157621507965,11.225344962365103,0.7761086979963338,2.702555314425979,5.351038055503576,8.74487031784233
93.42964300597305,170.27996456044113,11.227189911976701,0.7363729310546314,2.105944885247701,5.579932460430991,8.746041367530228
93.44631198777607,170.31835870276106,11.229035055131723,0.43796536021198695,2.7505965679840743,5.07858671285679,8.747212635757943
93.4629809695791,170.35675864084564,11.23088039174546,0.6163392001171987,2.77773151227835,5.9816100065890145,8.748384122602022
93.47964995138213,170.39516429774656,11.232725921728472,0.8716883885823022,2.63821199660432,5.22993627389092,8.749555828138915
93.49631893318517,170.43357552076097,11.234571644986586,0.6993932423382982,2.862247434028606,5.7055298596548205,8.750727752444973
93.51298791498819,170.47199208143138,11.236417561420906,0.8236595562939597,3.4244988883870793,5.046982391978508,8.751899895596456
93.52965689679122,170.51041367554586,11.23826367092781,1.0449549205870194,2.71140907221303,4.710145408968237,8.753072257669512
93.54632587859423,170.5488399231378,11.240109973398942,0.8992730360105371,2.8594175514041242,4.2110094910365525,8.754244838740199
93.56299486039727,170.58727036848617,11.241956468721224,0.7100827148771078,3.192730662799407,3.9441678532115194,8.75541763888448
93.57966384220029,170.6257044801154,11.243803156776847,0.5891524020066956,2.904691565018954,4.358804409612322,8.756590658178217
93.59633282400333,170.66414165079513,11.245650037443271,0.18053946910283736,2.573307054494755,4.202442656774571,8.757763896697169
93.61300180580635,170.70258119754075,11.247497110593237,0.6574715196663223,2.865819518683807,3.920091003185767,8.758937354517002
93.62967078760938,170.74102236161292,11.249344376094745,0.6258450844423107,2.9218327704999734,4.031187985734519,8.760111031713281
93.6463397694124,170.77946430851776,11.25119183381108,0.7690198655466748,2.263104683508313,4.413311530931413,8.761284928361476
93.66300875121543,170.8179061280069,11.253039483600789,0.6600645879709385,2.9983822399771873,5.491173797912849,8.762459044536955
93.67967773301847,170.85634683407739,11.254887325317698,0.6266675918323836,3.420682860601815,5.858224647296048,8.763633380314989
93.69634671482149,170.89478536497174,11.2567353588109,0.3347637516469954,2.5413594817710803,5.486076729444788,8.764807935770753
93.71301569662452,170.9332205831778,11.258583583924764,0.5025488696412004,2.858250831092128,5.658029238373282,8.76598271097932
93.72968467842755,170.97165127542905,11.260432000498925,0.7857715050674304,3.1451452811523657,5.641161539771473,8.767157706015666
93.74635366023058,171.0100761527043,11.262280608368302,1.0335216483025547,2.749673908287828,5.517765510457395,8.768332920954675
93.7630226420336,171.04849388685668,11.264129407364353,0.6707338342474471,3.0234628905056398,6.188572092209928,8.769508355871121
93.77969162383664,171.08690489523622,11.265978397394127,0.7556998784030866,2.886797649423304,6.240015536638251,8.770684010839668
93.79636060563966,171.12531113145715,11.267827578459947,0.8805320115609281,2.567830736001856,5.245461103535236,8.771859885934896
93.8130295874427,171.16371430989932,11.269676950560902,0.5277562732221258,3.0510919932822227,5.27390200809321,8.773035981231294
93.82969856924572,171.20211602756356,11.271526513690365,0.7631965132400717,2.672320682258497,4.9198081894140415,8.774212296803254
93.84636755104876,171.24051776407148,11.273376267835996,0.5416342912856599,3.2114112326042643,4.679348356723251,8.775388832725062
93.86303653285178,171.2789208816656,11.27522621297975,0.862595772087012,2.55687918153354,4.930896642017986,8.776565589070916
93.87970551465482,171.3173266252094,11.277076349097863,0.7198100297028001,2.791678601336542,3.992841054872694,8.777742565914899
93.89637449645784,171.35573612218712,11.278926676160868,0.7491182825386336,3.5047673861729987,4.397752882038906,8.778919763331011
93.91304347826086,171.394150382704,11.280777194133579,0.5328066638140981,2.885668412435455,4.420336416839335,8.78009718139314
93.9297124600639,171.43257029948614,11.282627902975099,0.8306312827203575,2.3688796976375466,4.181421186291517,8.78127482017508
93.94638144186692,171.4709966478805,11.284478802638825,1.1060657865090464,2.4198626843507105,4.590163142432827,8.782452679750525
93.96305042366996,171.50943008585494,11.286329893072432,0.48743921862545225,2.712905630035549,4.53107648068826,8.78363076019307
93.97971940547298,171.54787115399824,11.288181174217895,0.6209680756328044,3.013915922436768,5.066709340325758,8.784809061576205
93.996388387276,171.58632027551997,11.290032646011465,0.7351396554694722,2.8644693340749883,4.488918629364684,8.785987583973327
94.01305736907902,171.62477775625075,11.291884308383697,0.8459976505502617,2.4646581411091226,5.090285954383526,8.787166327457733
94.02972635088206,171.663243784642,11.293736161259421,0.5767053626695263,2.3580801584425823,5.403627660201068,8.788345292102619
94.04639533268508,171.70171843176593,11.295588204557758,0.12190673735565583,2.8640027014591647,4.812132231345026,8.789524477981079
94.06306431448812,171.74020165131583,11.297440438192123,0.9602488339736457,2.723545305006707,5.416532437748563,8.790703885166112
94.07973329629114,171.77869327960576,11.299292862070212,0.8404102629335574,3.1031175419089103,5.554078987451083,8.79188351373061
94.09640227809417,171.81719303557068,11.301145476094012,0.33961760093394017,2.828715650992006,6.0603101990074375,8.793063363747379
94.1130712598972,171.85570052076642,11.302998280159802,0.5665913808479746,3.5232407205754708,5.465518659891568,8.794243435289108
94.12974024170022,171.89421521936976,11.304851274158146,1.00163962145945,2.607813234405066,5.267527519730598,8.795423728428403
94.14640922350326,171.93273649817837,11.306704457973893,0.9774603797925696,2.026217548290962,5.543351427786179,8.79660424323776
94.16307820530628,171.97126360661068,11.308557831486185,0.8755270254001413,2.661942788216482,4.568698274587375,8.797784979789578
94.17974718710931,172.0097956767062,11.310411394568455,0.6524744230715191,3.307019918176174,4.183369672332353,8.798965938156156
94.19641616891234,172.0483317231252,11.312265147088418,0.7041922468803624,3.4977254145239094,4.466055019445957,8.800147118409697
94.21308515071537,172.0868706431488,11.314119088908077,0.6613074196216859,2.673138215858,3.9516696746111357,8.801328520622302
94.2297541325184,172.12541121667917,11.315973219883729,0.9130383191238713,2.5797768597331117,3.8346478625660256,8.80251014486597
94.24642311432143,172.1639521062392,11.317827539865954,0.5121196273078822,2.653663912817252,4.373847777341725,8.803691991212604
94.26309209612445,172.2024918569728,11.319682048699626,0.5260258880999447,2.0530970696258213,4.487028959632603,8.804874059734006
94.27976107792749,172.2410288966447,11.321536746223902,0.8891384112664312,3.089366987821338,4.5592732718828675,8.80605635050188
94.29643005973051,172.2795615356405,11.323391632272228,0.6781088419914056,2.847273311986311,4.819949735406305,8.807238863587827
94.31309904153355,172.31808796696677,11.325246706672344,0.9625722077705108,2.812886014497091,5.074558601617758,8.808421599063351
94.32976802333657,172.3566062662509,11.327101969246268,0.5524738632807124,2.6212955012302865,4.307699790158363,8.80960455699986
94.3464370051396,172.39511439174115,11.328957419810315,0.675718165036677,3.491409187031372,5.330719232977878,8.810787737468653
94.36310598694263,172.43361018430667,11.330813058175085,0.5020887370133345,2.6097223395080125,5.266880437113452,8.811971140540939
94.37977496874565,172.4720914294599,11.33266888414839,0.687941331614104,2.8999401968178975,5.390014752514026,8.813154766287822
94.39644395054869,172.51056410961428,11.33452489791646,0.3906568337660064,2.079012745041109,5.910702688521822,8.8143386147803
94.41311293235171,172.54903463990456,11.336381099661697,0.5887369273197934,2.779884517906767,5.279117160597019,8.815522686089277
94.42978191415474,172.58750470876186,11.338237489341507,0.39891019339836714,2.9263979860909672,5.250345253424905,8.816706980285558
94.44645089595777,172.6259758594436,11.34009406690955,0.8248429324431796,2.9319649390917832,5.867272016183544,8.817891497439856
94.46311987776079,172.6644494900336,11.341950832315733,0.8292734377450829,2.8311721564398598,5.6587510170679725,8.819076237622774
94.47978885956381,172.70292685344202,11.343807785506229,0.33980027227135595,3.0504496260907863,5.338477435236146,8.820261200904824
94.49645784136685,172.7414090574053,11.34566492642346,0.9525271806498279,2.653878240837273,4.789400794415173,8.821446387356406
94.51312682316987,172.7798970644862,11.347522255006101,1.1851302346411632,2.8851430777841447,5.027214745060661,8.82263179704783
94.5297958049729,172.81839169207385,11.34937977118909,0.6947456291575114,2.84663175209056,4.778032445264509,8.823817430049296
94.54646478677593,172.85689361238377,11.351237474903613,0.5572186068835249,2.842853301333713,4.411125713832782,8.825003286430913
94.56313376857896,172.89540335245766,11.353095366077115,1.2502046489320287,2.837591637513666,3.904095580352566,8.826189366262682
94.57980275038199,172.93392129416372,11.354953444633292,0.4214418675782392,2.633597728063231,4.074196399323719,8.827375669614504
94.59647173218501,172.9724476741964,11.356811710492101,0.6891538618438472,2.2495992074424653,4.475757772344441,8.828562196556183
94.61314071398805,173.01098258407652,11.35867016356975,0.7209539889712778,1.9370698664720611,4.72114310276033,8.829748947157418
94.62980969579107,173.04952597015114,11.360528803778708,0.9539559892734428,2.9449137784509842,4.389891955627567,8.830935921487812
94.6464786775941,173.08807763359383,11.362387631027689,0.7567711557292142,3.2128616063519218,4.627964583742119,8.832123119616863
94.66314765939713,173.1266372304043,11.364246645221668,0.5849934418695271,2.909742484266232,4.898466793286626,8.833310541613969
94.67981664120016,173.16520427140875,11.36610584626188,0.49438017209509355,2.927132084438912,5.278740510989099,8.83449818754843
94.69648562300318,173.20377812225965,11.367965234045805,0.6161494721106799,1.9673883774189456,5.252033676567201,8.835686057489443
94.71315460480622,173.24235800343578,11.369824808467186,0.4830251188195107,2.6154878928683636,4.746433620762189,8.836874151506105
94.72982358660924,173.28094299024227,11.371684569416022,0.6938723746951804,2.8827507076253753,6.100668474727497,8.838062469667411
94.74649256841228,173.3195320128106,11.373544516778557,0.5713647593965914,2.814990992238705,6.336658921484154,8.83925101204226
94.7631615502153,173.35812385609862,11.3754046504373,0.38529308626159925,2.7036595201563545,5.591786721054522,8.840439778699443
94.77983053201834,173.39671715989044,11.377264970271016,0.9350264170854885,2.9401709944234953,5.356832195595981,8.841628769707656
94.79649951382136,173.43531041879655,11.379125476154714,0.5843593341754447,2.798268688724807,5.470748660654915,8.842817985135492
94.8131684956244,173.47390198225378,11.380986167959671,0.4301630222964164,2.856143548959942,5.240558191651394,8.844007425051442
94.82983747742742,173.51249005452524,11.382847045553412,0.6500350658233803,2.7122290409285847,5.351333695830187,8.845197089523902
94.84650645923044,173.55107269470045,11.38470810879972,0.6972576803627226,3.2064890543687623,4.819780798553789,8.84638697862116
94.86317544103348,173.58964781669516,11.38656935755863,0.3341864615402938,2.6271973822279757,4.335563921266479,8.84757709241141
94.8798444228365,173.62821318925162,11.388430791686437,0.749705744626492,2.5567809508921235,3.9895646465071284,8.848767430962736
94.89651340463953,173.6667674306145,11.39029241104645,0.47384106708658336,2.409092455408029,4.516722955710653,8.84995799434313
94.91318238644254,173.70531831654543,11.39215421562326,1.025374677383884,2.7484950549695832,4.381578146654133,8.851148782620468
94.92985136824558,173.74386895046945,11.394016205393855,0.7878573177996991,3.2100244880070288,4.5427470841543345,8.852339795862541
94.9465203500486,173.78242039180094,11.395878380314794,0.6029814823383978,2.7766339905921473,4.03290195521499,8.853531034137037
94.96318933185164,173.82097360645875,11.39774074033891,0.5338241564297387,2.7594095125095124,5.039920595955646,8.854722497511542
94.97985831365466,173.85952946686626,11.399603285415296,0.6617603642902324,2.1689155008481613,4.180406516781851,8.855914186053543
94.9965272954577,173.89808875195135,11.401466015489314,0.805208214625933,2.893731383714698,5.160550545395295,8.857106099830425
95.01319627726072,173.93665214714628,11.4033289305026,0.6774473663148967,2.518330304295663,4.6240745919620245,8.85829823890947
95.02986525906375,173.97522024438788,11.40519203039305,0.6390105215633527,2.7525583395043207,5.1898450968991785,8.859490603357855
95.04653424086678,174.01379354211753,11.407055315094834,0.6940123973690048,3.05665613268016,6.083442660648214,8.860683193242663
95.0632032226698,174.05237244528095,11.408918784538384,0.5614625744484456,3.044798846234554,5.992505960089937,8.861876008630869
95.07987220447284,174.09095726532846,11.41078243865041,0.6134891621131504,2.5804037273770764,5.6344319373861795,8.86306904958935
95.09654118627586,174.12954822021482,11.412646277353877,0.26486781180199714,2.047637965198499,5.619683819093296,8.864262316184877
95.1132101680789,174.16814543439924,11.414510300568026,0.876667463189845,2.7648653991418497,5.706642337257309,8.865455808484127
95.12987914988192,174.2067489388455,11.416374508208364,0.7415776558750525,2.571447669004784,5.665584330231465,8.866649526553662
95.14654813168495,174.24535867102182,11.418238900186664,0.5270227791701254,3.113016563952709,5.671634663774471,8.867843470459956
95.16321711348797,174.28397447490093,11.420103476410969,1.0613567578085878,2.7943438289806983,4.91511118802029,8.869037640269372
95.17988609529101,174.32259610095997,11.421968236785592,0.6989088365912047,2.858043859166948,4.319176708157827,8.87023203604818
95.19655507709403,174.36122320618068,11.423833181211107,0.4741725705271817,2.514145012331013,4.6198508762263035,8.871426657862537
95.21322405889707,174.39985535404924,11.425698309584362,0.8526444790799668,3.1018533416133787,4.247411821190876,8.872621505778504
95.22989304070009,174.43849201455623,11.42756362179847,0.7608023134254029,4.206882488526145,3.8665839623307248,8.873816579862048
95.24656202250313,174.47713256419686,11.429429117742814,0.7600043080519585,2.7517207837112574,4.290979928251198,8.875011880179017
95.26323100430615,174.51577628597073,11.431294797303043,0.5958327963701241,2.935441715331107,4.16081703681952,8.876207406795174
95.27989998610919,174.55442236938197,11.433160660361072,0.77097863393502,2.824612394895155,4.415684402319474,8.87740315977617
95.29656896791221,174.5930699104392,11.43502670679509,0.6284233685676955,2.7396564388752975,4.220593245219835,8.878599139187557
95.31323794971523,174.63171791165547,11.436892936479547,0.7918588199470088,2.3708912765255463,4.8501766486601525,8.879795345094788
95.32990693151827,174.67036528204838,11.438759349285165,0.2995771074149633,2.64740946569344,4.553237533091889,8.880991777563208
95.34657591332129,174.70901083714,11.440625945078933,0.5936867398337354,2.308411673118528,4.949306668990359,8.882188436658065
95.36324489512431,174.7476532989568,11.442492723724104,1.0247878518368394,2.942431947028396,5.354660561678738,8.883385322444509
95.37991387692733,174.78629129602993,11.444359685080208,0.5268387066938321,2.6910995783221408,6.138127480898978,8.884582434987577
95.39658285873037,174.82492336339484,11.446226829003034,0.5593798694469382,1.497823875456173,5.978802637767851,8.885779774352216
95.41325184053339,174.8635493836777,11.448094155344608,0.590450558120188,2.8412844002899593,6.121501029902019,8.886977340603258
95.42992082233643,174.9021731548459,11.449961664019849,0.4369768612099257,2.768290872281983,6.20028570433094,8.888175133805424
95.44658980413945,174.94079600103404,11.451829355007883,0.23817716145228512,3.305413885130147,6.756932327191621,8.88937315402336
95.46325878594249,174.97941896124726,11.453697228284994,0.6336112310562568,2.8515634770500937,5.5232815793843715,8.890571401321601
95.47992776774551,175.01804299339764,11.455565283822674,0.7067955554130763,2.0454857536052637,5.721632392506221,8.891769875764583
95.49659674954854,175.0566689743043,11.457433521587618,0.669017782517467,2.5004143174474245,5.3550751928480524,8.892968577416635
95.51326573135157,175.09529769969345,11.459301941541723,0.6504381752767321,2.480351806748801,5.100845389625271,8.89416750634199
95.52993471315459,175.13392988419824,11.461170543642101,0.6879171191101372,2.541047538449797,5.104442016709441,8.895366662604772
95.54660369495762,175.1725661613589,11.463039327841058,0.8837722623765858,2.9541223405070642,4.258401222669812,8.896566046269005
95.56327267676065,175.21120708362267,11.46490829408611,0.6410097198795779,2.7779346486353207,4.106910506220914,8.89776565739861
95.57994165856368,175.24985312234375,11.46677744231998,0.5641773965395684,2.925503853736283,4.29756399517932,8.898965496057404
95.5966106403667,175.28850466778354,11.46864677248059,0.6226637357836242,2.224090895696092,4.170113864341102,8.900165562309102
95.61327962216974,175.3271620291102,11.47051628450107,0.7946530714494446,3.1547648206187437,4.419654271376656,8.901365856217314
95.62994860397276,175.36582543439917,11.472385978309758,0.9610839478962336,2.912821312244493,4.958288509283287,8.902566377845554
95.6466175857758,175.40449503063277,11.474255853830192,0.5529446430159131,1.7738302235152423,4.561368318768728,8.903767127257224
95.66328656757882,175.4431708837004,11.476125910981114,0.6982549329103918,2.94767385817506,4.8576600958155005,8.904968104515627
95.67995554938186,175.48185297839836,11.477996149676478,0.7460344145594117,2.820100612581107,5.250595900192519,8.906169309683966
95.69662453118488,175.52054121843022,11.479866569825438,0.4797420415268415,2.931940897692569,5.359629297117049,8.907370742825336
95.71329351298792,175.55923542640633,11.481737171332352,0.6822357590684082,2.6222997157845316,5.041825913981686,8.908572404002733
95.72996249479094,175.5979353438442,11.483607954096785,0.38491220298351225,3.4165446772533787,5.569574511595311,8.909774293279046
95.74663147659398,175.63664063116832,11.485478918013508,0.3241315286231098,2.63087543779529,6.004599859740242,8.910976410717069
95.763300458397,175.6753508677102,11.487350062972492,0.7511854519815199,3.1303663286637944,6.206253691511893,8.912178756379484
95.77996944020002,175.7140655517084,11.489221388858919,0.6009557693020873,3.0961768305114328,5.329323583619107,8.913381330328873
95.79663842200306,175.75278410030845,11.491092895553171,0.718081312410842,2.6008804027001857,5.162482576352982,8.914584132627718
95.81330740380608,175.791505849563,11.492964582930838,0.6739407149765504,3.7688678106653914,5.303933297871873,8.915787163338399
95.8299763856091,175.83023005443158,11.494836450862715,0.48213414633044593,2.807804609228421,4.427909285122253,8.916990422523185
95.84664536741212,175.86895588878096,11.4967084992148,0.6682577075687876,3.0543839835117006,4.66786813996626,8.91819391024425
95.86331434921516,175.90768244538472,11.498580727848296,0.43058268509070596,2.18938906070203,4.050767682519565,8.919397626563663
95.87998333101818,175.94640873592354,11.500453136619615,0.9552917620796662,3.1667803941704618,4.79446805053191,8.92060157154339
95.89665231282122,175.98513369098515,11.502325725380366,0.40579753216691045,2.166920206613483,4.025459173096048,8.921805745245292
95.91332129462424,176.0238561600643,11.50419849397737,0.6377288238986394,2.905732135785974,4.697440292672981,8.92301014773113
95.92999027642728,176.06257491156273,11.50607144225265,0.46832580375042754,2.3578940060754263,4.559153425243677,8.92421477906256
95.9466592582303,176.10128863278922,11.507944570043437,0.7907585656337672,2.5388912210985346,4.130582616133949,8.925419639301138
95.96332824003333,176.13999592995958,11.509817877182158,0.6102822326613944,2.922328181292167,4.168413740108585,8.926624728508315
95.97999722183636,176.17869550096285,11.511691363502932,0.5727293053240485,3.2898792381935142,4.647397681709317,8.927830046745434
95.99666620363938,176.2173885795297,11.513565028949978,0.8469970669838655,2.6188340924962796,4.918366628591954,8.929035594073726
96.01333518544241,176.25607723763346,11.515438873529419,0.6821369514491631,3.237158187183677,5.302823044497818,8.93024137055433
96.03000416724544,176.2947632334109,11.517312897237696,0.7794737638759506,3.1790689083199424,5.195751505858656,8.931447376248293
96.04667314904847,176.3334482020307,11.519187100065574,0.47977369541555337,2.60356414454341,5.840391361154624,8.932653611216551
96.0633421308515,176.3721336556933,11.521061481998132,0.39496946843920405,3.5739658883194294,5.823468431655684,8.933860075519942
96.08001111265453,176.4108209836311,11.52293604301477,0.6972683906339527,2.5955275332130237,5.696313340325506,8.9350667692192
96.09668009445755,176.44951145210842,11.52481078308921,0.6119514346439592,2.5120023362820643,5.561203951158565,8.936273692374947
96.11334907626059,176.48820620442132,11.526685702189484,0.8009015142866368,2.96012726771496,5.619869611658098,8.937480845047709
96.13001805806361,176.5269062608978,11.528560800277955,0.659526729872454,2.6179643241698414,5.2646589688807905,8.938688227297908
96.14668703986665,176.5656125188977,11.530436077311297,0.7164172954373967,2.9070969147520853,5.311745582397647,8.939895839185853
96.16335602166967,176.60432575281277,11.532311533240502,0.35061949538434245,2.8050867012816,5.0755225596740114,8.94110368077176
96.18002500347271,176.6430466140666,11.53418716801089,1.052877129694406,2.6960914452641824,4.879195099449971,8.942311752115737
96.19669398527573,176.68177563111462,11.536062981562088,0.6422350518011912,3.0951570282502283,5.100863518724712,8.943520053277785
96.21336296707877,176.72051320944416,11.53793897382805,0.8144945165688019,2.73260377003051,4.3435712427151465,8.944728584317803
96.23003194888179,176.75925963157448,11.539815144737048,0.5076524288279716,2.890257453949554,4.557380952086579,8.945937345295583
96.24670093068481,176.7980150570566,11.541691494211667,0.7363663503841248,2.915718664246967,4.270422559693324,8.94714633627082
96.26336991248785,176.83677952247345,11.543568022168822,0.4140889910225539,3.1088427012349515,4.153797542211477,8.948355557303099
96.28003889429085,176.8755529414398,11.545444728519735,0.7649650519046379,3.076410481460602,4.289104329006043,8.9495650084519
96.29670787609389,176.9143351046024,11.547321613169956,0.6032501746593659,2.561018690211627,4.472891854301009,8.950774689776607
96.31337685789691,176.95312567963975,11.549198676019353,0.6801765663863835,3.035894031488412,4.790041014023142,8.951984601336491
96.33004583969995,176.99192421126224,11.551075916962105,0.8138267124872222,2.6661806071172887,4.662661255849808,8.953194743190723
96.34671482150297,177.0307301212122,11.55295333588672,0.4276172518985676,2.23161424894505,4.760053056882747,8.95440511539837
96.36338380330601,177.0695427082637,11.554830932676017,0.5371203425412727,2.7461668192833795,5.6255930519779636,8.955615718018391
96.38005278510903,177.10836114822277,11.556708707207141,0.7653768862624869,2.6054697805760774,5.8863548159833226,8.956826551109648
96.39672176691207,177.14718449392734,11.558586659351551,1.0934496332161898,3.1678963503184314,5.967817409100509,8.958037614730891
96.41339074871509,177.18601167524713,11.560464788975025,0.6460821465369743,2.8729372706552225,5.844966884968909,8.959248908940774
96.43005973051812,177.22484149908374,11.562343095937663,0.7918190791375351,1.9677458801988967,6.004809427351601,8.96046043379784
96.44672871232115,177.26367264937068,11.564221580093882,0.6520907706059095,2.4552767346612576,5.888989252660271,8.961672189360531
96.46339769412417,177.30250368707328,11.56610024129242,1.061827359515438,2.5010619263052383,5.745479812133595,8.962884175687186
96.4800666759272,177.34133305018878,11.567979079376327,0.323827050139759,2.5421603104856727,5.0357023202870135,8.964096392836037
96.49673565773023,177.38015905374624,11.569858094182985,0.6920887024377227,2.8282954923860917,4.720108526479396,8.965308840865212
96.51340463953326,177.41897988980665,11.571737285544081,0.34794876378524514,2.670115509814723,4.683436005757039,8.966521519832742
96.53007362133629,177.45779362746285,11.57361665328563,0.1716363004272473,2.546493354330136,4.56518638519863,8.967734429796543
96.54674260313932,177.4965982128395,11.575496197227965,0.7323360362585833,3.0153347854135233,4.310283788302222,8.968947570814434
96.56341158494234,177.53539146909318,11.577375917185732,0.7006361630488119,1.6227690821150744,3.692738131840507,8.970160942944128
96.58008056674538,177.57417109641233,11.5792558129679,0.615662161559432,2.9225485975178986,4.7180110362966525,8.971374546243233
96.5967495485484,177.61293685148618,11.581135884472966,0.6512836435131126,2.541623028371825,4.143231439843922,8.972588380769254
96.61341853035144,177.65169829104525,11.583016132015178,1.292075227893539,2.742297191104237,4.377038253810274,8.973802446579583
96.63008751215446,177.69045840886207,11.584896555606916,0.6206731601966573,2.673468039818053,4.864443008253273,8.975016743731517
96.6467564939575,177.72921887775564,11.586777155204572,0.7742258739624549,3.5416525698365326,4.003268539965406,8.976231272282252
96.66342547576052,177.7679812214246,11.588657930760728,0.5422208189054105,2.623083792275486,4.797646231127514,8.977446032288878
96.68009445756356,177.80674681444737,11.590538882224154,0.7310330461787242,2.7769118417708363,5.084196048358268,8.978661023808375
96.69676343936658,177.84551688228186,11.592420009539811,0.6242325117489916,2.9738353419880137,5.3289998344940805,8.979876246897627
96.7134324211696,177.88429250126578,11.594301312648849,0.5896682330712066,2.4696920013434203,5.565315986165687,8.981091701613405
96.73010140297262,177.92307459861647,11.596182791488609,1.0354442862022184,2.312935026292583,6.178523176054877,8.982307388012376
96.74677038477564,177.96186395243097,11.59806444599262,0.9069941898524286,2.7538198572271284,6.000555725939242,8.98352330615111
96.76343936657868,178.000661191686,11.5999462760906,0.698799111477671,2.395421904706731,6.061877920948484,8.984739456086057
96.7801083483817,178.0394667962378,11.60182828170846,0.2104999469406082,2.459495301333286,5.688721550511008,8.985955837873579
96.79677733018474,178.0782810968225,11.603710462768298,0.5990330089802393,2.7057711154806676,5.088840362742666,8.987172451569919
96.81344631198776,178.11710427505574,11.605592819188399,1.211732853403365,3.095438427765144,4.66900582527879,8.988389297231219
96.8301152937908,178.1559363634329,11.607475350883242,0.6248874614967194,2.7302576438155457,4.589674822700575,8.989606374913519
96.84678427559382,178.194777245329,11.609358057763496,0.8915557309689043,3.229202213030013,4.907260508753854,8.990823684672751
96.86345325739686,178.23362665499874,11.611240939736014,0.9591930861338906,2.3898432836597547,4.579343681357892,8.992041226564742
96.88012223919988,178.2724841775765,11.613123996703845,0.7144897455719426,2.5355214191824893,4.319366970101319,8.993259000645214
96.89679122100291,178.3113492490763,11.615007228566222,0.5022249601771724,3.731934017345834,4.144916365452384,8.994477006969786
96.91346020280594,178.3502211563919,11.616890635218574,0.18341911185746518,2.692477835310793,4.804977245603367,8.995695245593968
96.93012918460896,178.38909903729663,11.618774216552513,0.8072064791327699,2.214395695174633,3.9787491529664054,8.996913716573166
96.946798166412,178.42798188044355,11.620657972455842,0.5073148635974196,2.1055829377582196,4.6039480985294015,8.998132419962685
96.96346714821502,178.46686852536538,11.622541902812559,0.7053883488655563,2.974077113040963,4.492191113476989,8.99935135581772
96.98013613001805,178.5057576624745,11.624426007502844,0.42008635249130255,2.600940235025332,4.6891281097799515,9.000570524193359
96.99680511182108,178.54464783306295,11.626310286403072,0.6168950418520978,2.740854440734049,5.304842601779605,9.001789925144594
97.01347409362411,178.58353742930248,11.628194739385805,0.6765784580996598,2.7034431488278297,5.63976625115193,9.003009558726301
97.03014307542713,178.6224246942445,11.630079366319798,0.7234454281585166,3.157825145863305,5.3586166977842,9.00422942499326
97.04681205723017,178.66130772182004,11.631964167069988,0.44665430698683384,2.7371187891804256,5.857566606044829,9.00544952400014
97.06348103903319,178.70018445683985,11.633849141497512,0.9088929344152602,3.9398900026374855,5.853805655390926,9.006669855801503
97.08015002083623,178.73905269499434,11.635734289459684,0.5500237556408492,2.7869608402537014,5.800791380407976,9.007890420451815
97.09681900263925,178.7779100828536,11.637619610810022,0.3344007561600018,3.2225440489170296,5.8355685344466375,9.009111218005428
97.11348798444229,178.8167579429453,11.639505105442385,0.6473818676810993,3.078269103469523,5.46780723475797,9.010332248516589
97.13015696624531,178.85560450585626,11.641390773365826,0.6759534846825449,2.764152287128572,5.416283343257462,9.011553512039434
97.14682594804835,178.8944512658159,11.643276614543103,0.7010881485159769,2.478401917671665,5.1180744978999435,9.012775008628008
97.16349492985137,178.93329930118728,11.645162628930159,0.9412885494445222,2.810389682397956,5.318213191699714,9.013996738336244
97.18016391165438,178.97214959246952,11.647048816479149,0.6214640760283296,2.9881015312239327,4.770094633424193,9.015218701217975
97.19683289345741,179.01100302229756,11.648935177138439,0.6447216610324661,2.552808612935458,4.17991003734827,9.016440897326927
97.21350187526043,179.04986037544214,11.65082171085259,0.4479004200736611,2.8027092734674155,4.164941305793225,9.017663326716717
97.23017085706347,179.08872233880996,11.65270841756238,0.8325396752158812,3.3874623787857305,3.295454817278101,9.018885989440854
97.24683983886649,179.12758950144354,11.654595297204787,0.7051824336965361,3.0154287388984224,4.0530711210116595,9.02010888555275
97.26350882066953,179.1664623545213,11.656482349712995,0.5842066896099227,3.1348563682930286,4.237089333425971,9.0213320151057
97.28017780247255,179.20534129135743,11.6583695750164,0.2871688785293696,3.4808191891665716,4.285137353617894,9.022555378152903
97.29684678427559,179.24422660740217,11.6602569730406,0.9568778063737009,2.651424182476519,5.086202847039742,9.023778974747442
97.31351576607861,179.28311850024144,11.6621445437074,0.42235089261886005,3.1211751170310165,4.880531740965854,9.025002804942302
97.33018474788165,179.32201706959714,11.664032286934814,0.5495227698113448,2.9286897940758303,5.111683874292733,9.026226868790355
97.34685372968467,179.36092231732704,11.665920202637059,0.7393387281241928,2.3895854931765745,4.708702178767493,9.027451166344374
97.3635227114877,179.39983414742468,11.667808290724562,0.4282496624785236,2.586526241824209,5.321677277413236,9.028675697657018
97.38019169329073,179.4387523660196,11.669696551103952,0.36875068293394136,3.1029429709665637,5.472250304350457,9.029900462780848
97.39686067509375,179.47767668137712,11.671584983678068,0.24255448053766993,2.285374527397823,5.509068830096023,9.031125461768314
97.41352965689678,179.51660670389845,11.673473588345958,0.8114347142833764,2.6143793321990656,5.5586376063475775,9.032350694671761
97.4301986386998,179.55554194612068,11.675362365002867,0.5580893695333398,3.4226779190675582,5.231679286935876,9.033576161543426
97.44686762050284,179.59448182271674,11.677251313540257,1.252471899922236,3.2268431154918,5.291077814468008,9.034801862435442
97.46353660230587,179.6334256504955,11.67914043384579,0.46803809944367925,2.8542764779298313,5.7698016796989595,9.036027797399838
97.4802055841089,179.67237264840156,11.681029725803334,0.4825101072403861,2.7489435541774156,5.248740597596722,9.03725396648853
97.49687456591192,179.71132193751555,11.68291918929297,0.5536128854601583,2.7205975913387808,4.895182451978047,9.038480369753335
97.51354354771496,179.75027254105387,11.68480882419098,0.7152095463914826,2.892065425883405,4.796355891648415,9.039707007245962
97.53021252951798,179.78922338436882,11.686698630369854,0.5724330517294787,3.372406392509791,4.91885325367293,9.040933879018008
97.54688151132102,179.82817329494856,11.688588607698287,0.7888312347067474,2.8176927705164316,4.382792508164298,9.042160985120974
97.56355049312404,179.86712100241706,11.690478756041186,0.4705381546459102,3.8521461587515304,4.4170917908173895,9.043388325606248
97.58021947492708,179.90606513853433,11.692369075259652,0.3898284980267628,2.667694961880464,3.9473961857887883,9.044615900525114
97.5968884567301,179.94500423719603,11.694259565211006,0.3063948712726936,2.763820623023754,4.040383002064265,9.045843709928747
97.61355743853314,179.98393673443383,11.69615022574877,0.22121393138207213,2.630602748169926,4.43254753382019,9.04707175386822
97.63022642033616,180.022863965967,11.698041056732734,0.5622058752902248,2.564063552781702,5.06049234984357,9.04830003239449
97.64689540213917,180.0617894732428,11.699932058109734,0.6055144993438192,2.696169128368085,5.137642574308401,9.049528545558402
97.6635643839422,180.10071441072483,11.701823229859587,0.5393140074053369,2.820918538736755,5.128093756520613,9.05075729341072
97.68023336574522,180.1396398453644,11.7037145719573,0.9141733918819847,2.9963936521730483,5.247788616348256,9.051986276002092
97.69690234754826,180.17856675885616,11.705606084373077,0.9109890623926196,3.596497170362179,5.851978730765722,9.05321549338306
97.71357132935128,180.21749604763784,11.707497767072311,0.5983131795131913,2.8621882438947686,5.857095528782051,9.05444494560406
97.73024031115432,180.25642852289056,11.709389620015584,0.3063802794202618,3.3461213532276743,5.057048958593434,9.05567463271542
97.74690929295734,180.29536491053847,11.711281643158662,0.5517141740504802,2.780670004364092,5.4824635105426305,9.05690455476736
97.76357827476038,180.334305851249,11.71317383645251,0.5449815790480049,3.4897395370152564,5.87538180250769,9.058134711809995
97.7802472565634,180.37325190043288,11.71506619984328,0.5334094961336439,3.6828591303847067,5.137366889571893,9.059365103893334
97.79691623836644,180.41220352824388,11.71695873327231,0.5251833071761849,2.875742681120598,5.237757068408427,9.060595731067274
97.81358522016946,180.45116111957913,11.71885143667613,0.5339250768070251,2.2788058956516477,5.081020223326823,9.061826593381609
97.8302542019725,180.4901249740789,11.720744309986461,0.5871998694190019,2.7104559490278066,4.969556370394641,9.063057690886023
97.84692318377552,180.52909530612664,11.722637353130212,0.53729047815327,2.894170519830136,4.711074707424557,9.064289023630096
97.86359216557854,180.56807224484905,11.724530566029479,0.7059536736514398,2.946827144227249,4.481312055836328,9.065520591663297
97.88026114738157,180.60705583411604,11.726423948601557,0.7362533578302041,2.908876611205187,4.62867895735623,9.066752395034994
97.8969301291846,180.64604603254074,11.728317500758923,0.48194100866947887,3.0033944831994575,4.175158300122489,9.067984433794441
97.91359911098763,180.68504271347945,11.73021122240924,0.9181734715188328,2.775012225804401,4.085947944167524,9.069216707990789
97.93026809279066,180.72404566503172,11.732105113455374,0.4678382949363328,2.502373750401159,3.821397119056362,9.070449217673076
97.94693707459369,180.76305459004027,11.733999173795368,0.3401809503248796,2.926381850514357,4.634035202072848,9.071681962890246
97.96360605639671,180.80206910609104,11.73589340332246,0.7397869739617987,3.1337094852475817,4.291787065361241,9.072914943691119
97.98027503819975,180.84108874551322,11.73778780192508,0.5000399882450052,3.2829423678943677,4.383251427707871,9.07414816012442
97.99694402000277,180.88011295537913,11.739682369486843,0.7276701335775784,2.835959578598129,5.017869561078031,9.075381612238761
98.01361300180581,180.9191410975044,11.741577105886556,0.18256831238427096,3.215412748967635,4.972951554598979,9.076615300082654
98.03028198360883,180.9581724484478,11.743472010998216,0.9416833829802271,2.634787923589479,5.274459803751011,9.077849223704492
98.04695096541187,180.99720619951134,11.74536708469101,0.797541007292808,2.6767524695828397,5.696672498193612,9.079083383152572
98.06361994721489,181.03624145674016,11.747262326829311,0.36287711579604187,2.4029420918503805,5.647456586117159,9.080317778475077
98.08028892901793,181.07527724092273,11.749157737272686,0.3671070697670297,2.7614062608295646,6.4921659280168145,9.081552409720086
98.09695791082093,181.1143124875906,11.75105331587589,0.9972057132481025,2.5952243353822615,5.7513140841339006,9.082787276935568
98.11362689262396,181.15334604701872,11.75294906248887,0.5151665586269214,3.2328413026944474,5.858431495256313,9.08402238016939
98.13029587442699,181.19237668422505,11.754844976956761,0.4956955455044577,2.683751376957633,4.923985280318202,9.08525771946931
98.14696485623001,181.23140307897089,11.756741059119886,0.20921204139310123,2.3764150542052263,5.032119446435829,9.086493294882974
98.16363383803305,181.2704238257606,11.75863730881376,0.5921567331430871,2.996661039497833,4.719634963251123,9.087729106457925
98.18030281983607,181.30943743384196,11.760533725869086,0.6166583344261171,2.5833954604862734,4.510314485154883,9.088965154241599
98.19697180163911,181.34844312949042,11.762430310141294,0.805190728987434,2.834844126343248,4.692122045102608,9.09020143828132
98.21364078344213,181.38744317654618,11.76432706162039,0.38216624536828775,2.864929442112961,4.691314044260397,9.091437958624288
98.23030976524517,181.42643952419758,11.76622398030754,0.35781436308106546,2.2109621368157537,4.357861087084113,9.092674715317628
98.24697874704819,181.4654339295196,11.768121066196437,0.751954008181834,2.9168899374076362,4.133303550388233,9.09391170840835
98.26364772885123,181.50442802296865,11.77001831927513,0.8629972243636436,3.050510699746165,4.037069591181952,9.095148937943351
98.28031671065425,181.54342330838216,11.771915739526008,0.3473104380016867,3.366109571597247,4.661188652874693,9.096386403969433
98.29698569245728,181.58242116297887,11.773813326925819,0.8777333928285909,2.6453778692809773,5.115153424025088,9.097624106533276
98.3136546742603,181.62142283735878,11.775711081445655,0.6688285804667443,2.827526680722181,4.750527868593435,9.09886204568146
98.33032365606333,181.66042945550302,11.777609003050953,0.8795708858634219,2.7827774986885787,5.2364483958566375,9.100100221460456
98.34699263786636,181.69944201477406,11.77950709170151,0.6470553209234811,2.891659975166259,5.30672032860409,9.101338633916624
98.36366161966939,181.73846138591546,11.781405347351459,0.15653335422835413,2.230002106578322,5.6594844699754026,9.102577283096217
98.38033060147242,181.77748831305212,11.783303769949297,0.6304849751031394,2.8006423024898686,5.270212354865307,9.10381616904538
98.39699958327544,181.8165234136901,11.785202359437857,0.8727966985035078,2.068697299223304,5.599213729341429,9.105055291810151
98.41366856507848,181.85556717871674,11.787101115754327,0.48190818353896825,2.819543322519839,5.917363689566782,9.106294651436457
98.4303375468815,181.89461997240048,11.789000038830245,0.582953815565281,1.866741398434388,6.137332283165972,9.10753424797012
98.44700652868454,181.93368203239112,11.790899128591494,0.6252095000532978,2.0818387188732554,5.427262120734275,9.10877408145685
98.46367551048756,181.97275346971963,11.792798384958315,0.08042278565324434,2.9404718793427276,4.895963100160369,9.110014151942252
98.4803444922906,182.0118342687982,11.794697807845285,0.9944844070456791,2.507923790933786,5.14018411651526,9.111254459471823
98.49701347409362,182.0509242874202,11.796597397161342,0.47982905579886326,2.670207594617944,5.34805118066924,9.112495004090949
98.51368245589666,182.09002325676036,11.798497152809764,0.7611405476029256,3.3260027365852824,4.320784511991565,9.11373578584491
98.53035143769968,182.1291307813745,11.800397074688187,0.6425424727398318,2.9043637146274937,4.2137974717660605,9.114976804778873
98.54702041950269,182.16824633919964,11.802297162688587,0.911295719654587,2.952463756232479,4.426978393282846,9.116218060937907
98.56368940130572,182.2073692815542,11.804197416697301,0.7408723108548054,2.6986406225371304,4.21942760371129,9.117459554366963
98.58035838310875,182.24649883313765,11.806097836595,0.6125653796458057,3.0796830770633083,4.379597444009435,9.11870128511089
98.59702736491178,182.2856340920308,11.807998422256718,0.48073633264240423,2.5223985008891883,3.8578860165083366,9.119943253214423
98.6136963467148,182.32477402969556,11.80989917355183,0.818898578255512,3.4387694515116562,4.229993047888226,9.121185458722193
98.63036532851784,182.36391749097515,11.811800090344063,0.2845292336786715,2.770331310595806,4.852873262350526,9.122427901678723
98.64703431032086,182.40306319409402,11.81370117249149,0.7882846046940984,1.958794087761991,4.35279315101818,9.123670582128426
98.6637032921239,182.44220973065782,11.81560241984654,0.43918656619721885,2.8364094767410792,5.398410288099681,9.124913500115605
98.68037227392692,182.48135556565342,11.817503832255985,0.9093412144898825,2.918368494598708,4.884159263073678,9.12615665568446
98.69704125572996,182.5204990374489,11.81940540956095,0.6910333259636878,2.3880283548378096,5.688234513882391,9.127400048879078
98.71371023753298,182.5596383577936,11.821307151596905,0.7874870760971487,2.6018375311162614,5.508130305669504,9.128643679743442
98.73037921933602,182.59877161181802,11.823209058193669,0.67494896017259,2.7716656996620297,5.402434808219155,9.129887548321422
98.74704820113904,182.63789675803397,11.82511112917542,0.3079646230656691,2.8228315109934723,5.649692277102622,9.131131654656784
98.76371718294207,182.67701162833447,11.82701336436067,0.4861830239278946,1.722761263448783,5.936885519924534,9.132375998793181
98.7803861647451,182.71611392799366,11.828915763562293,0.7926955084903786,3.180557466510255,5.670268033953695,9.133620580774163
98.79705514654812,182.75520128078827,11.830818326589409,0.691437558670436,2.687344267627134,5.84095261039959,9.134865400643168
98.81372412835115,182.79427963045484,11.832721053596467,0.8941931003803776,2.1222970724163037,5.719734500513224,9.136110458443525
98.83039311015418,182.83335581236148,11.834623944757313,0.7385387259590557,2.8890789514793003,4.6894056271203075,9.137355754218454
98.84706209195721,182.87243161745252,11.836527000031225,0.4644320991762668,2.7757510948883386,4.418397388450762,9.138601288011072
98.86373107376023,182.91150868435435,11.838430219373624,0.4984482836918511,3.242897961447753,4.174848429709673,9.139847059864387
98.88040005556327,182.9505884993753,11.840333602736067,0.6781331932350149,2.8732007874553633,4.110002754326871,9.1410930698213
98.8970690373663,182.98967239650568,11.842237150066255,0.1946294758211602,2.7860272971370894,4.585230947734041,9.1423393179246
98.91373801916933,183.02876155741777,11.844140861308027,0.9920152100542365,2.77035291223685,4.369327255274989,9.14358580421697
98.93040700097235,183.06785701146575,11.846044736401367,0.7455646941524788,2.99503503205265,4.063174303826184,9.14483252874098
98.94707598277539,183.10695963568588,11.8479487752824,0.9025107502941709,2.632509266072342,4.324534259862644,9.146079491539094
98.96374496457841,183.14607015479626,11.849852977883387,0.3408714968113297,2.6188380750243083,4.916150532236735,9.147326692653664
98.98041394638145,183.18518914119713,11.851757344132732,0.9057937412355626,3.0919041490840304,5.283716336758526,9.148574132126937
98.99708292818447,183.22431701497052,11.853661873954985,1.103068885685238,2.7728471625199966,5.0338490558341755,9.149821810001045
99.01375190998748,183.26345404388053,11.85556656727083,0.3924817968644851,2.803371203266817,4.407274983110254,9.151069726318017
99.03042089179051,183.30260034337323,11.857471423997096,0.8108261615473049,3.1977040474250598,5.523192881570562,9.152317881119767
99.04708987359354,183.3417558765766,11.85937644404675,0.6566560963182214,2.76692250326293,5.900883295728961,9.153566274448107
99.06375885539657,183.38092045430068,11.861281627328903,0.3474356127542044,2.797367502872616,5.813549084195915,9.154814906344733
99.0804278371996,183.4200937350374,11.863186973748807,0.754787422027474,2.7250521406575867,6.016754992103133,9.156063776851234
99.09709681900263,183.45927522496063,11.86509248320785,0.8228194841292553,2.976028691482229,5.88034755019192,9.157312886009091
99.11376580080565,183.49846427792636,11.866998155603566,0.5357617184054283,2.9219381090856746,5.301551940231845,9.158562233859676
99.13043478260869,183.53766009547238,11.868903990829628,0.8890584890616747,2.9706406654162905,5.238998825451868,9.15981182044425
99.14710376441171,183.57686172681852,11.870809988775854,0.32241063003954296,2.5033062949524956,5.192015643721769,9.161061645803967
99.16377274621475,183.61606806886658,11.872716149328193,0.3567001788308311,2.7423320621893548,5.36324208678084,9.16231170997987
99.18044172801777,183.65527786620035,11.874622472368747,0.6828589543198236,3.1335203142135963,4.5648380099819,9.163562013012893
99.1971107098208,183.69448971108557,11.876528957775749,0.6605045682570925,2.886994679558198,4.702470804520332,9.164812554943861
99.21377969162383,183.73370204346992,11.87843560542358,0.5120008228389562,2.6120403759729185,4.470428599461168,9.16606333581349
99.23044867342686,183.77291315098304,11.880342415182756,0.8171223860011954,3.4435016114843444,4.729573951255119,9.167314355662391
99.24711765522989,183.81212116893664,11.882249386919941,0.761270310376284,2.610521478901911,4.188676515643407,9.168565614531058
99.26378663703291,183.8513240803243,11.884156520497934,0.8266071809107469,3.132070154259098,3.7004341703593253,9.169817112459882
99.28045561883594,183.89051971582157,11.886063815775676,0.6302399693302584,2.3210531166481903,4.522305099431422,9.171068849489139
99.29712460063897,183.92970575378607,11.88797127260825,0.7752711701804169,3.1718698154603366,5.136817068028187,9.172320825659003
99.313793582442,183.968879898662,11.889878890848742,0.5655128866914109,2.0264476355151557,4.925679377188859,9.173573041009535
99.33046256424502,184.00804842951345,11.891786670455035,1.065294486577376,2.9191776609451745,4.72043246834373,9.174825495580677
99.34713154604806,184.04721647721394,11.893694611421358,0.491909366369659,2.7606100804871923,4.88115039785033,9.176078189412273
99.36380052785108,184.08638523494096,11.895602713707,1.0753657487124435,2.659159977962933,5.148702484957267,9.177331122544059
99.38046950965412,184.12555579368342,11.897510977267416,0.6611715652794912,2.8337250581423747,6.2218929464768244,9.17858429501566
99.39713849145714,184.1647291422417,11.899419402054223,0.37897948162417655,3.111373896906892,5.648212692820198,9.1798377068666
99.41380747326018,184.2039061672276,11.901327988015197,0.9275851839688376,2.7006049157079315,5.600045415078229,9.181091358136277
99.4304764550632,184.2430876530643,11.903236735094282,0.6790372165615732,2.4456988993194364,5.725517529988196,9.182345248863992
99.44714543686624,184.2822742819865,11.905145643231577,0.8239693542697654,3.040741748352592,5.5764942720889055,9.183599379088932
99.46381441866924,184.3214666340402,11.90705471236335,0.8984032847344511,2.455669652475507,5.97462364730406,9.184853748850173
99.48048340047227,184.36066518708301,11.908963942422027,0.721110749029642,2.5082240381279903,4.983366650523465,9.186108358186683
99.4971523822753,184.39987031678385,11.910873333336196,0.534958977176686,3.1232221276884626,5.397113416174989,9.187363207137318
99.51382136407832,184.43908229662304,11.912782885030612,0.8484373003970412,2.3817753107388446,4.8305561144294895,9.188618295740827
99.53049034588136,184.47830129789247,11.914692597426185,0.6533331758848111,3.2284786050372816,4.927221752202525,9.189873624035842
99.54715932768438,184.51752738969532,11.916602470439992,0.7902410584744691,2.682617613296849,4.853666245354305,9.191129192060895
99.56382830948742,184.55676053894626,11.91851250398527,0.22221077120301846,3.0541680141978507,4.278902810635008,9.192384999854399
99.58049729129044,184.59600061037142,11.920422697971418,0.742240591442884,2.870763093295645,4.106623753714599,9.193641047454664
99.59716627309348,184.6352473665083,11.922333052304001,0.525014415984038,3.289407232805895,4.246895054483012,9.194897334899883
99.6138352548965,184.6745004677059,11.92424356688474,0.9832808123348646,2.727489218120541,4.300192192987124,9.196153862228146
99.63050423669954,184.7137594721246,11.926154241611528,0.7771236292985377,3.2035479496812966,3.9988525760487725,9.197410629477428
99.64717321850256,184.75302383573617,11.928065076378406,0.7003649546690514,2.5098487687528426,5.178359997541011,9.198667636685597
99.6638422003056,184.79229291232394,11.929976071075586,0.7495426209260951,2.8281938504087147,5.03116367414733,9.199924883890409
99.68051118210862,184.83156595348257,11.931887225589445,0.45247963943743,2.9098749305407825,4.857479072648855,9.201182371129509
99.69718016391165,184.87084210861815,11.933798539802515,0.9767063068964552,2.3862254138182535,4.814922189763353,9.202440098440437
99.71384914571468,184.91012042494827,11.935710013593493,1.0502161822951335,2.746996605960647,4.923059665005384,9.203698065860618
99.7305181275177,184.9493998475019,11.93762164683724,0.7304119016066357,2.8855195693919504,5.977806022937966,9.204956273427369
99.74718710932073,184.98867921911943,11.939533439404778,0.9697969851827926,2.7601430873363046,5.613182470929191,9.206214721177897
99.76385609112376,185.0279572804527,11.941445391163288,0.5377736748119687,3.8615079422642626,5.636398319293745,9.2074734091493
99.78052507292679,185.06723266996505,11.943357501976116,0.49206761550874,2.494263800859639,5.817632975657562,9.20873233737856
99.79719405472981,185.10650392393111,11.945269771702772,0.6595622638571476,3.0456812209751636,5.348971892269065,9.209991505902558
99.81386303653285,185.14576947643704,11.947182200198927,0.7382524783144586,3.233392813138006,5.451015601447302,9.21125091475806
99.83053201833587,185.18502785439884,11.949094787316334,0.5723538621151876,2.8064262502707593,5.070802426662522,9.21251056398172
99.84720100013891,185.22428223116475,11.951007532938007,0.7585917353753914,2.4340393368947604,4.76801502254132,9.213770453610074
99.86386998194193,185.26353524370657,11.952920437033796,0.7122028638907493,2.5229735439694667,4.092702791347578,9.215030583679559
99.88053896374497,185.30278807649907,11.954833499582357,0.4511504538502604,2.7042259126734534,4.132521309392398,9.216290954226505
99.89720794554799,185.34204182430918,11.956746720557534,0.7544572251108038,1.921657448071537,4.4339734475447985,9.217551565287131
99.91387692735101,185.38129749219613,11.958660099928375,0.8232910541378904,2.705449900220761,3.996499288180737,9.218812416897544
99.93054590915403,185.42055599551156,11.960573637659127,0.6847660244874898,2.1690218683403826,4.588832569545294,9.220073509093748
99.94721489095706,185.45981815989936,11.962487333709227,0.8808885083018408,3.311499845668673,5.032923737837501,9.221334841911625
99.96388387276009,185.49908472129553,11.964401188033312,0.4067648269960393,2.9373104738614746,4.693400495223264,9.222596415386954
99.98055285456311,185.53835632592862,11.966315200581215,0.7437223395551413,3.2029678865464817,5.161117183408252,9.223858229555399
99.99722183636615,185.57763353031933,11.968229371297964,0.4159627546917541,2.873832814919899,5.174343595897042,9.225120284452515
100.01389081816917,185.61691680128064,11.970143700123781,0.4270892365974137,2.8854066702069643,5.046804730689516,9.226382580113746
100.03055979997221,185.65620651591794,11.972058186994094,0.5236059252215732,3.3561861527773678,5.495810404578378,9.227645116574424
100.04722878177523,185.69550296162876,11.973972831839516,0.4612666104531591,2.6897418578052097,6.22577529792764,9.22890789386977
100.06389776357827,185.73480633610308,11.975887634585861,0.5399660101140384,2.8676270267912187,5.58984616732514,9.230170912034898
100.08056674538129,185.77411674732298,11.977802595154145,0.6066216099312767,2.8924424635406485,5.487114251464931,9.231434171104805
100.09723572718433,185.81343421356306,11.97971771346057,0.8167690390896456,2.243157689525044,5.432429600553191,9.232697671114384
100.11390470898735,185.85275866339,11.981632989416543,0.584992775392309,3.9654720022988483,5.605547679491073,9.233961412098408
100.13057369079038,185.89208993566294,11.983548422928662,0.33198585467146424,2.8224392430588354,5.202202128476947,9.235225394091549
100.1472426725934,185.9314277795332,11.985464013898724,0.8770109498198317,2.887719769578716,5.788612264997548,9.23648961712836
100.16391165439644,185.97077185444445,11.987379762223725,0.4814657099183292,2.9472464277894184,5.106432896236166,9.23775408124329
100.18058063619947,186.01012173013262,11.98929566779585,0.6370259789877116,3.2147804958053463,5.084097359896063,9.23901878647067
100.19724961800249,186.04947688662594,11.991211730502489,0.7379636652324906,2.83280620232039,4.474342742485302,9.240283732844727
100.21391859980552,186.08883671424496,11.993127950226219,0.6884647186506788,2.8458065325325954,4.035942214563246,9.241548920399575
100.23058758160855,186.1282005136025,11.995044326844823,0.8672647873119131,2.0719753594391443,3.860144540515398,9.242814349169214
100.24725656341158,186.16756749560366,11.996960860231274,0.7441157210570511,2.7631261116915433,3.928671914593815,9.244080019187535
100.2639255452146,186.2069367814459,11.998877550253743,0.47593936276501403,3.0451186627654927,4.331660237572269,9.245345930488318
100.28059452701764,186.2463074026188,12.0007943967756,1.0837998716054333,2.985842246022231,4.485348677356,9.246612083105234
100.29726350882066,186.2856783009045,12.002711399655409,0.6868402593758219,3.07196306910324,4.677986502644416,9.247878477071842
100.3139324906237,186.3250483283772,12.004628558746926,0.6183916231050429,2.762525493339771,4.267317759877216,9.249145112421587
100.33060147242672,186.36441624740345,12.006545873899116,0.8405308266034125,2.6811046875405777,4.958699956012524,9.250411989187809
100.34727045422976,186.40378073064215,12.008463344956128,0.6975219766047478,3.28205631780634,4.899939139804021,9.251679107403731
100.36393943603278,186.4431403610445,12.01038097175731,0.7273634433182163,3.355849612904616,5.5567900827788055,9.252946467102472
100.3806084178358,186.48249363185388,12.01229875413721,1.145840593668995,3.008937322328189,5.765941236318007,9.25421406831703
100.39727739963882,186.5218389524989,12.014216691925753,0.5922654694449564,2.743855176841653,5.395510205222934,9.255481911080304
100.41394638144185,186.56117682005285,12.01613478502668,0.5836235093899134,2.9321039746248365,6.089357414388668,9.256749995425064
100.43061536324488,186.60050982777526,12.018053033449792,0.6703772956653534,4.314925973531728,6.474153629109728,9.258018321383975
100.4472843450479,186.63983986489436,12.019971437191625,0.861250657442306,2.8694878508259514,5.920876503271599,9.259286888989605
100.46395332685094,186.67916868991958,12.021889996243123,0.34552651336675916,2.5577784345659667,5.45385057582603,9.260555698274409
100.48062230865396,186.71849793064158,12.023808710589652,0.2536079622255204,2.5366469655878907,5.190790667766856,9.261824749270723
100.497291290457,186.75782908413242,12.02572758021097,0.52918187957176,2.8920304218135877,4.978109438233706,9.263094042010783
100.51396027226002,186.79716351674526,12.02764660508127,0.31970610713963554,2.1321322974666574,4.563685040420628,9.264363576526705
100.53062925406306,186.8365024641146,12.029565785169138,0.5614101668045588,2.8923946177607323,4.639076600427831,9.265633352850497
100.54729823586608,186.87584703115618,12.031485120437587,0.7467620850179881,2.9086936935373533,4.036023727920545,9.266903371014052
100.56396721766912,186.91519819206698,12.03340461084403,0.467998054710136,3.593808692221817,3.685803843502162,9.268173631049157
100.58063619947214,186.95455679032523,12.035324256340303,0.360668165860565,2.96383538628162,4.266914154988043,9.269444132987477
100.59730518127517,186.99392353869044,12.037244056872643,0.6597865395457099,3.207847513290609,4.233953984181318,9.270714876860579
100.6139741630782,187.03329901920338,12.039164012381708,0.8183134023228242,2.0338015390620887,4.158413760925794,9.271985862699903
100.63064314488123,187.07268368318606,12.041084122802566,0.30669558812674724,3.0234131101706936,4.112761852841224,9.273257090536793
100.64731212668426,187.11207785124174,12.043004388064693,0.8096222981764678,3.1844961517444093,4.8014949400219376,9.274528560402468
100.66398110848728,187.15148171325492,12.04492480809198,0.8089225742248561,2.860273000188317,4.66246751895166,9.275800272328041
100.68065009029031,187.19089532839143,12.046845382802733,0.8361638411689576,2.0828750910487797,5.1667485771318775,9.277072226344515
100.69731907209334,187.2303186250983,12.048766112109668,0.888928323292739,2.549038303303594,5.966426903716318,9.278344422482776
100.71398805389637,187.2697514011038,12.050686995919909,1.0855204971732362,2.595103928037931,5.818013682134161,9.279616860773604
100.7306570356994,187.30919332341747,12.052608034134996,0.5737847068043732,1.8358465529617707,5.336671580679301,9.280889541247664
100.74732601750243,187.34864392833012,12.054529226650882,0.6668028092164104,2.837327060886806,5.416528543424394,9.282162463935506
100.76399499930545,187.38810262141385,12.056450573357928,0.5614861556315003,2.491192716231434,5.817870705176875,9.283435628867574
100.78066398110849,187.42756867752192,12.058372074140914,0.6450545327419802,3.807151273449952,5.257448354033209,9.2847090360742
100.79733296291151,187.46704124078892,12.060293728879024,0.9511191288790786,2.8045395105652147,4.901639793007688,9.285982685585601
100.81400194471455,187.50651932463063,12.062215537445862,0.37542682739981026,3.482872806772182,5.444813706407174,9.287256577431881
100.83067092651756,187.54600181174422,12.064137499709433,0.4721050286819362,2.684342043249436,5.136412024806799,9.288530711643036
100.84733990832059,187.58548745410798,12.066059615532168,0.9196363618619052,2.6107160460832204,4.9264105798403905,9.28980508824895
100.86400889012361,187.6249748729815,12.067981884770903,0.8480926599260473,2.8777722397092336,4.64168280436582,9.291079707279396
100.88067787192664,187.66446255890565,12.069904307276884,0.57134418572741,2.6542020683598304,4.357530897286573,9.292354568764031
100.89734685372967,187.70394887170252,12.07182688289577,0.8147360444425967,2.6336324513065676,4.05380763976422,9.2936296727324
100.9140158355327,187.7434320404755,12.073749611467639,0.7119839144487929,2.822377042035403,4.3558389620837765,9.294905019213942
100.93068481733573,187.7829101636092,12.075672492826968,0.9436807421087052,2.7428191530820594,4.686731174446105,9.296180608237982
100.94735379913875,187.82238120876943,12.077595526802659,0.6584127860800574,3.5284485643866983,4.1797775422104495,9.297456439833729
100.96402278094179,187.86184301290336,12.07951871321802,0.84852230976538,2.924650776723107,4.191892318187195,9.298732514030284
100.98069176274481,187.9012932822394,12.081442051890772,1.1716832614574106,3.084828977747816,4.3746882904869135,9.300008830856639
100.99736074454785,187.94072959228714,12.083365542633045,0.7627856754501668,2.900666464602834,4.700198310099113,9.301285390341667
101.01402972635087,187.98015200352077,12.085289185355304,0.6529164154171004,3.1148840077776914,5.269885474280344,9.302562192514133
101.0306987081539,188.01957035502252,12.08721298034641,0.7874250898773694,2.8181751741542107,4.795631800549684,9.303839237402686
101.04736768995693,188.05898753369584,12.089136927607935,0.5697644045469391,2.7825180447770497,5.754846035871845,9.305116525035874
101.06403667175996,188.09840529743283,12.09106102709829,1.1202989734486288,2.9328806238874243,5.940833973201054,9.306394055442127
101.08070565356299,188.1378252483693,12.092985278772002,0.6786044688621965,2.9645622422858513,5.259595380613406,9.307671828649765
101.09737463536602,188.17724883288432,12.094909682579715,0.5878883991025001,3.3422822231220937,5.478388488850576,9.308949844686998
101.11404361716905,188.2166773416005,12.096834238468192,0.4752220368354205,2.7637128783842804,5.693567118849604,9.310228103581919
101.13071259897207,188.2561119093839,12.098758946380313,0.8616886237417067,3.0130845347366826,5.458572785452429,9.31150660536251
101.1473815807751,188.29555351534404,12.100683806255072,0.8155667884780727,2.756854125590604,5.440340850609137,9.312785350056641
101.16405056257813,188.33500298283397,12.102608818027583,0.5425431250548806,2.8575030129254673,4.9970928872603055,9.314064337692072
101.18071954438116,188.37446097945013,12.104533981629084,0.7571889347423852,2.64839748655194,5.16998798352267,9.315343568296447
101.19738852618418,188.41392801703242,12.106459296986918,0.34007211143252186,2.788866217371125,4.465836874555732,9.316623041897296
101.21405750798722,188.4534044516642,12.108384764024553,0.6786620324458773,3.136853641188454,4.081776294772695,9.317902758522042
101.23072648979024,188.49289048367237,12.110310382661572,0.7321037732236726,2.902906171260444,3.933183238213441,9.31918271819799
101.24739547159328,188.5323861576272,12.112236152813676,0.9829030231401796,2.870928263703286,4.421604455498774,9.320462920952338
101.2640644533963,188.5718913623425,12.114162074392683,0.4871578321674972,2.2270509863723564,4.236835122240796,9.32174336681216
101.28073343519932,188.61140583087544,12.11608814730653,0.38553557152455875,2.7456620824008833,4.520643003511884,9.323024055804435
101.29740241700235,188.65092914052678,12.11801437145927,0.46200498278068663,2.809326770018918,4.6825950549579956,9.324304987956014
101.31407139880538,188.69046071284063,12.11994074675107,0.3736613257142653,2.4489582745538137,4.109921761772999,9.325586163293645
101.3307403806084,188.72999981360468,12.121867273078223,0.9081909212934884,2.8634591588565455,4.6188899796730585,9.32686758184396
101.34740936241143,188.76954555284996,12.12379395033313,0.9504717058858397,2.674752331690649,4.90359228004475,9.328149243633474
101.36407834421446,188.809096884851,12.125720778404316,0.7046715328070521,2.8921655022738864,5.193285201922604,9.329431148688599
101.38074732601748,188.8486526081259,12.127647757176419,0.8847715499095038,2.8890769231595703,5.49742599320419,9.330713297035626
101.39741630782052,188.888211365436,12.129574886530197,0.6671885536846686,2.389833491576981,6.0476530696819655,9.331995688700738
101.41408528962354,188.92777164378634,12.131502166342521,0.6212588380876054,2.8265024836532744,6.158597859522905,9.333278323710005
101.43075427142658,188.96733177442533,12.133429596486389,0.5735579071611687,2.8995980714269174,5.684092424869403,9.33456120208938
101.4474232532296,189.00688993284476,12.135357176830906,0.5779714693476369,3.300558149842291,5.593896322624559,9.335844323864713
101.46409223503264,189.04644413877995,12.137284907241302,0.3303735663416848,2.9213178113073375,5.289439472385687,9.33712768906173
101.48076121683566,189.08599225620975,12.139212787578916,0.6926690136564627,2.5394986650658775,5.31055320972993,9.338411297706052
101.4974301986387,189.12553199335642,12.141140817701213,0.6316354355969092,2.907253759548509,5.099492803701074,9.339695149823186
101.51409918044172,189.16506090268558,12.14306899746177,0.7886584925552962,3.6156714869537137,5.031825996568916,9.340979245438525
101.53076816224475,189.2045786950847,12.144997326736242,0.6581751505447921,3.2060377183973006,4.801135090017894,9.34226358457735
101.54743714404778,189.24409424479865,12.146925805531986,0.6068137879000186,2.9865345716656084,3.685613330280813,9.343548167264823
101.56410612585081,189.28360986355233,12.148854433820865,0.4649999726305709,3.2320606491873636,4.206204477454002,9.344832993526003
101.58077510765384,189.3231267560587,12.150783211561734,0.6535532498982847,3.0107148130490615,4.616159951107992,9.346118063385836
101.59744408945686,189.36264602049062,12.152712138709594,0.7866540461046612,3.343675916822316,4.096697541305256,9.347403376869158
101.6141130712599,189.40216864848068,12.154641215215586,0.4102227726599057,3.081625278180792,4.672683277627873,9.348688934000688
101.63078205306292,189.44169552512145,12.15657044102699,0.6562692660979237,3.1006877909430353,4.407267071025023,9.349974734805032
101.64745103486595,189.48122742896513,12.158499816087232,0.6852670237247215,2.3390396691518047,4.769006575559302,9.351260779306685
101.66412001666897,189.52076503202395,12.160429340335881,0.4949293683462775,2.73329921286362,4.620544961914955,9.352547067530029
101.68078899847201,189.5603088997698,12.162359013708645,0.5208549293556047,2.9461458474454387,4.880678940383667,9.35383359949933
101.69745798027503,189.5998594911345,12.16428883613738,0.684432198996007,2.903347703508692,5.65633598527512,9.35512037523874
101.71412696207807,189.6394171585097,12.166218807550079,0.4115096381502059,2.7639887424047,5.888515282893338,9.356407394772305
101.73079594388109,189.67898214774684,12.168148927870883,0.7080623711071086,3.289666218355853,5.756084414618755,9.357694658123949
101.74746492568411,189.7185545981572,12.170079197020064,0.45889051327855457,2.703710253238378,5.43082953754489,9.358982165317485
101.76413390748714,189.75813454251195,12.172009614914051,0.8504158602970038,2.6474824403468924,5.784917507064755,9.36026991637662
101.78080288929017,189.797721907042,12.17394018146541,1.1052943781969296,2.705153448896753,6.046068315522183,9.361557911324937
101.7974718710932,189.8373165114381,12.175870896582843,0.46546114997890475,2.536331889553198,6.023385033985076,9.362846150185911
101.81414085289622,189.87691806885093,12.177801760171203,0.7443377377874438,3.6255892668098477,5.1881315951066656,9.364134632982907
101.83080983469925,189.9165261858909,12.179732772131485,0.4920314131447432,2.756235540286189,4.540078759461841,9.36542335973917
101.84747881650227,189.95614036262825,12.181663932360815,0.8454542315269028,2.628035790453136,5.041318774569816,9.366712330477835
101.86414779830531,189.99575999259312,12.18359524075248,0.38409529145622595,3.2178113690930035,4.478230655191855,9.368001545221926
101.88081678010833,190.0353843627754,12.18552669719589,0.7331478753466332,3.024432814015121,4.658723968028552,9.369291003994348
101.89748576191137,190.07501265362492,12.187458301576614,0.4623162545751158,2.3383082724710955,4.336042362720866,9.3705807068179
101.91415474371439,190.1146439390512,12.189390053776352,0.5954006283514641,2.953187469732523,3.9358633579347715,9.371870653715266
101.93082372551743,190.1542771864237,12.191321953672952,0.4304759633082702,3.016708547400417,4.245789155511963,9.373160844709007
101.94749270732045,190.1939112565717,12.193254001140405,0.8010345586541096,3.7414319629100903,4.7237952507418,9.374451279821585
101.96416168912349,190.23354490378424,12.19518619604884,0.4690518137170987,2.9774165534603405,4.455001101662022,9.375741959075338
101.98083067092651,190.27317677581019,12.197118538264531,0.74672413061647,2.8222800903339866,4.406741019952729,9.3770328824925
101.99749965272954,190.3128054138584,12.199051027649897,0.567395041279964,2.812947393538088,4.485716357952071,9.378324050095184
102.01416863453257,190.35242925259735,12.200983664063495,0.6132035148144329,2.5679472925044737,4.979477656737569,9.379615461905392
102.0308376163356,190.39204662015553,12.202916447360025,0.6655324869776709,2.5940432149530825,5.316231356017492,9.380907117945013
102.04750659813863,190.43165682753218,12.20484937739377,0.4834996615932011,3.1880015504118417,5.870406271952142,9.382199018235823
102.06417557994165,190.4712642890691,12.206782454084857,0.6778212831865862,2.9055852878515442,5.4121479439653495,9.383491162799475
102.08084456174468,190.51087081483624,12.208715677413124,0.9416980120510721,2.9502701930849886,6.265245423875536,9.38478355165752
102.0975135435477,190.5504776152844,12.210649047355993,0.47989535488600665,3.562269809587136,5.370446355078072,9.386076184831403
102.11418252535074,190.5900858067434,12.212582563886105,0.8697595277724979,2.0406491344727864,6.367960391848547,9.387369062342446
102.13085150715376,190.62969641142215,12.214516226971336,0.9349001870955307,3.1732426929406032,6.017635782084888,9.388662184211862
102.1475204889568,190.6693103574088,12.216450036574786,0.47193279810992594,2.9285537358851266,5.324840708180209,9.389955550460751
102.16418947075982,190.7089284786704,12.218383992654788,0.3440359846745568,2.9423627996901933,4.543033600789734,9.3912491611101
102.18085845256286,190.74855151505326,12.2203180951649,0.6953221697859846,2.5395198125289657,4.771909001314389,9.392543016180777
102.19752743436587,190.78818011228273,12.222252344053912,0.5253315435613188,2.629066646141229,4.444383743032891,9.393837115693536
102.2141964161689,190.82781482196327,12.224186739265841,1.0084167246367235,3.0092294470087904,3.993089114082228,9.395131459669027
102.23086539797193,190.86745610157848,12.226121280739934,0.6415405959421613,4.088100177370295,4.338776886865884,9.396426048127775
102.24753437977496,190.90710431449105,12.228055968410663,0.4740221876441536,2.999198569603771,3.9537709072501013,9.397720881090194
102.26420336157798,190.94675972994264,12.229990802207732,0.4049131228510492,3.462720292654284,4.014028508851065,9.399015958576591
102.280872343381,190.9864225230542,12.231925782056074,0.8522089470892572,2.8385121164133635,4.270573668150702,9.400311280607145
102.29754132518404,191.0260927748257,12.23386090787585,0.519874065109745,2.780594574678281,4.327819718134481,9.401606847201935
102.31421030698706,191.06577047213622,12.235796179582445,0.6427594989342507,2.522976958203929,5.3412828032164255,9.402902658380917
102.3308792887901,191.10545550774393,12.237731597086482,0.8250371416626399,2.8661463043617004,4.802292686238783,9.40419871416394
102.34754827059312,191.14514768028607,12.239667160293806,0.5369077503566612,2.0107617966541946,5.344064760531715,9.405495014570732
102.36421725239616,191.1848466942791,12.24160286910549,0.6244564576244978,2.6496459262615986,5.483512368546609,9.406791559620912
102.38088623419918,191.22455216011844,12.24353872341784,0.6302113185870662,2.793549521247905,5.7306678554533725,9.408088349333985
102.39755521600222,191.26426359407873,12.245474723122388,0.7700726546054909,2.8278489314720288,5.877375656842891,9.40938538372934
102.41422419780524,191.3039804183136,12.247410868105897,0.7514393457490305,2.9277934035776005,6.063560743225088,9.410682662826252
102.43089317960828,191.34370196085592,12.249347158250353,0.5891504333570161,3.0758754504186214,5.851341131499815,9.41198018664388
102.4475621614113,191.38342745561752,12.25128359343298,0.6457856675069639,2.912204899471169,5.735599530064718,9.413277955201279
102.46423114321433,191.42315604238942,12.253220173526222,0.5585827031636463,2.7935106073047464,5.516978076825516,9.41457596851738
102.48090012501736,191.46288676684176,12.255156898397754,0.3372986490284922,1.9462181340339537,5.24031212103253,9.415874226610997
102.4975691068204,191.5026185805237,12.257093767910483,0.6842239015417498,2.8680534327931633,4.7631048149588215,9.417172729500844
102.51423808862342,191.54235034086355,12.259030781922542,1.0110246566065437,2.4941038566370963,4.769602392972749,9.418471477205511
102.53090707042644,191.58208081116868,12.26096794028729,0.45572502542994997,3.0913895021988176,4.63223302414908,9.419770469743476
102.54757605222947,191.62180866062567,12.262905242853325,0.4777454355486474,3.1193052961487338,4.495588629217438,9.421069707133102
102.5642450340325,191.66153246430014,12.264842689464459,0.45808832183663023,3.3895711724090227,4.305313304258154,9.422369189392638
102.58091401583553,191.70125070313674,12.266780279959743,0.7770347054237353,2.993971601283556,4.130945207461714,9.423668916540226
102.59758299763855,191.7409617639593,12.268718014173453,0.7216958888720546,2.867586906911538,4.21156129535281,9.424968888593884
102.61425197944159,191.78066427023728,12.27065589194533,0.6001736827654413,2.738180246116446,4.165967340152524,9.426269105571519
102.63092096124461,191.82036035893896,12.272593913241854,0.4481598070216064,2.766974970283633,4.59480501309713,9.42756956749092
102.64758994304763,191.8600523915799,12.274532078069733,0.6501213506851482,2.182093640129806,4.652150813746086,9.428870274369764
102.66425892485066,191.899742255217,12.276470386422703,0.3186039148272641,3.019768267897977,5.017872853384834,9.430171226225626
102.6809279066537,191.93943170216232,12.278408838288996,0.6600959765550886,2.8543766064663694,5.512714603104644,9.431472423075963
102.69759688845672,191.97912234998316,12.280347433651341,0.8055978382646554,2.4810785241537308,5.2276309992633845,9.432773864938119
102.71426587025975,192.01881568150216,12.282286172486963,0.38093540658054,2.7544782291701515,5.804287182870545,9.434075551829322
102.73093485206277,192.05851304479722,12.284225054767587,0.32455382642069847,2.5045847348102335,5.758858030888584,9.43537748376668
102.7476038338658,192.09821565320158,12.286164080459436,0.9468272830465319,2.9390968990547535,6.405542207445775,9.436679660767195
102.76427281566883,192.13792458530364,12.288103249523225,0.508469974791574,3.4059989462080216,5.706331913135522,9.437982082847753
102.78094179747185,192.17764078494722,12.290042561914172,0.8578936449526227,2.8113963035950356,5.876295885109541,9.43928475002512
102.79761077927489,192.21736506123128,12.291982017581992,0.5997866909045344,2.4502352645730867,5.503495352591561,9.440587662315954
102.81427976107791,192.2570980885102,12.293921616470891,0.5980773838673966,2.845551609675192,4.864692552919886,9.441890819736793
102.83094874288095,192.29684040639356,12.295861358519579,0.7180329856203199,2.926348931083477,4.879739941123988,9.443194222304061
102.84761772468397,192.33659241974624,12.297801243661263,0.4534327480132512,2.8423149046311864,5.051331085713357,9.444497870034072
102.86428670648701,192.37635439868836,12.299741271823644,0.6566139969018948,2.715624890279511,4.429461589812026,9.44580176294302
102.88095568829003,192.4161264785954,12.30168144292892,0.5536987092993139,2.9906010075522165,3.7084268251850045,9.447105901046989
102.89762467009307,192.45590866009806,12.30362175689379,0.3657799028881005,2.9772110953172426,4.241561411334203,9.448410284361945
102.91429365189609,192.49570080908234,12.305562213629447,0.6972569810854403,2.9432723568698576,3.8730992961709756,9.449714912903737
102.93096263369912,192.53550265668954,12.307502813041586,0.5769809546241871,3.1282859545060475,4.268416176989058,9.451019786688109
102.94763161550215,192.5753137993162,12.309443555030391,0.5981194754814757,2.792372557858112,4.797789945738233,9.452324905730679
102.96430059730518,192.61513369861422,12.311384439490553,0.38737415299175637,2.842815752983568,4.732220838324048,9.453630270046958
102.9809695791082,192.65496168149062,12.313325466311252,0.9475682910873334,3.6333718095330605,5.180139709221783,9.45493587965234
102.99763856091123,192.69479694010786,12.31526663537617,0.8045129060506899,3.0002665178019505,4.7959484889276,9.456241734562102
103.01430754271426,192.73463853188366,12.317207946563485,0.8218830722475663,3.3162178946104928,5.170196861122811,9.457547834791411
103.03097652451729,192.77448537949093,12.319149399745875,0.5678447569880526,3.3951962472518784,5.12769052888014,9.458854180355319
103.04764550632032,192.81433627085798,12.321090994790511,0.2829788970849471,3.0684960143915436,5.420500839498046,9.460160771268757
103.06431448812334,192.85418985916826,12.323032731559062,1.0192807044613135,3.4148517728563736,5.471074797926051,9.461467607546549
103.08098346992638,192.89404466286067,12.324974609907697,0.6163594548310748,2.8168888412739492,5.407198458353685,9.462774689203398
103.09765245172939,192.9338990656292,12.32691662968708,0.4787007012106552,3.047155960357663,6.1807931146519435,9.464082016253897
103.11432143353242,192.97375131642332,12.328858790742373,0.7117026548298148,2.8923628756131694,5.039773631562293,9.465389588712526
103.13099041533545,193.0135995294476,12.330801092913237,0.8616481526110188,3.325436406487468,5.909384969254356,9.466697406593644
103.14765939713848,193.05344168416207,12.332743536033828,0.6234955144516121,3.419831608773374,5.654347797376485,9.468005469911498
103.1643283789415,193.09327562528185,12.3346861199328,0.8837022655186473,2.906201782654239,5.185186935363215,9.469313778680226
103.18099736074454,193.1330990627775,12.336628844433303,0.8444688015224808,3.1270222269872145,4.452164583652109,9.470622332913841
103.19766634254756,193.17290957187478,12.338571709352987,0.41247413387584897,3.0240734395894293,4.0840348467151575,9.471931132626251
103.21433532435059,193.21270473672425,12.340514714509435,0.4928738834328942,3.0641102678389744,4.209547549124195,9.473240177831242
103.23100430615362,193.2524914470291,12.342457860067514,0.8190208461232075,2.4613470736336813,4.438273467931968,9.474549468542488
103.24767328795664,193.2922761337559,12.344401146161585,0.0848723853241321,2.998411314981617,4.201688359643,9.475859004773554
103.26434226975968,193.33206067524335,12.346344572753148,0.5973852198112585,2.867421360884675,3.916007186991674,9.477168786537888
103.2810112515627,193.3718467906133,12.348288139799816,0.3409915542390039,3.0708625920004633,4.677292301029431,9.47847881384882
103.29768023336574,193.4116360397708,12.350231847255314,0.5317284461811402,2.811685059619409,5.007244852649483,9.479789086719576
103.31434921516876,193.45142982340425,12.35217569506949,0.5671565763727197,2.6817670343988387,4.651817103818813,9.481099605163253
103.3310181969718,193.49122938298532,12.354119683188298,0.5551530821371711,3.0745165347501784,4.997900716992027,9.482410369192845
103.34768717877482,193.5310358007689,12.356063811553815,0.5162310466882528,2.509445337681539,4.761165064882235,9.483721378821224
103.36435616057786,193.5708499997932,12.358008080104227,0.4071358824517012,2.6232864408516234,5.317287752905842,9.485032634061149
103.38102514238088,193.61067274387963,12.359952488773839,1.0848281569050802,2.964662703619018,5.779280694182094,9.486344134925258
103.39769412418391,193.6505046376329,12.36189703749307,0.9998195714572884,2.594965893199503,5.855841909716713,9.487655881426086
103.41436310598694,193.69034612644097,12.363841726188454,0.3937952495998445,2.9017888964765257,5.646945607093719,9.48896787357604
103.43103208778997,193.73019749647509,12.365786554782641,0.9425129829029213,3.025819905523882,5.688576602546884,9.49028011138742
103.447701069593,193.77005887468974,12.367731523194392,0.5460777295263882,2.439854945544459,5.53281320064657,9.491592594872408
103.46437005139602,193.80993022882268,12.369676631338592,0.6516894932763208,2.760155612267354,5.414257484829867,9.492905324043072
103.48103903319905,193.84981136739492,12.371621879126232,0.6130783536525144,3.9996939279890285,5.406846561446749,9.494218298911363
103.49770801500208,193.88970193971076,12.373567266464423,0.49366454045855634,3.0235268859122777,4.444290443197357,9.495531519489118
103.51437699680511,193.92960143585776,12.37551279325639,0.8222658365862028,2.6552658087338146,4.763539082254683,9.49684498578806
103.53104597860813,193.9695091867067,12.377458459401472,0.6505537492367441,3.1364701026361326,4.663097829161268,9.498158697819793
103.54771496041117,194.00942436391168,12.379404264795127,0.5299472098574665,3.1124441492737,4.202488658483588,9.49947265559581
103.56438394221418,194.04934597991,12.381350209328922,0.364220633267238,3.480894069634041,4.106693003213739,9.500786859127484
103.58105292401721,194.08927288792233,12.383296292890545,0.4463005229782986,2.978993310270302,4.065620627838747,9.502101308426077
103.59772190582024,194.12920378195253,12.385242515363798,0.2966244824879276,3.422782183609421,4.085528809038686,9.503416003502739
103.61439088762327,194.1691371967877,12.387188876628594,0.627226171391705,2.261153672928608,4.3349815515208325,9.504730944368497
103.6310598694263,194.20907150799823,12.389135376560969,0.38532927558888685,2.7604150487939147,4.541177270118325,9.506046131034266
103.64772885122933,194.24900493193783,12.391082015033064,0.5714312001385984,3.0757121574859725,4.09029666402297,9.507361563510845
103.66439783303235,194.28893552574337,12.39302879191314,0.8984445582430468,3.023862928333628,5.161661334492089,9.508677241808922
103.68106681483538,194.32886118733506,12.39497570706558,0.864164963288765,2.5936983277800034,5.127492750546389,9.509993165939067
103.69773579663841,194.36877965541635,12.396922760350868,0.617730507394898,3.091164865064808,6.022074763800973,9.511309335911731
103.71440477844143,194.40868850947396,12.398869951625617,0.6066497548479564,2.861553640843348,5.269088489912176,9.512625751737255
103.73107376024447,194.44858517574806,12.400817280742606,0.9999224001948419,2.863565438312981,5.489434724192699,9.513942413425864
103.74774274204749,194.48847443766576,12.402764747639953,0.7279794810120274,3.088611487442141,5.738403272191328,9.515259320987663
103.76441172385053,194.52836305051764,12.404712352325019,0.5581477080129232,3.4052729539902638,5.894630230834309,9.516576474432647
103.78108070565355,194.5682523358868,12.40666009476013,0.33838609605308906,2.6472751163791615,5.081360416865518,9.5178938737707
103.79774968745659,194.60814350444622,12.40860797490375,0.7022450590628042,2.7714394625176806,5.2485201052436254,9.51921151901158
103.81441866925961,194.6480376559588,12.410555992710494,0.789215842385549,2.803267649056127,5.456617956457473,9.520529410164949
103.83108765106265,194.6879357792773,12.412504148131115,0.49690143191453784,3.005681986972347,4.7494167946474395,9.521847547240338
103.84775663286567,194.72783875234438,12.414452441112513,0.6813529133250616,2.7178950365425387,5.19617918536183,9.523165930247167
103.8644256146687,194.76774734219262,12.416400871597729,0.5502783053492696,3.382675126499482,4.421358213759916,9.524484559194738
103.88109459647173,194.80766220494448,12.418349439525949,0.5860670631046652,3.0886795956480384,4.103387991583654,9.525803434092243
103.89776357827476,194.8475838858123,12.420298144832506,0.12518968664430213,3.213781188802094,4.4333223500539765,9.527122554948754
103.91443256007778,194.8875128190984,12.42224698744887,0.5782783492487031,2.9079623226524425,4.6829944766444624,9.528441921773226
103.9311015418808,194.9274493281949,12.42419596730266,0.8163889989543134,3.532414371399886,4.354350031430385,9.5297615345745
103.94777052368384,194.96739362558387,12.426145084317637,0.49611511250853,2.008627925111639,4.71173129839182,9.531081393361308
103.96443950548687,195.00734581283726,12.428094338413706,0.6327813591051707,3.2031769400759265,5.00601401241569,9.532401498142253
103.9811084872899,195.04730588061688,12.430043729506913,0.4709663826778803,3.4813089225870897,4.444547673732658,9.533721848925834
103.99777746909292,195.08727370867456,12.431993257509454,0.6941252745656367,2.9843543049813004,5.248012226460361,9.535042445720428
104.01444645089595,195.12724906585183,12.433942922329663,0.5786126918500992,3.585755396919013,4.75812384554829,9.536363288534297
104.03111543269897,195.16723161008034,12.43589272387202,0.43394939205339655,3.0004192056544143,5.570238277281049,9.537684377375589
104.047784414502,195.20722088838147,12.437842662037147,0.8881883393602819,3.0381206796148725,5.605621557924283,9.539005712252337
104.06445339630503,195.2472163368666,12.439792736721813,0.807344770998939,3.1934312630566364,6.122757695877601,9.540327293172457
104.08112237810806,195.2872172807369,12.441742947818929,0.5004573148226734,3.2911620419293324,6.1509808147189196,9.541649120143747
104.09779135991108,195.32722293428355,12.443693295217548,0.7208766056810447,3.6241106906246783,5.941409954871397,9.542971193173894
104.11446034171412,195.36723240088756,12.445643778802868,0.7286815974469143,3.279534754303694,5.75573267061026,9.544293512270468
104.13112932351714,195.40724467301982,12.447594398456232,0.7495396738893949,2.8271576407033256,5.649213567045452,9.545616077440918
104.14779830532017,195.44725863224124,12.449545154055127,0.28210845463424744,3.102955165256911,5.297098744593412,9.546938888692585
104.1644672871232,195.48727304920243,12.451496045473178,0.822161125950487,2.9661344288271647,5.014797640225317,9.548261946032692
104.18113626892622,195.5272865836441,12.453447072580161,0.5067801860569257,3.3991876620000117,5.217272223523295,9.549585249468343
104.19780525072926,195.5672977843967,12.455398235241995,0.5490345298621637,3.0859323829564964,5.0258087013183514,9.550908799006528
104.21447423253228,195.60730508938062,12.457349533320738,1.1480565819438633,2.7860325546357947,4.33026855795377,9.552232594654123
104.23114321433532,195.64730682560625,12.459300966674592,0.6807349996333234,3.078589860532654,4.321296721060969,9.553556636417888
104.24781219613834,195.68730120917374,12.461252535157907,0.5429758974757105,2.970052704421584,4.225176737406508,9.554880924304467
104.26448117794138,195.727289438959,12.463204238639952,0.17906156419155517,3.1082151047090676,3.74610956091798,9.556205458320381
104.2811501597444,195.76727586595058,12.465156077078067,0.8979532888340085,2.736430515985097,4.233058373432063,9.557530238472044
104.29781914154744,195.80726184219688,12.467108050453147,0.35083852833227636,3.0499147320608113,4.9834820166236025,9.55885526476575
104.31448812335046,195.8472485992479,12.469060158741376,0.4190726594134665,3.4161233298163056,4.4968270464685105,9.56018053720769
104.3311571051535,195.88723727007797,12.471012401914225,0.5533699351081354,3.0420978604757223,5.60155549364733,9.561506055803932
104.34782608695652,195.92722888908528,12.47296477993844,0.9028026852939308,2.8742369570792925,5.567475309802367,9.562831820560426
104.36449506875955,195.96722439209225,12.474917292776055,0.7740482335538863,3.121456244345449,5.5637983322134605,9.564157831483014
104.38116405056257,196.00722461634538,12.47686994038439,0.5877126207811091,3.206696793542127,5.79570330673549,9.56548408857741
104.3978330323656,196.04723030051525,12.47882272271604,0.6808183992897907,2.5044933215324354,5.474953612991164,9.566810591849222
104.41450201416863,196.08724208469656,12.480775639718889,0.4989626891079884,3.0743335585433575,5.719765521338293,9.56813734130394
104.43117099597166,196.12726051040804,12.4827286913361,0.6468503840456632,3.6396896361628794,6.202706449676873,9.569464336946933
104.44783997777469,196.16728602059257,12.484681877506121,0.6334667908916916,3.2598600418404056,5.481458677217083,9.570791578783457
104.4645089595777,196.20731895961714,12.48663519816268,0.8124331942517852,3.0702008544315142,5.81449495589805,9.57211906681865
104.48117794138074,196.2473595732729,12.488588653234796,0.8119945901816296,3.3747999352796425,4.864800789044604,9.573446801057543
104.49784692318376,196.28740800877486,12.490542242646761,0.717234170135069,3.0965399668657714,4.673011197538462,9.574774781505036
104.5145159049868,196.3274643147624,12.492495966318154,0.5458488876294998,3.3962039315849903,5.354241835081391,9.576103008165923
104.53118488678982,196.36752844129884,12.49444982416384,0.7665625409291139,2.343651364030632,4.552809411044782,9.57743148104488
104.54785386859285,196.40760023987164,12.496403816093958,0.5996840492133491,2.7147582929457914,4.210783194242899,9.578760200146464
104.56452285039587,196.44767946339232,12.49835794201394,0.40157450662762034,3.5620715544518635,4.65858534700983,9.580089165475119
104.58119183219891,196.4877657661966,12.500312201824494,0.5371794374406884,2.9458796212829186,4.574398154727211,9.58141837703517
104.59786081400193,196.52785870404415,12.502266595421613,0.6346219855916361,3.2467706634358304,4.506033989609806,9.58274783483083
104.61452979580496,196.56795773411886,12.504221122696576,0.7996393161618118,2.944694966285137,4.163406746319884,9.584077538866193
104.63119877760799,196.6080622150286,12.506175783535937,0.5807700731966544,2.846649222369328,4.418043207770225,9.585407489145236
104.64786775941101,196.64817140680555,12.508130577821541,0.37551549120745586,3.2452385520193108,4.815903199313306,9.586737685671823
104.66453674121405,196.6882844709057,12.510085505430512,0.6285830735930454,3.0899455703140517,5.1762099113066995,9.588068128449697
104.68120572301707,196.72840047020938,12.512040566235259,0.6398054260972561,4.013842543351867,5.063964598890588,9.58939881748249
104.69787470482011,196.76851836902082,12.513995760103466,0.6541612027156714,2.85509400556755,5.495151051817001,9.590729752773713
104.71454368662313,196.80863703306852,12.515951086898115,0.800847416695049,3.403091848470142,5.708100629082034,9.592060934326767
104.73121266842617,196.84875522950497,12.517906546477452,0.8205371758340115,3.253652594753611,6.1363889643264855,9.593392362144932
104.74788165022919,196.8888716269068,12.519862138695023,0.4977897454173584,3.0283930196613924,6.02570207297161,9.594724036231373
104.76455063203223,196.9289847952747,12.521817863399649,0.49328259815032227,3.4380044356218153,5.3180574032292025,9.596055956589137
104.78121961383525,196.9690932060335,12.523773720435432,0.40835089524716794,3.284293993965858,5.601341057437608,9.597388123221158
104.79788859563828,197.0091952320321,12.525729709641759,0.7560330970072182,3.09335512478267,5.2169725046537225,9.598720536130257
104.8145575774413,197.0492891475435,12.527685830853303,0.9059132879892164,3.2182401062108874,5.447684223052632,9.600053195319129
104.83122655924434,197.08937463665197,12.529642083946406,0.5530121619911144,3.0409182813259195,5.30870706043016,9.601386100790355
104.84789554104736,197.1294548644203,12.531598468931348,0.5676216937827914,2.72198820472571,4.813621059317465,9.602719252546404
104.86456452285039,197.16953189385558,12.533554985805647,0.9091435551891346,3.3599136316549707,4.475341583174956,9.60405265058963
104.88123350465342,197.2096076045552,12.535511634560299,0.7167778294835468,3.0417740208408603,4.39265141945706,9.605386294922276
104.89790248645645,197.24968373729934,12.537468415180907,0.702792592804621,3.0543848827925393,4.312196751202636,9.606720185546463
104.91457146825948,197.28976189405077,12.53942532764767,0.37724132164919455,3.117411200317319,4.008593919894206,9.608054322464202
104.93124045006249,197.329843537955,12.5413823719354,0.7510493857180293,3.2150084259098364,3.8643834030333313,9.609388705677384
104.94790943186553,197.3699299933404,12.543339548013511,0.4293556308200895,2.592714116238008,3.7197219918472366,9.610723335187783
104.96457841366855,197.41002244571789,12.545296855846017,0.3882579668596544,3.3915650353935094,4.884821222055533,9.612058210997057
104.98124739547158,197.4501219417811,12.547254295391536,0.5455867719056409,3.161126685384119,4.871979379956676,9.613393333106748
104.9979163772746,197.49022938940652,12.54921186660329,0.4976616038923422,3.0869054468134283,5.077341090231242,9.614728701518278
105.01458535907764,197.5303455576532,12.55116956942911,0.5703792491619599,3.2961993822426034,5.5967414267251145,9.61606431623296
105.03125434088066,197.57047107676294,12.553127403811423,0.3263818787476983,3.18933026083666,5.0678702091380865,9.61740017725198
105.0479233226837,197.61060643816035,12.555085369687262,0.8062204627397971,3.281508261887037,5.10762641569342,9.61873628457642
105.06459230448672,197.65075199445263,12.557043466988267,0.8398734343460391,3.374362296129128,5.865869456302761,9.620072638207231
105.08126128628975,197.69090795942975,12.559001695640674,0.22474663283703927,3.166054158971005,5.8873713052911665,9.62140923814526
105.09793026809278,197.73107440806447,12.560960055565337,0.8097856192699715,3.7138951294899787,5.25051644725147,9.62274608439123
105.1145992498958,197.7712512765121,12.562918546677693,0.45186724091586217,3.4252465949081756,5.772898632744444,9.62408317694575
105.13126823169884,197.81143836211072,12.564877168887802,0.7852469613153978,3.078193616032936,5.374992339232811,9.62542051580931
105.14793721350186,197.85163532338126,12.566835922100317,0.6000414207424024,2.5618318839528897,5.034476518738916,9.626758100982292
105.1646061953049,197.89184168002717,12.568794806214498,0.6193646757899907,3.2467794945789086,4.931036252597821,9.628095932464948
105.18127517710792,197.93205681293475,12.570753821124205,0.5764688551519863,3.013259325879416,4.050023685771088,9.629434010257423
105.19794415891096,197.97227996417294,12.572712966717909,0.8557930263327767,2.953869368768358,4.377786901179542,9.630772334359742
105.21461314071398,198.01251023699342,12.574672242878675,0.36532836184141443,2.726350989394307,4.160179910364294,9.632110904771816
105.23128212251702,198.0527465958306,12.576631649484183,0.7346927893873391,3.2909362326005707,4.416410145170602,9.633449721493434
105.24795110432004,198.09298786630157,12.578591186406705,0.8332694903688309,3.1368363773687973,4.153127510556004,9.634788784524275
105.26462008612307,198.13323273520615,12.580550853513124,0.756150187729346,2.450980383437546,4.421847095153265,9.636128093863897
105.2812890679261,198.17347975052687,12.582510650664924,1.0777006472191468,3.2882446442494513,3.570289990410396,9.637467649511745
105.29795804972913,198.21372732142902,12.584470577718195,0.5068501830686818,3.0162266939046,4.253485595067929,9.63880745146714
105.31462703153215,198.2539737182605,12.586430634523627,0.8039791499405502,4.459450450450432,4.890523787961133,9.640147499729297
105.33129601333518,198.29421707255204,12.588390820926517,0.5911786867339566,3.089548921779957,4.876626099750281,9.641487794297303
105.34796499513821,198.33445537701698,12.590351136766762,0.8589566360484588,2.940424425786292,5.4714918440356595,9.64282833517014
105.36463397694124,198.37468648555148,12.592311581878867,0.6106162072277411,2.8281261074837944,4.903710094036148,9.644169122346666
105.38130295874426,198.41490811323428,12.594272156091938,0.5344574142351393,3.430129315001941,5.848080891340992,9.645510155825622
105.39797194054728,198.45511783632696,12.596232859229687,0.8731255542822307,2.955383736298399,5.559099388171496,9.646851435605637
105.41464092235032,198.49531309227382,12.598193691110424,0.5134772472921749,3.085778934742575,5.578557726771075,9.648192961685218
105.43130990415334,198.5354933340397,12.600154651640766,0.3291229836148238,3.45817176265277,6.06703261122338,9.649534734062762
105.44797888595637,198.575664968556,12.602115740993435,0.5081772377931999,2.6583441349551546,6.013224310609069,9.650876752736544
105.4646478677594,198.6158312819049,12.604076959169142,0.7352316615359016,3.288910386512553,5.8049204659687765,9.652219017704727
105.48131684956243,198.6559950200772,12.606038306148255,0.889711259106188,4.026266090245054,5.887540243261867,9.653561528965362
105.49798583136545,198.69615871629262,12.607999781906296,0.6334077992221421,3.1916939254106884,5.410406733756585,9.65490428651638
105.51465481316849,198.7363246909995,12.609961386413922,0.874699731810365,3.4353905378989382,4.543179441034774,9.656247290355594
105.53132379497151,198.77649505187497,12.611923119636938,0.33930370711856955,3.4579219077515564,4.597110421300625,9.657590540480706
105.54799277677454,198.81667169382484,12.613884981536296,0.5221643503740072,3.546086334700208,4.262977187114599,9.658934036889294
105.56466175857757,198.8568562989837,12.615846972068091,0.5529803507264043,3.7521596849446985,4.857765382870219,9.66027777957882
105.5813307403806,198.8970503367149,12.617809091183556,0.5876617984016653,3.1899061189765114,4.53203088296853,9.661621768546635
105.59799972218363,198.93725506361045,12.619771338829075,0.627270850227636,3.562414257048113,4.173712678230424,9.662966003789965
105.61466870398665,198.97747152349112,12.621733714946169,0.7485124317031236,2.848863700858583,4.598913328826158,9.664310485305927
105.63133768578969,199.01770054740646,12.623696219471512,0.5212471192265189,3.3401833041851323,4.136104378155486,9.665655213091513
105.64800666759271,199.05794275363473,12.625658852336915,0.6378924498992042,2.6672660545224245,4.799458569860818,9.667000187143605
105.66467564939575,199.0981985476829,12.627621613469334,0.6009403391269518,3.1374905225034317,4.688606466632475,9.668345407458965
105.68134463119877,199.13846812228672,12.629584502790872,0.42466512015513036,1.7883172485853396,4.711947781807918,9.669690874034236
105.6980136130018,199.1787514574106,12.631547520218772,0.5869879259402853,3.3090862858800487,5.681031853868358,9.67103658686595
105.71468259480483,199.2190483202478,12.633510665665424,0.5808674997051769,3.0215402000930465,5.901756450023153,9.672382545950514
105.73135157660786,199.25935826522021,12.635473939038365,0.5764614137400427,3.719531508121075,5.88824564457351,9.673728751284225
105.74802055841089,199.29968063397848,12.637437340240265,0.6157075182642266,3.2021356772373406,5.744553090383829,9.67507520286326
105.76468954021392,199.34001455540206,12.639400869168949,0.6243684144523461,3.6775912136980393,5.389620321345991,9.676421900683678
105.78135852201694,199.38035894559906,12.64136452571738,0.5226527290876012,2.796467010774879,5.315861061623114,9.677768844741426
105.79802750381997,199.42071250790633,12.643328309773668,0.8635327495036076,3.417651961556714,5.203177518714931,9.679116035032326
105.814696485623,199.46107373288953,12.645292221221068,0.3749716939131532,4.218268019690621,5.205190197112398,9.680463471552091
105.83136546742601,199.5014408983429,12.647256259937972,0.46455179437152455,3.237893310216495,5.352521534315093,9.681811154296312
105.84803444922905,199.54181206928965,12.649220425797926,1.1646165165125417,3.5367611798374003,5.099260004792743,9.683159083260465
105.86470343103207,199.5821850979815,12.651184718669612,0.4009034755861287,3.2441671497555054,4.059468856910279,9.684507258439908
105.8813724128351,199.62255762389904,12.653149138416863,0.3376287458952269,3.0651768499885708,4.162635316211393,9.685855679829887
105.89804139463813,199.66292707375152,12.655113684898646,0.755152943450932,3.563439798443229,4.032749704858422,9.68720434742552
105.91471037644116,199.70329066147698,12.65707835796908,0.19271151669297887,3.079117265517113,3.441068912028139,9.688553261221822
105.93137935824419,199.7436453882422,12.659043157477427,0.5609585778571412,3.0044488870963604,4.4004038757886415,9.689902421213677
105.94804834004722,199.7839880424426,12.661008083268092,1.0370561967008691,2.573251122168795,4.262081544029248,9.691251827395865
105.96471732185024,199.8243151997024,12.662973135180621,0.29878185854216327,3.0319761859047123,4.472370389757005,9.692601479763042
105.98138630365328,199.86462322287466,12.66493831304971,0.21125395658896745,3.5130973342942005,5.128796952112072,9.693951378309743
105.9980552854563,199.90490862779737,12.6669036167117,0.3076884036089017,3.2351818872561195,4.997173666755137,9.695301523030396
106.01472426725933,199.94518214793595,12.668869046259992,0.7870743274567076,3.222771780351148,5.089977893896436,9.696651913919307
106.03139324906236,199.98545230389672,12.670834601762513,0.8322355071177575,3.2612694136592792,5.617873945175399,9.698002550970669
106.04806223086538,200.02572158979913,12.672800283182292,0.5046401326278742,2.7661139597427993,5.947271678191785,9.69935343417856
106.06473121266842,200.06599228830953,12.674766090478505,0.7436780813197527,3.021457227688591,5.840262251587041,9.700704563536938
106.08140019447144,200.10626647064097,12.67673202360649,0.8849643541341703,3.15735004743449,6.0062258236512,9.702055939039646
106.09806917627448,200.14654599655327,12.678698082517736,0.9642602392695349,2.9132405254977245,5.725666457340113,9.703407560680409
106.1147381580775,200.18683251435291,12.680664267159882,0.5574015475622578,3.419777385332587,5.639318444139428,9.704759428452837
106.13140713988054,200.2271274608933,12.682630577476724,0.14625188736504907,3.0121564835826087,5.5273183049427885,9.706111542350419
106.14807612168356,200.26743206157443,12.684597013408212,0.4422480532273938,2.915724192273213,5.048700208677343,9.707463902366527
106.1647451034866,200.30774733034312,12.686563574890448,0.5209405852653386,3.0648307475697965,4.858551670332724,9.70881650849442
106.18141408528962,200.34807406969287,12.68853026185569,0.5543912312358572,3.0853873561090777,5.193831126047876,9.710169360727237
106.19808306709265,200.388412870664,12.690497074232349,0.5684846564283395,2.8392307682009865,5.155846459199854,9.711522459057997
106.21475204889568,200.42876411284362,12.692464011944987,0.8297129820974875,3.23916148074719,4.847833928448929,9.712875803479609
106.23142103069871,200.46912796436544,12.694431074914322,0.8606972535561865,2.753789943330827,3.8515809617757566,9.714229393984859
106.24809001250173,200.50950438191006,12.696398263057226,0.5713543229904043,3.231751473510287,3.7745611532123875,9.715583230566414
106.26475899430476,200.54989311070472,12.698365576286726,0.8252634944151209,3.161125599717422,3.8735462206984783,9.716937313216832
106.28142797610779,200.59029368452346,12.700333014511997,0.6769762378564121,3.810949984214987,4.376635331572282,9.718291641928547
106.2980969579108,200.63070542568713,12.702300577638374,0.6182225843475257,3.3454170842947835,3.6642453818046334,9.719646216693876
106.31476593971384,200.6711274450632,12.704268265567343,0.7865076263845443,2.324897505432002,4.54905096010124,9.721001037505022
106.33143492151686,200.71155864206602,12.706236078196545,0.6195265897637445,3.142885728887168,5.3935085202083375,9.722356104354072
106.3481039033199,200.75199770465662,12.708204015419772,1.016515780678744,3.259654955232414,5.51460010702021,9.723711417232987
106.36477288512292,200.79244310934274,12.710172077126972,0.31714865705608475,2.9126520589719056,5.294101600032812,9.725066976133622
106.38144186692595,200.83289312117893,12.712140263204246,0.5016740357885312,2.545595814775456,5.5000340150113285,9.72642278104771
106.39811084872898,200.87334579376648,12.71410857353385,0.579281741467578,3.905103163166637,5.921734049553427,9.727778831966862
106.41477983053201,200.9137989692534,12.71607700799419,0.6923533442842605,3.2931102277508386,6.0800747031034525,9.729135128882579
106.43144881233503,200.95425027833454,12.71804556645983,0.8579321690538051,3.477696593681602,5.609203820357832,9.730491671786242
106.44811779413807,200.99469714025133,12.720014248801485,0.5993376037560848,3.0342178395506667,5.59317610102969,9.731848460669115
106.46478677594109,201.03513676279212,12.721983054886026,0.31964861302518494,3.3474588326943966,5.323059376654533,9.733205495522345
106.48145575774411,201.0755661422919,12.723951984576473,0.7724745281168995,2.902332245753632,4.87457576136644,9.734562776336958
106.49812473954715,201.11598206363246,12.725921037732009,0.7548406881535108,3.26553090779813,4.962349248578882,9.735920303103871
106.51479372135017,201.15638110024233,12.727890214207958,0.21535436937159147,2.8395311463040933,4.691017630703442,9.737278075813876
106.53146270315321,201.1967693538332,12.729859513952109,0.6028424210821954,3.7821642612576096,4.174687229446276,9.738636094457652
106.54813168495623,201.23715694562244,12.73182893698946,0.2854520085191021,2.8888396279019695,4.563568552312639,9.73999435902576
106.56480066675927,201.27754544491586,12.733798483278845,0.47042726228687926,3.865296738010083,4.393315102885071,9.74135286950865
106.58146964856229,201.31793628244722,12.735768152775531,0.4226727838435892,3.2629627120740787,4.40920949585994,9.742711625896652
106.59813863036533,201.35833075224997,12.737737945431256,0.7649645766735382,3.042189283733975,4.000529988194229,9.744070628179978
106.61480761216835,201.39873001165714,12.739707861194209,0.6263547200121152,3.3219584508205244,3.7416365088197754,9.745429876348723
106.63147659397139,201.4391350813014,12.741677900009037,0.3457475135659707,3.437792013432322,4.6476120828210625,9.746789370392866
106.64814557577441,201.47954684511507,12.74364806181685,0.7787559152585217,3.9406340339604458,4.527113620142175,9.748149110302268
106.66481455757744,201.51996605032997,12.745618346555215,0.3158585472650484,3.2912683794114646,4.704876085979226,9.749509096066669
106.68148353938047,201.56039330747763,12.747588754158157,0.6685194399858252,2.871027429105528,4.843423792338235,9.750869327675698
106.6981525211835,201.60082909038917,12.749559284556158,0.43957149835488735,3.292512176856496,5.364812232734646,9.75222980511886
106.71482150298652,201.64127373619533,12.751529937676164,0.529115146532747,3.701934392513224,6.103668879684624,9.75359052838555
106.73149048478955,201.6817274453264,12.753500713441571,0.7029816239997079,3.9404565992242744,5.600165664338023,9.754951497465038
106.74815946659257,201.7221902815124,12.755471611772244,0.7062942461080852,3.341662510339554,5.472577686749865,9.756312712346482
106.76482844839559,201.76266217178292,12.757442632584501,0.8692750534859326,3.638445690855246,5.964532683505484,9.75767417301892
106.78149743019863,201.80314290646714,12.759413775791119,0.5853073519168722,3.5252062559917694,5.714939225561236,9.759035879471275
106.79816641200165,201.84363213919386,12.761385041301333,0.6629250981415666,3.5571611022520266,4.856521712820976,9.76039783169235
106.81483539380469,201.88412938689146,12.763356429020838,0.5139642754105377,3.0615617448900068,5.472028380970572,9.76176002967083
106.83150437560771,201.92463402978797,12.765327938851788,0.6377865114266943,3.1951022304863024,5.666114900341468,9.763122473395285
106.84817335741074,201.96514531141113,12.767299570692796,0.6891625202062603,3.32117615957711,3.99896394154235,9.764485162854168
106.86484233921377,202.0056623385881,12.769271324438932,0.5814800975312642,3.008680131673243,4.18158983143353,9.76584809803581
106.8815113210168,202.04618408144583,12.771243199981724,0.24026870735984912,3.0452464127510677,3.5147563413103033,9.767211278928434
106.89818030281982,202.08670937341077,12.77321519720916,0.6671897013628388,2.941338987020821,4.225488876163063,9.768574705520134
106.91484928462286,202.12723691120905,12.775187316005688,0.6736845162716423,3.467513325409021,4.497585237636432,9.769938377798894
106.93151826642588,202.16776525486637,12.777159556252215,0.46461420504391315,3.3609414668845132,4.262793950150798,9.77130229575258
106.9481872482289,202.20829282770808,12.779131917826103,0.343648153444499,3.4269229789935385,4.754698540198934,9.772666459368935
106.96485623003194,202.2488179163591,12.781104400601174,0.8955780319613282,3.0149151925507094,4.757128190672547,9.774030868635595
106.98152521183496,202.289338670744,12.783077004447712,0.698567926120476,2.398121799185364,5.237647844481974,9.77539552354007
106.998194193638,202.329853104087,12.785049729232455,0.5543392207413375,3.2518062442101727,5.320837570148664,9.776760424069753
107.01486317544102,202.37035909291183,12.787022574818604,0.37262543420678806,3.956795733880396,5.100327883080547,9.778125570211923
107.03153215724406,202.4108578554615,12.788995541084319,0.43554561001264835,3.426913864457524,5.468005583170798,9.77949096195374
107.04820113904708,202.4513556152746,12.790968627987409,0.8603032008883287,3.454781454223801,5.3702971788678955,9.780856599282247
107.06487012085012,202.49185375541788,12.79294183550056,0.6271940365358997,3.6785657561919143,5.682842080629591,9.782222482184373
107.08153910265314,202.53235342897952,12.794915163592075,0.4894207428139143,3.27723842765717,5.818092016037787,9.783588610646934
107.09820808445618,202.57285569154425,12.796888612226091,0.7013524913548268,3.944188288097921,5.743287542898935,9.784954984656618
107.1148770662592,202.61336150119337,12.798862181362571,0.4364114775840671,3.1023106330508567,6.065380728488862,9.786321604200008
107.13154604806223,202.65387171850466,12.800835870957314,0.8993361721839652,3.656108005899236,5.39271115727088,9.787688469263562
107.14821502986526,202.69438710655245,12.80280968096195,0.8696041052764418,3.542559557824789,4.993042244036473,9.789055579833624
107.16488401166829,202.7349083309076,12.804783611323936,0.5056055973639303,3.2070664479649627,4.765993435120162,9.790422935896418
107.18155299347131,202.77543595963746,12.806757661986563,0.4730627566674199,2.9918802048873747,4.97498379651567,9.791790537438047
107.19822197527432,202.81597046330603,12.808731832888949,0.07504654198949912,2.714514315326915,4.130781631646964,9.793158384444506
107.21489095707736,202.85651221497375,12.81070612396605,0.3022333842808445,3.6088838946766773,4.308529294172773,9.794526476901666
107.23155993888038,202.8970614901976,12.812680535148646,0.33053192169507556,3.3226969087911487,4.646092151888678,9.79589481479528
107.24822892068342,202.93761846703111,12.81465506636335,0.625340264235509,3.188514965183861,4.2882252904684215,9.797263398110985
107.26489790248644,202.97818322602438,12.816629717532608,0.5329317557806145,3.5082231003827635,4.2089553245349425,9.798632226834302
107.28156688428948,203.01875575022396,12.818604488574692,0.3289876811196996,3.1555255048147757,4.326717833152041,9.800001300950633
107.2982358660925,203.05933592517297,12.820579379403712,0.5416982333702655,2.9902266890064504,4.199644460362959,9.80137062044526
107.31490484789553,203.0999235389111,12.8225543899296,0.6988747160032074,4.170090001425937,4.470519655157379,9.802740185303353
107.33157382969856,203.14051828197452,12.824529520058126,0.7032513824411155,3.3539679919015515,4.914917672345228,9.804109995509958
107.34824281150159,203.181119747396,12.826504769690887,0.21762566366775354,3.2165647073835086,5.3032636331200385,9.805480051050008
107.36491179330461,203.22172743070476,12.828480138725315,0.5717832125451411,3.2132290042549565,5.733010963723815,9.806850351908318
107.38158077510765,203.2623407299266,12.830455627054665,0.320643923494387,2.992717412986517,5.659097521014624,9.808220898069584
107.39824975691067,203.3029589455838,12.832431234568032,0.777533970031572,2.713478503669789,6.158109021692252,9.809591689518383
107.4149187387137,203.3435812806953,12.83440696115034,0.7538936470806172,3.44141294957833,6.281125224372026,9.810962726239179
107.43158772051673,203.38420684077644,12.836382806682334,0.41733503326660687,3.1452360209528174,6.007146394860727,9.812334008216316
107.44825670231975,203.42483463383917,12.838358771040605,0.44360753431177313,3.3686611436387914,6.029807717164024,9.81370553543402
107.46492568412279,203.4654635703919,12.840334854097563,0.5044392425149158,2.8756992992616297,5.19399659790011,9.815077307876397
107.48159466592581,203.5060924634397,12.842311055721453,0.1460100330770029,2.7171178215345613,4.927251963050333,9.816449325527442
107.49826364772885,203.546720028484,12.844287375776354,0.6636383877296517,3.407005658961465,5.181570913804983,9.817821588371027
107.51493262953187,203.58734488352295,12.84626381412217,0.5417518664249545,3.5397278335634565,4.375419935490834,9.819194096390907
107.5316016113349,203.62796554905105,12.848240370614636,0.7902317965147859,3.974576653312374,4.464033457779547,9.820566849570724
107.54827059313793,203.6685804480595,12.850217045105326,0.37639092239733973,3.694077742269223,4.599813874884073,9.821939847893997
107.56493957494096,203.70918809422975,12.852193837442144,0.47212414403251945,3.262034823541539,4.671616404484349,9.82331309134413
107.58160855674399,203.74979070815303,12.85417074752099,0.2945196314949784,3.4081808956704647,4.124158060817398,9.824686579904403
107.59827753854702,203.79039073714532,12.856147775329092,0.3948425015755108,3.2366384620310678,4.036547454269909,9.826060313557994
107.61494652035005,203.83098977569395,12.858124920858765,0.35918012800716953,4.087989047639101,4.43402106884532,9.827434292287952
107.63161550215308,203.87158930385817,12.860102184097139,0.7946471577350769,3.65857698989363,4.187001913823917,9.828808516077224
107.6482844839561,203.9121906872689,12.862079565026152,0.45567592878264085,3.469234271413328,4.676333102112633,9.830182984908623
107.66495346575911,203.95279517712893,12.864057063622553,0.6200392938947689,3.400833633739147,4.971770014447126,9.831557698764858
107.68162244756215,203.99340391021303,12.866034679857913,0.5189273164558486,4.04266182707014,5.214157277690506,9.83293265762851
107.69829142936517,204.03401790886755,12.868012413698597,0.34106276620109144,3.5911600633362437,5.47569497451383,9.834307861482051
107.7149604111682,204.07463808101085,12.869990265105795,0.5611715388614995,3.7676189624407357,5.381403480624338,9.835683310307829
107.73162939297123,204.11526522013287,12.871968234035501,0.7145280759011022,2.318358394023215,5.534416135805708,9.837059004088077
107.74829837477427,204.15590000529568,12.873946320438526,0.3530312990163048,3.427944713266415,5.575453637802883,9.838434942804911
107.76496735657729,204.1965430011329,12.875924524260487,0.7562814856555379,3.167633395601449,5.282343835054788,9.839811126440328
107.78163633838032,204.2371946578501,12.877902845441815,0.4243904752093667,4.00529452242047,5.76447051093005,9.841187554976205
107.79830532018335,204.27785531122467,12.879881283917753,0.4976135883210041,3.775852315094097,5.7590565939358225,9.842564228394307
107.81497430198638,204.31852518260575,12.881859839618356,0.7002226942269396,3.4230517764016706,5.51024793645929,9.84394114667628
107.8316432837894,204.35920437891434,12.883838512468486,0.46127451635275396,3.5066245100437805,4.946731978164792,9.845318309803647
107.84831226559244,204.3998928926433,12.885817302387823,0.6013523799415853,4.217284067662827,4.533810640509017,9.846695717757816
107.86498124739546,204.44059060185717,12.887796209290855,0.5307748847242729,3.4388267889534228,4.773861602521519,9.848073370520083
107.88165022919848,204.4812972701925,12.889775233086876,0.6194622763835353,4.009551905795787,4.559704849146241,9.84945126807162
107.89831921100152,204.52201254685752,12.891754373680003,0.1173164606760394,3.402213038335789,4.312593741777552,9.850829410393484
107.91498819280454,204.56273596663232,12.893733630969155,0.22740350767786532,3.406221183732177,4.723693739870482,9.85220779746661
107.93165717460758,204.60346694986876,12.895713004848067,0.7164088430920617,3.813513704914476,4.223797473429009,9.853586429271822
107.9483261564106,204.64420480249063,12.897692495205284,0.8005272764238811,3.3029083273338418,4.261207719733963,9.854965305789822
107.96499513821364,204.68494871599344,12.899672101924159,0.4108691902710083,3.4467760011934345,4.389671230380663,9.856344427001195
107.98166412001666,204.72569776744453,12.901651824882865,0.5440363785218942,4.1206594416855,4.2607102199251345,9.85772379288641
107.9983331018197,204.76645091948316,12.903631663954378,0.6516613998346634,3.431773943985648,5.173269892559582,9.859103403425818
108.01500208362272,204.8072070203202,12.90561161900649,0.7312365522270091,2.6658377705059992,5.191577447218427,9.86048325859965
108.03167106542575,204.84796480373853,12.907591689901802,0.18693304256885973,3.5606007625252567,5.602700934823416,9.861863358388021
108.04834004722878,204.8887228890928,12.909571876497727,0.41513589490552716,3.2692280846407993,6.18474945811143,9.863243702770928
108.06500902903181,204.92947978130942,12.91155217864649,0.5257034981435328,3.864206661826158,5.635525194013773,9.864624291728251
108.08167801083484,204.97023387088666,12.91353259619513,0.7327228258108776,3.4848120314544757,5.0982079882880855,9.866005125239754
108.09834699263787,205.01098343389458,12.915513128985491,1.091656277819708,4.109677309119326,5.912498568052342,9.867386203285077
108.11501597444088,205.05172663197513,12.917493776854235,0.5462444129105177,3.756097367539856,5.711586846750874,9.868767525843749
108.1316849562439,205.09246151234203,12.919474539632832,0.31032542555775944,3.7113468522994717,5.2703715259861035,9.870149092895181
108.14835393804694,205.1331860077808,12.921455417147563,0.6720498756576933,3.121755026535305,5.389877873730515,9.871530904418663
108.16502291984996,205.17389838895198,12.923436409247302,0.8556707429209718,3.5021837693852826,5.260612048308743,9.872912960393366
108.181691901653,205.2146014539506,12.925417516012459,0.612949716584389,4.3460537689223475,4.492458742367859,9.87429526079835
108.19836088345602,205.25529840400662,12.927398737470863,0.4098924733372986,3.2217374231111013,4.459590192577946,9.875677805612563
108.21502986525905,205.29599187713046,12.929380073615409,0.7826962432715882,3.894434156806234,4.81062618194543,9.877060594814829
108.23169884706208,205.33668432074876,12.931361524433749,0.7236818339342103,3.1916863565109246,4.030644486967263,9.878443628383854
108.24836782886511,205.377377991704,12.933343089908286,0.38563177932960546,3.4113098885028386,4.220379508106412,9.879826906298234
108.26503681066814,205.41807495625497,12.935324770016178,0.6670082923088332,3.60001443863005,3.4445967522402126,9.881210428536441
108.28170579247117,205.45877709007638,12.937306564729333,0.7900514856897642,3.7123394385112047,3.894113701179125,9.88259419507683
108.2983747742742,205.49948607825905,12.939288474014417,0.8268515667723498,3.6911819536542394,4.557423535277309,9.883978205897641
108.31504375607723,205.54020341530992,12.941270497832843,0.5770589320715873,3.0004979520899306,5.098026916469735,9.885362460976996
108.33171273788025,205.58093040515197,12.943252636140782,0.5186079895646206,3.501294097403411,4.566956892247617,9.886746960292895
108.34838171968327,205.6216681611242,12.945234888889155,0.8355537777016175,3.1663816524870656,5.246262687816275,9.888131703823225
108.36505070148631,205.66241760598177,12.947217256023638,0.34794203001572216,2.9717841496953787,5.337583477170485,9.889516691545754
108.38171968328933,205.7031794718959,12.949199737484664,0.6775650889880709,3.2562510132079736,5.918540112598715,9.890901923438133
108.39838866509237,205.74395430045382,12.951182333207408,0.31571898841217666,3.1153501231650784,5.387645851370494,9.89228739947789
108.41505764689539,205.7847424426589,12.953165043121809,0.8026746343311868,3.5176854676888456,5.928655375941229,9.893673119642447
108.43172662869843,205.82554405893055,12.955147867152556,0.5378653256880411,4.010778953830663,5.571874986322955,9.895059083909096
108.44839561050145,205.86635911910426,12.957130805219087,0.8430661078313735,2.988963993326591,5.728047548714664,9.896445292255017
108.46506459230449,205.90718740243162,12.959113857235598,0.6875070268489887,3.578488611629176,5.510234961477152,9.897831744657273
108.48173357410751,205.94802849758025,12.96109702311104,0.3444554274497006,2.917881587666438,5.194507106036217,9.89921844109281
108.49840255591054,205.98888180263387,12.96308030274911,0.8739000007937439,3.535329903166541,5.167428803253966,9.90060538153845
108.51507153771357,206.02974652509226,12.965063696048263,0.8990984716358628,3.2173884629859977,4.788867209101313,9.901992565970904
108.5317405195166,206.0706216818713,12.967047202901707,0.765181663921807,3.144427084508039,4.509570744359495,9.903379994366762
108.54840950131963,206.1115060993029,12.969030823197402,0.4362817225498068,3.699062270811599,4.260247705074449,9.904767666702503
108.56507848312263,206.15239841313505,12.971014556818059,0.5272714179679144,3.2188065475256002,4.270174830050887,9.906155582954476
108.58174746492567,206.19329706853188,12.972998403641146,0.6174345487539727,3.4902050440661543,4.266970472380546,9.907543743098923
108.59841644672869,206.2342003200735,12.974982363538885,0.44748190501486323,2.50407007740191,3.9353730353321597,9.908932147111964
108.61508542853173,206.2751062317562,12.97696643637825,0.9265681621808518,3.8354345974209867,4.2342191204937905,9.910320794969602
108.63175441033475,206.31601267699224,12.978950622020964,0.6168389880630419,3.716120063380531,4.194164732194197,9.911709686647718
108.64842339213779,206.35691733861,12.980934920323506,0.04717891357238391,3.5210110621531223,4.718334194439952,9.913098822122087
108.66509237394081,206.39781770885395,12.982919331137108,0.6555944980913547,3.4302167515604305,4.798564047535611,9.914488201368354
108.68176135574384,206.43871108938455,12.984903854307756,0.5179666520169784,4.071959332532469,5.455798654873055,9.915877824362054
108.69843033754687,206.47959459127847,12.986888489676192,0.5724875993150003,3.299077249154324,5.652693887666091,9.9172676910786
108.7150993193499,206.5204651350283,12.988873237077904,0.5136237998815645,3.4169958146521937,5.3562162837522,9.91865780149329
108.73176830115293,206.56131945054287,12.990858096343139,0.7486317022256721,4.663882291369047,5.752530183738281,9.920048155581298
108.74843728295596,206.60215407714696,12.992843067296894,0.81103470387011,3.4910236811746227,5.991207924187122,9.921438753317693
108.76510626475898,206.6429671528219,12.994828149806356,0.643582493279589,3.8717776145824567,5.715193846581107,9.922829594677417
108.78177524656202,206.68376989736208,12.99681334407491,0.5189843195058359,3.7278016719072395,5.442277491684992,9.924220679635303
108.79844422836504,206.72456761710268,12.998798650132972,0.5784537955382906,3.634869084076572,5.1612821714567785,9.925612008166066
108.81511321016806,206.76536333625282,13.000784067951386,0.5905158228672209,3.680099302038188,5.525663746282816,9.927003580244303
108.8317821919711,206.80615983144142,13.002769597496838,0.4259845381390809,3.5661585263255557,5.2942012726074825,9.928395395844493
108.84845117377412,206.84695963171708,13.004755238731853,0.7021309059193028,3.6701135298153713,4.712716953335294,9.929787454941
108.86512015557716,206.88776501854827,13.006740991614786,0.6782282546266867,3.5313560428067317,4.778677137561116,9.931179757508064
108.88178913738018,206.92857802582304,13.008726856099827,0.8941826350398743,3.9214700258349056,3.477182590665853,9.932572303519812
108.89845811918322,206.9694004398494,13.010712832137004,0.8370389239764705,2.91020661244895,4.644926450812409,9.933965092950256
108.91512710098624,207.01023379935503,13.012698919672182,0.44870854886316,3.6152704321313367,4.153253401939829,9.935358125773284
108.93179608278928,207.0510793954874,13.014685118647062,0.7497777553974518,3.9322431131149425,4.274844769839114,9.936751401962672
108.9484650645923,207.0919382718136,13.016671428999176,0.39540193566719084,3.797417355869612,4.243298818608937,9.938144921492075
108.96513404639533,207.13281122432076,13.018657850661896,0.7246535479645287,3.83730505134013,4.929985362361015,9.93953868433503
108.98180302819836,207.17369880141553,13.020644383564425,0.4820187872383552,3.520338237952709,4.412725787222285,9.94093269046496
108.9984720100014,207.21460130392444,13.022631027631807,0.3805654652769223,3.460716394785554,5.419299737199739,9.942326939855167
109.0151409918044,207.25551878509367,13.024617782784917,0.641099645224731,3.53768694932779,5.344115056980041,9.943721432478839
109.03180997360742,207.29645105058935,13.02660464894047,0.05005160158308686,3.2376390799310766,5.638251660110087,9.945116168309042
109.04847895541046,207.33739765849722,13.028591626011014,0.23464434668089817,3.3956017753717114,5.534706158320958,9.946511147318729
109.06514793721348,207.3783579193228,13.03057871390493,0.5492155029983922,2.9689582065370215,5.360991598608604,9.94790636948073
109.08181691901652,207.41933089599146,13.03256591252644,0.6010766351387146,3.553031862100841,6.078826439915376,9.949301834767763
109.09848590081954,207.4603154038482,13.0345532217756,0.5105989137297164,3.311333941392177,5.861012413330448,9.950697543152426
109.11515488262258,207.50131001065785,13.036540641548296,0.2684497778824751,2.7815344573268135,6.0688358911549845,9.952093494607197
109.1318238644256,207.54231303660507,13.038528171736258,0.42063302300189165,3.759875149677983,5.430317545390706,9.953489689104442
109.14849284622863,207.58332255429414,13.04051581222705,0.6623275946435548,4.677948647832285,5.14295650846536,9.954886126616405
109.16516182803166,207.62433638874919,13.042503562904061,0.7003164050750483,3.6268042113117027,5.439115860047687,9.956282807115214
109.1818308098347,207.66535211741413,13.044491423646534,0.5805897331942376,3.502609436930082,5.347999497851607,9.957679730572876
109.19849979163772,207.7063670701526,13.046479394329529,0.8150754027195608,3.578917455590631,4.551063586010469,9.959076896961289
109.21516877344075,207.74737832924794,13.048467474823955,0.6630623250613746,3.496124358657428,4.14049206730893,9.960474306252221
109.23183775524377,207.78838272940337,13.05045566499655,0.43396604751782075,3.646449295477677,4.489584600769573,9.961871958417337
109.24850673704681,207.82937685774178,13.05244396470989,0.5272310096735917,3.6027329370621146,4.124110718405525,9.963269853428173
109.26517571884983,207.8703570538059,13.054432373822388,0.3026324150912623,3.2244489919844526,4.412287376252767,9.96466799125615
109.28184470065285,207.9113194095581,13.056420892188285,0.5614520587858861,4.177493837699722,4.2620654904089985,9.966066371872575
109.29851368245589,207.95225976938067,13.058409519657667,0.8053741752181468,3.2452086665555653,4.981030297771856,9.967464995248633
109.31518266425891,207.9931832518496,13.060398256182731,0.7198862470281139,3.9665901812547655,4.521756080981954,9.9688638613554
109.33185164606195,208.03410486663415,13.062387101850236,0.8631042582080788,3.6115994672788703,5.121818485749007,9.97026297016383
109.34852062786497,208.07502688425143,13.064376056621716,0.5219994914530469,4.485329084703539,5.07929308827242,9.971662321644766
109.36518960966801,208.11595118728576,13.066365120453119,0.8516706305785129,3.737121390401867,5.367576684008108,9.973061915768929
109.38185859147103,208.1568794780767,13.068354293296991,0.5436639421470776,3.5357809217353013,5.510277022842693,9.974461752506919
109.39852757327407,208.19781327871888,13.07034357510248,0.8765159040338285,3.5059499787678012,5.975274174475259,9.97586183182923
109.41519655507709,208.23875393106246,13.072332965815331,0.5777016224607472,3.6319783803407093,6.0752017954215045,9.977262153706226
109.43186553688012,208.27970259671264,13.07432246537789,0.7233933155094731,3.1116859387339,5.9347145372810735,9.978662718108163
109.44853451868315,208.32066025702983,13.076312073729099,0.87684356680414,3.3766029445358567,5.627559415150343,9.980063525005171
109.46520350048618,208.36162771312982,13.0783017908045,0.5430096058375693,3.19543828991918,5.529951290261196,9.981464574367275
109.48187248228919,208.40260558588346,13.080291616536242,0.625246951116366,3.1879516903439398,5.537384632295253,9.982865866164364
109.49854146409221,208.443594315917,13.082281550853065,0.839215845168582,3.6475573592421746,5.300784908867365,9.984267400366228
109.51521044589525,208.48459416361183,13.084271593680306,0.5547165183511633,3.781743259671915,3.966678746428971,9.98566917694253
109.53187942769827,208.5256052091046,13.086261744939913,0.31701267015985907,2.9816737325747456,4.466016696582251,9.98707119586282
109.54854840950131,208.5666273522872,13.088252004550423,1.0096664976400493,3.616011588819701,4.298615728378528,9.988473457096523
109.56521739130433,208.60766031280673,13.090242372426975,0.4869861384796801,3.9283972920301253,4.44696703154281,9.989875960612956
109.58188637310737,208.6487036300655,13.092232848481311,0.6125641707447256,3.646270621693785,4.180266296839925,9.991278706381312
109.59855535491039,208.68975666322115,13.094223432621765,0.8118882082676302,3.3687461453205447,4.448460854591002,9.99268169437067
109.61522433671342,208.73081859118645,13.09621412475328,0.45886199208544226,3.521751803975737,4.016644701301077,9.99408492454999
109.63189331851645,208.7718884126295,13.098204924777392,0.37886107329963914,3.5285429677866307,4.59039579332305,9.995488396888115
109.64856230031948,208.8129649459735,13.100195832592233,0.6310559830935367,3.353752131379842,5.002322491073363,9.99689211135377
109.6652312821225,208.85404682939708,13.102186848092542,0.22156709665673957,3.6773653583938266,4.5360426909899925,9.998296067915561
109.68190026392554,208.8951325208339,13.104177971169653,0.522474998096447,4.723077401190576,5.980666446366303,9.999700266541986
109.69856924572856,208.93622029797302,13.106169201711506,0.6289377683181181,3.4234542944797246,5.809870345058867,10.00110470720141
109.7152382275316,208.9773082582586,13.108160539602627,0.5258134628532317,3.596605115460787,5.634725419089807,10.002509389862094
109.73190720933462,209.01839431889016,13.110151984724153,0.2709874451465962,3.653022719522296,5.505403145016674,10.003914314492174
109.74857619113764,209.05947621682233,13.112143536953816,0.8983870014163178,3.6440942791185815,5.7471863573759165,10.005319481059672
109.76524517294068,209.10055150876508,13.11413519616595,0.6001328022074464,4.18461210978803,5.792335992547044,10.006724889532492
109.7819141547437,209.14161757118356,13.116126962231483,0.8655293410864231,2.8908972034550438,5.791758321005667,10.00813053987842
109.79858313654674,209.18267160029814,13.118118835017949,0.52716539851286,3.5564521824642834,5.937542003646083,10.009536432065124
109.81525211834976,209.22371779177223,13.12011081443804,0.40304396814812776,4.091724013259423,5.124580656344676,10.010942566060159
109.8319211001528,209.26476394865367,13.122102900475968,0.6327562494211508,3.6783332112361133,5.19010641087425,10.01234894183096
109.84859008195582,209.30581136814482,13.124095093095944,0.5356363259588726,3.3219104411671156,4.385363046726033,10.01375555934485
109.86525906375886,209.346861233309,13.12608739225853,0.3431151304752563,3.8469000378781883,4.423027393383999,10.015162418569032
109.88192804556188,209.3879146181988,13.128079797920659,0.8724979296987105,3.9279367173082598,4.478482952649224,10.016569519470591
109.89859702736491,209.42897248785616,13.130072310035635,0.45396067427282866,3.807509066944918,4.453336474197496,10.017976862016502
109.91526600916794,209.4700356983121,13.132064928553136,0.21023506786972745,3.6648782875883583,3.9743090622275874,10.01938444617361
109.93193499097096,209.51110499658708,13.134057653419218,0.8437951666883838,3.9180634957035894,4.100666227666557,10.020792271908654
109.94860397277398,209.55218102069077,13.136050484576305,0.47717594891740134,3.577801899978818,4.778805075746226,10.022200339188252
109.965272954577,209.59326429962204,13.138043421963197,0.4563443548788143,3.9012230931595764,4.861505742396886,10.023608647978902
109.98194193638004,209.63435525336908,13.140036465515065,0.22470518248103732,4.443149743420914,4.79545602664702,10.025017198246989
109.99861091818306,209.67545419290929,13.142029615163455,0.9258445488786808,3.584158143528966,4.308061987098121,10.026425989958774
110.0152798999861,209.71656132020937,13.144022870836286,0.3196336710008336,3.773753695001617,5.980582724178766,10.027835023080414
110.03194888178912,209.75767672822528,13.14601623245785,0.5890932067027114,3.145183092541994,5.447200664692482,10.029244297577932
110.04861786359216,209.79880040090217,13.148009699948812,0.7598008824478877,4.339339263576964,5.540974536827134,10.03065381341725
110.06528684539518,209.83993221317456,13.150003273226208,0.6614936972021344,3.502114131827585,5.59745084766662,10.032063570564155
110.08195582719821,209.8810719309662,13.151996952203453,0.5650929261723807,3.772396812324166,5.912640445949838,10.033473568984336
110.09862480900124,209.92221921119,13.153990736790329,0.23656408021432346,3.720250136290941,5.882971873062394,10.034883808643352
110.11529379080427,209.96337360174826,13.155984626892996,0.414825733375119,3.4707522682940652,5.944352512265085,10.036294289506646
110.1319627726073,210.00453454153245,13.157978622413985,0.6142042021737306,3.510702064447303,5.208971196114148,10.037705011539549
110.14863175441033,210.04570136042335,13.1599727232522,0.41908274000846185,4.519718412590604,5.173003565454523,10.03911597470727
110.16530073621335,210.086873279291,13.161966929302919,0.6170628508743398,3.7962992785828757,5.629759187247105,10.040527178974905
110.18196971801639,210.12804940999467,13.163961240457793,0.7126130309585389,4.638391792406112,4.839799518000579,10.041938624307427
110.19863869981941,210.16922875538287,13.165955656604844,0.7686383021527654,3.771081127257567,4.494774900244458,10.043350310669696
110.21530768162243,210.21041020929346,13.167950177628473,0.3307752147278674,3.827543479324039,4.082557584449405,10.044762238026456
110.23197666342547,210.25159255655348,13.169944803409448,1.0152136441083954,3.627389630334834,4.39750505762663,10.046174406342328
110.24864564522849,210.2927744729792,13.171939533824915,0.7292536343942924,3.746085411775286,4.509566142605219,10.04758681558182
110.26531462703153,210.33395452537627,13.173934368748391,0.5752882526932986,3.2869491236345625,4.4954785107165725,10.048999465709326
110.28198360883455,210.37513117153952,13.175929308049765,0.7934117035829934,3.7941839703337576,4.263393480721905,10.050412356689115
110.29865259063759,210.41630276025302,13.1779243515953,1.0484592305292504,3.570521833793034,4.621862930367125,10.051825488485344
110.31532157244061,210.45746755668227,13.179919499247504,0.2875069307246396,3.9876106355719667,5.235074962469403,10.053238861062049
110.33199055424365,210.49862774565554,13.181914750875034,0.5300716829138014,3.78296912232113,5.301018217949593,10.054652474383154
110.34865953604667,210.5397866635319,13.183910106437395,0.09931112560690158,3.9087399975796155,4.992663518078768,10.05606632841247
110.3653285178497,210.58094564608976,13.185905565920118,0.6134009959982432,4.337925399379622,4.6899538365816875,10.057480423113688
110.38199749965271,210.62210593060846,13.18790112930408,0.6478227554824547,3.7731281899756692,5.724201148722034,10.058894758450377
110.39866648145575,210.66326865586848,13.189896796565494,0.5667846874035242,4.1551433131341575,5.9939619371976125,10.060309334386002
110.41533546325877,210.70443486215137,13.191892567675904,0.4435835854770723,3.890922994992172,5.472980810361555,10.0617241508839
110.43200444506179,210.7456054912398,13.193888442602189,0.1644605714378855,4.388928346415227,5.764161467057713,10.063139207907298
110.44867342686483,210.78678138641743,13.195884421306568,0.6489433721950313,4.177467389717754,5.579658524808849,10.0645545054193
110.46534240866785,210.82796329246904,13.197880503746598,0.8651966789953351,3.719129166538542,5.517521467884361,10.065970043382897
110.48201139047089,210.8691518556805,13.19987668987516,0.4557792236517998,3.9114151743953833,5.102684771280643,10.067385821760961
110.49868037227391,210.91034762383873,13.201872979640484,0.6618680191001151,3.736531575569733,5.407050764556901,10.06880184051625
110.51534935407695,210.95155104623174,13.203869372986127,0.26010027504342303,4.0332263055143835,4.81614369809372,10.0702180996114
110.53201833587997,210.99276247364864,13.205865869850989,0.6650448408569959,3.898836432034783,4.2822520963850526,10.071634599008936
110.548687317683,211.03398215837956,13.2078624701693,0.49479884494390325,3.816279262954353,4.63985705972074,10.073051338671261
110.56535629948603,211.07521025421576,13.209859173870624,0.4208647767540459,4.314905798820469,3.8662361006414367,10.074468318560665
110.58202528128906,211.11644681644955,13.211855980879871,0.4211486870448232,3.756512927523872,4.585591472224032,10.07588553863932
110.59869426309209,211.15769180187434,13.213852891117273,0.4943721333506709,4.567611333595034,4.530619108932184,10.077302998869275
110.61536324489512,211.19894506878455,13.21584990449841,0.6494541334449856,4.121124676911189,4.758362485105132,10.078720699212472
110.63203222669814,211.24020637697578,13.217847020934194,0.3104078367207445,3.8065447420826226,4.466567793078447,10.080138639630729
110.64870120850118,211.28147538774462,13.219844240330866,0.4932904034279957,3.7545906763759684,4.585401410431949,10.08155682008575
110.6653701903042,211.32275166388877,13.221841562590011,0.5642920930759903,3.853499224412944,5.005658071234747,10.082975240539122
110.68203917210722,211.36403466970702,13.223838987608547,0.3526515688804267,4.529747616491443,5.203250512081371,10.084393900952314
110.69870815391026,211.40532377099922,13.225836515278726,0.9316654054336984,3.8694209708708116,5.258509347426798,10.085812801286677
110.71537713571328,211.4466182350663,13.227834145488142,0.4015062066234357,3.8750125347794517,5.469506660879003,10.087231941503447
110.73204611751632,211.4879172307102,13.229831878119713,0.4381908436953251,3.8502241955199192,5.644711744081811,10.088651321563741
110.74871509931934,211.52921982823412,13.231829713051708,0.37628954651735347,3.9304063517497037,5.448764265912787,10.090070941428566
110.76538408112238,211.57052499944214,13.233827650157716,0.9315200502670196,3.6779763984274205,5.969987953845256,10.0914908010588
110.7820530629254,211.61183161763952,13.235825689306674,0.6822779612387543,3.840137277515203,5.642682695722845,10.092910900415214
110.79872204472844,211.65313845763256,13.237823830362851,0.38425138329571806,4.22392118805777,5.393167385848037,10.094331239458457
110.81539102653146,211.69444419572866,13.239822073185849,0.7926889517123665,3.9274004903179107,4.93232883495517,10.095751818149063
110.8320600083345,211.73574740973626,13.24182041763061,0.6114552205886253,3.912996851121345,4.6710875517995625,10.097172636447448
110.8487289901375,211.7770465789649,13.243818863547403,0.622638994162394,3.4434874419907273,5.351858128867214,10.098593694313912
110.86539797194054,211.8183400842252,13.245817410781848,0.5021656828418317,3.7962483031726526,4.357205219237742,10.100014991708637
110.88206695374356,211.85962620782894,13.24781605917489,0.4210507283203623,4.244143950841076,4.547352915428463,10.101436528591691
110.89873593554658,211.9009034522568,13.249814808575797,0.6383599331335419,3.539890525527795,4.294050908717563,10.102858304923021
110.91540491734962,211.94217353623034,13.251813658964213,0.46166204145002404,3.865692531077252,3.3676697113209197,10.104280320662465
110.93207389915264,211.98343896790308,13.253812610351968,0.933903374030568,3.993517648812749,4.771236177335321,10.10570257576975
110.94874288095568,212.02470194087658,13.255811662738921,0.316566774297447,3.55139053646557,4.547051748515173,10.107125070204471
110.9654118627587,212.06596449446377,13.257810816119541,0.8775290837359278,3.77629734024213,4.284295488153559,10.10854780392612
110.98208084456174,212.10722851368894,13.2598100704829,0.5479066798368355,3.939421143265428,4.726384328377947,10.10997077689407
110.99874982636476,212.1484957292877,13.261809425812672,0.6298603034688988,3.889558568161387,4.63639456028116,10.111393989067572
111.0154188081678,212.18976771770707,13.263808882087147,0.7365474037199133,4.477836215240503,5.777116724654829,10.112817440405767
111.03208778997082,212.23104590110532,13.265808439279215,0.4437386718077986,4.402681444152367,5.182607451662771,10.11424113086767
111.04875677177385,212.27233154735217,13.267808097356376,0.74251087487263,3.6780215663599196,5.479092230461312,10.115665060412192
111.06542575357687,212.31362577002864,13.269807856280728,0.028025080714690342,3.953308380738377,5.535986799067658,10.117089228998118
111.08209473537991,212.35492952842716,13.271807716008984,0.4254085857626193,3.933385372351335,5.823895796603368,10.11851363658412
111.09876371718293,212.3962436275514,13.27380767649246,0.3844665583371877,4.6010057805081805,6.177493976317601,10.119938283128754
111.11543269898597,212.4375687181165,13.275807737677075,0.3184505315360109,4.145058103342783,6.194787262628182,10.121363168590454
111.13210168078899,212.47890529654887,13.277807899503362,0.5260333674303636,3.984965321033985,5.365427068784956,10.122788292927545
111.14877066259201,212.52025370498635,13.279808161906454,0.6460469165733731,4.238821946510002,5.378254001557641,10.124213656098233
111.16543964439505,212.56161413127805,13.281808524816087,0.7093014974071298,3.947759101137364,5.0430730340870475,10.125639258060604
111.18210862619807,212.60298660898442,13.283808988156613,0.6168174108212052,3.4935290988009102,4.475932188441515,10.12706509877263
111.19877760800111,212.64437101737744,13.285809551846983,0.4353759150041594,3.9861402966157016,5.271574772643658,10.128491178192167
111.21544658980413,212.6857670814402,13.287810215800755,0.6421904311018088,4.29830177251603,4.772598733705735,10.129917496276953
111.23211557160717,212.72717437186728,13.289810979926097,0.5931168050372883,3.827335439551674,4.301764085895861,10.13134405298461
111.24878455341019,212.76859230506463,13.291811844125778,0.7553434091853762,3.9373512851749135,4.674772777624615,10.132770848272644
111.26545353521323,212.81002014314942,13.293812808297178,0.7233920127405229,3.8229800853909963,4.597333176822081,10.134197882098444
111.28212251701625,212.8514569939503,13.295813872332278,0.5739724385436649,3.1748494264563916,4.366782116947276,10.135625154419282
111.29879149881927,212.89290181100722,13.297815036117665,0.3882990252061648,3.945620760347816,4.612940815436316,10.137052665192313
111.31546048062229,212.93435339357154,13.299816299534545,0.43703205304872084,4.0904877560661035,5.189190999704974,10.138480414374577
111.33212946242533,212.97581038660587,13.301817662458712,0.4575366571863839,3.9230949536821815,4.698001538070207,10.139908401922995
111.34879844422835,213.01727128078429,13.303819124760578,0.5043136943760169,3.4186430097405913,5.732026648808554,10.141336627794374
111.36546742603137,213.0587344124921,13.305820686305157,0.6208494658932144,3.6623973301616717,5.387945180443316,10.142765091945403
111.38213640783441,213.100197963826,13.307822346952069,0.7101466648118858,4.151124430387414,6.093843742187702,10.144193794332658
111.39880538963743,213.14165996259413,13.309824106555542,0.5567604418135219,4.919914896034843,5.753518092508545,10.145622734912589
111.41547437144047,213.18311828231586,13.311825964964408,0.5700815188706296,4.023374001410793,5.901079838740385,10.14705191364154
111.43214335324349,213.224570642222,13.313827922022107,0.5953901904323916,3.3462394675152805,5.7559059948059605,10.148481330475732
111.44881233504653,213.26601460725465,13.315829977566686,0.4634202222400028,4.248424876269534,5.498024430746007,10.149910985371273
111.46548131684955,213.30744758806728,13.317832131430793,0.3813951760884918,3.800189028075942,5.403554058495024,10.15134087828415
111.48215029865258,213.34886684102474,13.31983438344169,0.21525837824639682,3.6895929743912954,5.6778507497430715,10.15277100917024
111.4988192804556,213.3902694682032,13.321836733421238,0.4271884035497767,3.9558825434422946,4.323554166616566,10.154201377985295
111.51548826225864,213.43165584120464,13.323839181298922,0.6607196706647936,4.304201324764632,4.398056413345438,10.155631984684963
111.53215724406166,213.4730383026809,13.325841727387372,0.4253805846631984,4.297660364510763,4.3265925763708495,10.157062829224781
111.5488262258647,213.51442021403474,13.327844371689691,0.5182737444839103,3.9603347754558085,4.039844379788244,10.158493911560162
111.56549520766772,213.55580360126146,13.329847114166784,0.6589936766119822,3.9490661786597583,4.697792552444984,10.159925231646406
111.58216418947076,213.59719030666494,13.331849954776043,0.6697175730612324,4.012057108995003,4.577497352096597,10.161356789438692
111.59883317127378,213.63858198885785,13.333852893471363,0.34954534550175753,4.2560155163172295,4.411511522170051,10.162788584892086
111.6155021530768,213.67998012276138,13.335855930203126,0.7647360169193771,4.38380482848918,4.151280155184122,10.164220617961533
111.63217113487984,213.72138599960547,13.33785906491821,0.790666380753179,3.6702398293445673,4.916222862604708,10.16565288860187
111.64884011668286,213.7628007269287,13.339862297559987,0.3390985962758871,4.013613604427262,4.259773257922538,10.16708539676781
111.6655090984859,213.80422522857822,13.341865628068318,0.4001733862373068,3.9603765468988854,5.625140460188381,10.168518142413957
111.68217808028892,213.84566024471,13.343869056379566,0.8030310768734753,3.986550453177163,5.025199183812247,10.16995112549479
111.69884706209196,213.88710633178852,13.34587258242658,0.5353144037289789,3.9389122170145936,5.377442219646655,10.171384345964682
111.71551604389498,213.92856386258703,13.347876206138706,0.12060167390691778,4.004107832921539,5.508060369236786,10.172817803777884
111.73218502569802,213.97003302618728,13.34987992744178,0.2844931055737933,3.6296814221987574,5.43338422156271,10.174251498888527
111.74885400750102,214.01151382797985,13.351883746258137,0.5144276123390192,3.9581565850468503,6.377347295387281,10.175685431250635
111.76552298930406,214.05300608966394,13.353887662506605,0.33156512592427356,3.0610324618205302,6.002665782859436,10.177119600818113
111.78219197110708,214.09450944924734,13.3558916761025,0.4813610082404315,3.985552134803219,6.021820768989826,10.178554007544744
111.79886095291012,214.13602336104654,13.357895786957636,0.5703970992941645,3.920378355723445,5.116913993082696,10.179988651384203
111.81552993471314,214.17754709568666,13.359899994980319,0.8562408593816847,3.7055430167843766,5.31773949763122,10.181423532290044
111.83219891651616,214.21907974010153,13.36190430007535,0.5055712251983933,4.0943325934123465,5.173413905768771,10.182858650215705
111.8488678983192,214.2606201975336,13.363908702144023,0.7780424261039997,3.6450766291795973,4.850304558260657,10.184294005114511
111.86553688012222,214.3021671875339,13.365913201084126,0.849158144242949,4.507721840773432,4.195548389953584,10.18572959693967
111.88220586192526,214.34371924596232,13.367917796789936,0.8501400792771743,4.466935545351075,4.685575261333471,10.187165425644269
111.89887484372828,214.38527472498726,13.369922489152229,0.6201010856044241,3.1004082377790647,4.281033607772126,10.188601491181284
111.91554382553132,214.42683179308574,13.371927278058275,0.17036434685382612,4.057357555178969,3.9136899664695326,10.190037793503576
111.93221280733434,214.46838843504355,13.373932163391833,0.6550591469948385,3.872408425528937,3.677528217409963,10.191474332563885
111.94888178913737,214.5099424519551,13.37593714503316,0.7724461369917279,3.1078184661977737,4.525019491040491,10.192911108314837
111.9655507709404,214.55149146122343,13.377942222859003,0.5464247119037798,3.688908549662378,5.2513999604466015,10.194348120708945
111.98221975274343,214.59303289656026,13.379947396742603,0.9114268686390269,4.4432610804838175,4.43229523338821,10.195785369698601
111.99888873454645,214.63456400798594,13.3819526665537,0.7343487566462368,4.153657452339099,5.0343778522983404,10.197222855236083
112.01555771634949,214.67608190292881,13.383958032158827,0.6759086576321093,4.488420782046977,5.564405814394322,10.198660577273552
112.03222669815251,214.71759288702737,13.385963493505697,0.7794020504359549,4.181171032996552,5.0757305965181025,10.200098535763065
112.04889567995555,214.7591041549286,13.387969050594245,0.6286717926090155,4.073111222092843,5.493298813577434,10.20153673065655
112.06556466175857,214.80061703862987,13.389974703387843,0.06330762483303243,4.90077874792188,5.497498610692552,10.202975161905833
112.0822336435616,214.84213275509416,13.391980451846397,0.4619138249908981,4.173937629126878,6.0952311435993884,10.204413829462611
112.09890262536463,214.88365240625032,13.39398629592635,0.801047099549412,3.8175426027160952,6.163452472774185,10.205852733278476
112.11557160716765,214.9251769789929,13.395992235580678,0.3999670931614536,3.4388341937916556,5.704492073952019,10.207291873304897
112.13224058897069,214.9667073451822,13.397998270758892,0.5166627155057996,3.5498160198586897,5.230938432064301,10.20873124949323
112.14890957077371,215.00824426164425,13.400004401407037,0.35226179745985386,4.7409460132663686,5.129961488198256,10.210170861794715
112.16557855257675,215.04978837017086,13.402010627467693,0.9178854113077152,4.098967625095272,4.827257669215954,10.21161071016048
112.18224753437977,215.09134019751957,13.404016948879976,0.8972712041418783,4.188620918905903,4.475228523023928,10.21305079454153
112.1989165161828,215.13290015541372,13.406023365579536,0.3840707424094745,3.52367981825682,4.512475648742842,10.214491114888762
112.21558549798581,215.17446854054228,13.408029877498556,0.5901759187076255,3.9146816470158536,4.534951123102995,10.21593167115295
112.23225447978885,215.21604553456012,13.410036484565758,0.42448929470644603,3.9699476812504644,4.39141630533522,10.217372463284757
112.24892346159187,215.25763120408777,13.412043186706393,0.683448806156653,4.125339634739189,4.1976949954809655,10.218813491234734
112.26559244339491,215.2992255007115,13.41404998384225,0.6622682563760599,3.9361919022609926,4.251421513673112,10.220254754953304
112.28226142519793,215.34082826098336,13.41605687589165,0.7225445063379797,3.785606339663775,4.318952960490946,10.22169625439079
112.29893040700095,215.38243920642117,13.418063862769456,0.6264588211795761,3.9223105307899155,4.127656084587181,10.223137989497388
112.31559938880399,215.42405794350844,13.420070944387055,1.1470281010977295,4.717541172520351,4.785571464596967,10.224579960223183
112.33226837060701,215.4656839636945,13.422078120652376,0.3542338235837182,4.142850391461945,4.808854143333038,10.226022166518142
112.34893735241005,215.50731664339435,13.42408539146988,0.2175696110726167,4.4188632664755145,4.82772199645944,10.22746460833212
112.36560633421307,215.5489552439888,13.426092756740562,0.4809439358263362,3.8471428243554264,5.5684110887951865,10.22890728561485
112.3822753160161,215.59059891182437,13.428100216361956,0.24583600551837387,3.3726223335067784,5.454188667839166,10.23035019831596
112.39894429781913,215.63224667821342,13.430107770228124,0.2608128759745542,3.8916118311495644,5.824101643986207,10.231793346384949
112.41561327962216,215.67389745943387,13.432115418229671,0.3589140591874503,4.114877108088588,6.054133647345515,10.233236729771212
112.43228226142519,215.71555005672963,13.434123160253728,0.3746108577224152,4.313685497025934,5.48052181061961,10.234680348424023
112.44895124322822,215.75720315631017,13.436130996183966,0.3679966559552747,5.22339165644546,5.684018667014583,10.236124202292538
112.46562022503124,215.79885532935074,13.438138925900589,0.6624356927502096,4.340539827229007,4.939775298027939,10.237568291325804
112.48228920683428,215.84050503199248,13.440146949280335,0.45742570556364276,5.492545192377309,5.721899116617684,10.239012615472745
112.4989581886373,215.88215060534208,13.442155066196475,0.5226322067539875,4.187891405682571,4.607989186446055,10.240457174682177
112.51562717044034,215.92379027547216,13.444163276518825,0.7372532694290869,3.8778629791570443,4.613295039522574,10.241901968902793
112.53229615224336,215.96542311052764,13.446171580112258,0.4050137912501275,4.285064665085475,4.944028111887684,10.243346998083178
112.54896513404638,216.00705360059595,13.448179976881539,0.505240687044534,4.640996976602141,4.291724708326522,10.244792262171801
112.56563411584942,216.04868374907105,13.450188466807425,0.6311734235091371,5.068064627516431,3.884890830815093,10.246237761117019
112.58230309765244,216.09031482660512,13.452197049872147,0.1695794146220555,4.159675346196132,4.41407281150576,10.247683494867072
112.59897207945548,216.13194800586524,13.454205726053484,0.0807834103864617,4.302300779547287,4.441667667892383,10.24912946337008
112.6156410612585,216.1735843615333,13.456214495324746,0.6268595043659981,3.725136779489602,4.153861459387395,10.250575666574056
112.63231004306154,216.21522487030595,13.458223357654798,0.6559104101735717,4.4078313421739805,4.359898264298021,10.252022104426892
112.64897902486456,216.25687041089466,13.460232313008046,0.9702230855327438,4.95014295013196,4.607567984364133,10.25346877687637
112.66564800666758,216.29852176402568,13.462241361344434,0.5888695273104958,4.200048663498608,4.922532724791007,10.254915683870149
112.6823169884706,216.3401796124402,13.46425050261946,0.7210699782608994,3.89330403094183,4.6647017940014806,10.256362825355783
112.69898597027364,216.3818445408941,13.466259736784163,0.5178989778859816,4.321816870963743,5.4033450543634185,10.257810201280703
112.71565495207666,216.42351703615807,13.468269063785117,0.6163104118603157,4.3179465615461226,6.173303286904394,10.259257811592228
112.7323239338797,216.46519748701772,13.470278483564453,0.8901877860040321,4.251240596478136,5.487213124859204,10.260705656237562
112.74899291568272,216.5068861842733,13.472287996059833,0.13180929333501112,4.221924268432101,5.624807783172487,10.262153735163794
112.76566189748574,216.54858332073997,13.474297601204473,0.6392025370001561,4.138098273636149,5.4103052698047875,10.263602048317894
112.78233087928878,216.59028899124772,13.47630729892713,0.9834680492711285,4.544112845632455,5.839631448169157,10.265050595646727
112.7989998610918,216.63200319264132,13.478317089152101,0.6126289541359999,4.418488862179146,5.8433045119213896,10.26649937709703
112.81566884289484,216.67372582378033,13.480326971799233,0.8862080992723071,3.7509289799232595,5.6155747613606195,10.267948392615438
112.83233782469786,216.71545668553915,13.482336946783908,0.43012246236907614,4.193978211103528,4.640607858900786,10.269397642148457
112.8490068065009,216.75719548080696,13.484347014017063,0.5494267684335631,4.117543961922207,4.917010391046005,10.270847125642488
112.86567578830392,216.79894181448776,13.486357173405171,0.5624125721019738,4.476781767694268,4.972066531285361,10.272296843043817
112.88234477010695,216.8406951935004,13.488367424850251,0.11206076950155947,4.280884758263005,4.514559412787833,10.27374679429861
112.89901375190998,216.88245502677847,13.490377768249866,0.32181476296793665,3.932947663059844,4.387404682209901,10.275196979352918
112.91568273371301,216.92422062527044,13.492388203497125,0.3359466452659494,4.2583858902001674,4.058644814486403,10.276647398152683
112.93235171551603,216.96599120193952,13.494398730480675,0.7196061988186324,4.098971474798474,4.300744026124024,10.278098050643722
112.94902069731907,217.00776587176378,13.496409349084713,0.729494915907434,4.539789724525902,4.715112477138433,10.279548936771748
112.9656896791221,217.04954365173612,13.498420059188977,0.6197428843840487,4.346539394921598,4.616395952896677,10.281000056482354
112.98235866092513,217.09132346086412,13.500430860668748,0.7196274658241341,4.109129874537308,4.364368128222336,10.282451409721013
112.99902764272815,217.13310412017037,13.502441753394855,0.5218482840815324,4.274097548603347,4.848525516439033,10.283902996433092
113.01569662453117,217.17488435269206,13.504452737233665,0.7949357702938469,4.877838155291475,5.596044956436483,10.285354816563835
113.03236560633421,217.21666278348135,13.506463812047091,0.5561783842840755,4.0886536426698346,5.555767654132202,10.286806870058378
113.04903458813723,217.25843793960522,13.508474977692595,0.5658647542509244,4.381999790246751,5.674268513509282,10.288259156861738
113.06570356994027,217.30020825014526,13.510486234023174,0.501044656781711,4.245022042469854,5.590027526588005,10.289711676918813
113.08237255174329,217.34197204619807,13.512497580887377,0.6909245073153285,4.298094295391786,6.156448564468205,10.291164430174394
113.09904153354633,217.38372763514622,13.514509018131365,0.4696658665290624,3.982909608199414,6.263910906870646,10.292617416573153
113.11571051534933,217.42547586034163,13.516520545684237,0.7490631130891385,4.32503693700167,6.034539695315534,10.294070636059656
113.13237949715237,217.46721927316378,13.518532163555285,0.32721820706300786,4.585443526680282,5.914565565414929,10.295524088578357
113.1490484789554,217.50896003914502,13.520543871746732,0.33373597160058843,3.841528054271021,5.1532075583669865,10.296977774073586
113.16571746075843,217.5507001744189,13.522555670255512,0.6908757507194105,4.252234339716519,4.864262194977812,10.298431692489562
113.18238644256145,217.59244154572008,13.52456755907327,0.5355527237577871,3.704876760940209,4.719501430936065,10.299885843770392
113.19905542436449,217.63418587038433,13.526579538186354,0.46235444028097605,3.9297687281198517,4.552941222804936,10.301340227860063
113.21572440616751,217.6759347163485,13.528591607575816,0.7310154167253747,4.467512658138795,4.790545795094725,10.302794844702454
113.23239338797053,217.71768950215053,13.530603767217414,0.4314227240377545,3.6313062833187635,4.593420015525661,10.304249694241326
113.24906236977357,217.75945149692953,13.532616017081622,0.5127058825501343,4.306466699769233,4.3616657598097035,10.305704776420326
113.26573135157659,217.80122182042555,13.53462835713361,0.8324628399347676,4.606996119679383,3.805558781933481,10.307160091182986
113.28240033337963,217.84300144297993,13.536640787333258,0.8603168255726286,4.457901302424154,3.8382106314228057,10.308615638472723
113.29906931518265,217.88479118553494,13.538653307635155,0.8668390949587078,4.225269929939209,4.5906294948615445,10.310071418232845
113.31573829698569,217.9265917196341,13.540665917988592,0.4958053840407338,4.4234675396783025,5.00358959512508,10.31152743040654
113.33240727878871,217.96840356742194,13.542678618337572,0.7982421970005635,4.338046769302993,4.962166020925467,10.312983674936884
113.34907626059174,218.01022710164406,13.5446914086208,0.36218211710391923,4.233822102204938,5.808400246266894,10.314440151766837
113.36574524239477,218.05206254564726,13.54670428877169,0.3704631644696136,4.273531817154484,5.134184441074392,10.315896860839246
113.3824142241978,218.09390997337937,13.548717258718359,0.08162361577246602,4.93753450750822,5.276464681355743,10.317353802096845
113.39908320600082,218.13576930938936,13.550730318383636,0.8861594637118559,4.740805265707246,5.557175389687805,10.31881097548225
113.41575218780386,218.1776403288272,13.55274346768505,0.3786608807278046,4.437181974193719,5.589191986140822,10.320268380937966
113.43242116960688,218.21952265744412,13.554756706534844,0.5260213520050987,4.124740425415095,5.9228688640036395,10.321726018406382
113.44909015140992,218.26141577159228,13.556770034839962,0.3691340072055279,4.331456455879929,5.5286689916227845,10.323183887829773
113.46575913321294,218.30331899822508,13.558783452502055,0.6901029231436353,4.008485863550111,5.01687834809555,10.324641989150301
113.48242811501596,218.34523151489694,13.560796959417484,0.4758141294948773,3.9731297572292648,5.527632789914004,10.326100322310008
113.499097096819,218.38715234976343,13.562810555477313,0.2898484620113779,4.433936069919887,4.4856292240865,10.32755888725083
113.51576607862202,218.42908038158112,13.564824240567313,0.6390153217182575,4.130565716622452,4.444371805113007,10.329017683914586
113.53243506042506,218.47101433970784,13.566838014567962,0.2638077630501051,4.991593371284705,4.053985357543875,10.330476712242975
113.54910404222808,218.51295280410233,13.568851877354446,0.38294357245276,4.0491743758016,4.422956111339548,10.331935972177588
113.56577302403112,218.5548942053246,13.570865828796656,0.12891783449152783,3.872556247019885,4.299241099959284,10.3333954636599
113.58244200583412,218.5968368245356,13.572879868759188,0.2653749652998648,4.375406415378809,4.775049204803557,10.33485518663127
113.59911098763716,218.63877879349758,13.57489399710135,0.5857433424524601,4.360811883705441,4.509267124040368,10.336315141032943
113.61577996944018,218.6807180945737,13.57690821367715,0.15700121212767593,4.68956536872509,4.777511700621285,10.337775326806053
113.63244895124322,218.72265256072833,13.578922518335306,0.2535501765593152,4.517514812571313,4.605631342655456,10.339235743891617
113.64911793304624,218.7645798755269,13.580936910919243,0.549176430512581,4.199220650718099,4.447091363960752,10.340696392230537
113.66578691484928,218.80649757313589,13.58295139126709,0.4407997173206905,4.400159832730999,5.025166543752886,10.342157271763602
113.6824558966523,218.84840303832297,13.584965959211683,0.9477992971005839,4.260000179335631,5.412322818796628,10.343618382431483
113.69912487845532,218.89029350645689,13.586980614580566,0.9160421430768716,4.119071197090338,5.6706307154831785,10.345079724174745
113.71579386025836,218.93216674425292,13.588995357219293,0.3755491959034862,4.178473017177058,5.497666512401354,10.34654129693383
113.73246284206138,218.97403273891732,13.591010187382375,0.6604320573591741,4.9169713318005455,5.903322543395778,10.348003100649091
113.74913182386442,219.01589744410984,13.593025105166234,0.6987318809467653,4.362597661813708,5.519984489322598,10.349465135260752
113.76580080566744,219.0577629625242,13.59504011053536,0.42925042455062556,5.177122493047745,5.451795218311139,10.350927400708926
113.78246978747048,219.0996312136387,13.597055203450761,0.24950870615733067,4.319924603955686,5.320046223437266,10.352389896933612
113.7991387692735,219.14150393371602,13.59907038386998,0.5460281316382604,4.226844508699457,5.488060323964248,10.353852623874687
113.81580775107653,219.18338267580333,13.601085651747074,0.5137894853459888,4.795145088847892,4.906147970513921,10.355315581471922
113.83247673287956,219.22526880973234,13.603101007032633,0.46107651051426934,4.488227536643526,4.885493352294212,10.356778769664976
113.84914571468259,219.26716352211918,13.605116449673767,0.6365635639561223,4.963140623781487,5.0359447049223265,10.358242188393385
113.86581469648561,219.30906781636446,13.607131979614115,0.39782504017679626,4.607707130346158,4.231486853698491,10.359705837596582
113.88248367828865,219.35098251265322,13.609147596793834,0.31744221418124674,4.741710897758331,4.20910647222717,10.361169717213878
113.89915266009167,219.39290824795506,13.611163301149617,0.5695290707752815,3.6231852254652135,4.264689538299167,10.362633827184478
113.91582164189471,219.43484547602398,13.613179092614669,0.624777239141024,4.441691819116614,4.2741675531416865,10.36409816744747
113.93249062369773,219.47679446739855,13.615194971118727,0.3121249667074816,4.038443520807536,4.085536848116298,10.365562737941824
113.94915960550075,219.51875530940166,13.617210936588057,0.7329428035088786,4.856091873334225,4.581477025991917,10.367027538606402
113.96582858730379,219.5607279061408,13.619226988945442,0.193099170566162,4.3664731752376085,4.696742279713781,10.368492569379956
113.98249756910681,219.6027119785079,13.621243128110192,0.4314434142011303,4.882220973665283,5.082788366365617,10.369957830201113
113.99916655090985,219.64470706417933,13.623259353998144,0.4953350975644066,4.493232286587986,4.962951823490217,10.371423321008399
114.01583553271287,219.686712517616,13.625275666521658,0.41956275219462413,4.079135910115011,5.081418316845855,10.372889041740214
114.03250451451589,219.7287275100632,13.627292065589618,0.43366608102189125,4.296680782050727,5.255270290785549,10.374354992334855
114.04917349631891,219.77075102955084,13.629308551107437,0.9207637443115371,4.834226415127594,5.731917813383177,10.375821172730502
114.06584247812195,219.81278188089314,13.631325122977051,0.3762426932952133,4.115464483213867,5.643766209238887,10.37728758286522
114.08251145992497,219.85481868568888,13.633341781096918,1.0345345100103795,4.4984713912768886,5.629153068425063,10.37875422267696
114.09918044172801,219.8968598823213,13.635358525362024,0.6335861670597682,4.13431252583749,5.6300871278422635,10.380221092103561
114.11584942353103,219.93890372595814,13.63737535566388,0.5644424753827086,4.401997673285786,5.449273082209678,10.38168819108275
114.13251840533407,219.98094828855153,13.639392271890518,0.6411501466384231,4.493175603881259,5.539820535989348,10.383155519552137
114.14918738713709,220.02299145883813,13.6414092739265,1.0517582451103245,4.130249595679562,4.835063348730003,10.38462307744922
114.16585636894011,220.06503094233912,13.643426361652912,0.3469247050557927,4.483578195493961,5.103123414505675,10.386090864711386
114.18252535074315,220.1070642613601,13.645443534947358,0.32143032394469695,4.649755098111758,4.9673670140602635,10.387558881275904
114.19919433254617,220.1490887549911,13.64746079368398,0.39441126163987006,4.2516951411821875,4.3653907942594055,10.389027127079931
114.2158633143492,220.19110157910674,13.64947813773343,0.5516837149264769,4.30596250436745,4.936592005438878,10.390495602060513
114.23253229615223,220.23310178221496,13.651495566980271,0.19997143653203742,4.073113488298575,4.248260494007897,10.391964306154579
114.24920127795527,220.27509968824464,13.653513081427176,0.5494640767255848,4.528944413988676,3.7316877712621643,10.39343323929896
114.26587025975829,220.31709840122633,13.655530681052912,0.8835762143428819,4.9741759622119055,4.1511566341138275,10.394902401430363
114.28253924156132,220.35909926817385,13.657548365821743,0.575018816039011,5.017100810519388,4.364617507235254,10.396371792485386
114.29920822336435,220.40110351639137,13.659566135694492,0.48607078785318414,4.3469259335249175,4.6548553643037165,10.397841412400512
114.31587720516738,220.4431122534732,13.661583990628564,0.42084632315062764,5.58655639454261,4.664262900016048,10.399311261112107
114.3325461869704,220.48512646730399,13.663601930577924,0.724051278566365,4.519976846004231,4.684659465295221,10.400781338556431
114.34921516877344,220.52714702605866,13.665619955493105,0.37905289933138386,5.057936963566847,4.907437038137878,10.402251644669628
114.36588415057646,220.56917467820233,13.667638065321215,0.9133691460006859,4.328247818981822,5.264551157963496,10.403722179387728
114.3825531323795,220.61121005249046,13.669656260005926,0.9306324109291115,4.326106977912272,5.472895864241286,10.405192942646652
114.39922211418252,220.65325365796875,13.671674539487482,0.5951811122522248,4.20434089493896,5.4166464608514175,10.406663934382204
114.41589109598554,220.6953058839731,13.67369290370269,0.5413984176910525,4.566820575555828,5.580070565221571,10.408135154530077
114.43256007778858,220.73736700012978,13.675711352584933,0.7497038714187597,4.842183449606152,5.962205092601461,10.409606603025853
114.4492290595916,220.77943715635521,13.677729886064158,0.7624020763821977,4.788089993432453,6.148502102471666,10.411078279804999
114.46589804139464,220.82151638285617,13.679748504066886,0.38211448761802114,4.324698664386209,5.7061940253557,10.412550184802868
114.48256702319765,220.8636045901296,13.681767206516199,0.43787225684729236,4.104629051189309,5.649935858634626,10.414022317954704
114.49923600500068,220.90570156896285,13.683785993331757,0.27858423795893034,4.560640650000209,5.3037559154334435,10.415494679195636
114.5159049868037,220.94780699043343,13.68580486442978,0.6247371457842587,4.538895741419206,5.013674310367802,10.41696726846068
114.53257396860674,220.98992040590912,13.687823819723064,0.6761201598562587,4.527996345502516,4.437744786056208,10.418440085684743
114.54924295040976,221.03204124704794,13.689842859120972,0.27267987249031117,4.3414087557584935,4.401835515889451,10.41991313080261
114.5659119322128,221.07416882579827,13.69186198252943,0.45149562787194863,4.732399572029192,4.116562820094771,10.421386403748965
114.58258091401582,221.11630233439865,13.69388118985094,0.27295502599113397,4.669939347702586,4.134348310337169,10.42285990445837
114.59924989581886,221.15844084537792,13.695900480984568,0.3625162400551488,4.374344937763178,4.256185699126952,10.42433363286528
114.61591887762188,221.20058331155522,13.697919855825955,0.6523499986946606,4.476242763033244,4.560292665935595,10.425807588904032
114.6325878594249,221.2427285660399,13.699939314267304,0.39532054983288445,4.768603039503271,4.647720985758447,10.427281772508856
114.64925684122794,221.28487532223156,13.701958856197392,0.48172214047956113,4.350725010778707,4.693604147456587,10.428756183613864
114.66592582303096,221.32702217382013,13.703978481501562,0.2162953466370659,4.643329961337921,5.005490326527856,10.430230822153058
114.682594804834,221.3691675947858,13.705998190061724,0.5790260867596859,4.29346061179363,5.366637409996615,10.431705688060331
114.69926378663702,221.41130993939896,13.708017981756365,0.5326437255064534,5.210960953976465,5.661419970176195,10.433180781269455
114.71593276844006,221.45344744222027,13.710037856460529,0.3955768762264782,4.72947601934705,5.184948351315006,10.434656101714092
114.73260175024308,221.49557821810075,13.712057814045838,0.5034361955761334,4.340140559515875,5.434147210636059,10.436131649327795
114.74927073204611,221.537702326378,13.714077854383333,0.5771683522393193,4.62743385757365,6.13211757621891,10.437607424044007
114.76593971384914,221.57982465772335,13.716097977408596,0.3780060595539445,4.407802154162622,5.745900310183274,10.439083425796062
114.78260869565217,221.62194685092336,13.718118183107062,0.2455974859285182,5.084381072199859,5.526352936398492,10.440559654517177
114.7992776774552,221.66407023519048,13.72013847146087,0.9018351788798746,4.31064101676341,5.399946613046925,10.44203611014046
114.81594665925823,221.7061960354747,13.722158842447826,0.4139360412593718,4.33608366411802,5.178404973722583,10.4435127925989
114.83261564106125,221.7483253724636,13.724179296041399,0.5211088436929424,4.647468451867361,5.17820354884509,10.444989701825383
114.84928462286429,221.79045926258226,13.726199832210717,0.7424990857579592,4.659159480418898,4.430663299538544,10.446466837752675
114.86595360466731,221.83259861799343,13.72822045092058,1.2460124430109567,4.584846984548863,4.5459464692886105,10.447944200313437
114.88262258647033,221.87474424659737,13.730241152131441,0.29117437460614315,4.268808566912545,4.432979387881435,10.449421789440212
114.89929156827337,221.91689685203198,13.732261935799428,0.6299073587850759,4.484807628327663,4.361404096758051,10.450899605065436
114.91596055007639,221.95905703367268,13.734282801876322,0.39830170283032085,4.6791480507362575,4.266930060088245,10.45237764712143
114.93262953187941,222.00122528663246,13.736303750309572,0.4319243352413887,4.392525277414495,4.390714083283757,10.453855915540402
114.94929851368244,222.04340200176196,13.738324781042294,0.39551022066589453,4.905720853597364,4.174816629869857,10.455334410254455
114.96596749548547,222.08558746564927,13.740345894013263,0.31429185248530356,4.943559950818302,4.23874239036834,10.456813131195572
114.9826364772885,222.1277818606202,13.742367089156918,0.5310347873590174,4.659314680472567,5.479915324864303,10.45829207829563
114.99930545909153,222.16998526473796,13.744388366403362,0.24426272849390968,4.707061579125187,4.899147463651695,10.459771251486387
115.01597444089455,222.21219765180356,13.746409725678362,0.7283949779353331,3.696060577086022,5.18192887047887,10.461250650699501
115.03264342269759,222.25441889135536,13.748431166903348,0.549904243135551,4.57629763655806,5.6651240119920665,10.462730275866504
115.04931240450061,222.2966487486694,13.750452689995416,0.6232608343963161,4.986460574843425,6.119891627229657,10.464210126918827
115.06598138630365,222.33888688475935,13.752474294867321,0.445406293929893,4.512012343015323,5.594230077284076,10.465690203787782
115.08265036810667,222.38113285637635,13.754495981427484,0.46507339862057795,4.701376346449637,5.50028912871819,10.467170506404575
115.09931934990969,222.42338611600914,13.756517749579988,0.5958971283055887,5.787852578691906,5.391308239714489,10.468651034700295
115.11598833171273,222.4656460118841,13.758539599224585,0.3054443752902853,5.299637022861757,6.1311048772397445,10.470131788605924
115.13265731351575,222.50791178796504,13.76056153025668,0.4665265621029699,4.8595895067965555,5.167004937838766,10.471612768052328
115.14932629531879,222.55018258395356,13.762583542567354,0.36607208616372117,5.285694205511483,5.248588620893638,10.473093972970261
115.16599527712181,222.59245743528865,13.764605636043342,0.3597511595393029,4.683447548148906,4.716938595955818,10.47457540329037
115.18266425892485,222.63473527314693,13.766627810567044,0.11576739903952149,4.375766626733171,4.32789462871375,10.476057058943185
115.19933324072787,222.67701492444266,13.768650066016532,0.8054704833815778,4.600058803446371,4.4502303713179066,10.477538939859127
115.2160022225309,222.71929511182756,13.770672402265529,0.4001675260142699,4.6869694169825316,4.077390373992394,10.479021045968501
115.23267120433393,222.761574453691,13.772694819183432,0.7700205917004337,4.518889813136858,4.034810870129636,10.480503377201508
115.24934018613696,222.8038514641599,13.77471731663529,0.7509739418572734,4.695863160924838,4.801893401988367,10.481985933488229
115.26600916793998,222.84612455309878,13.77673989448183,0.27988562609853734,4.943563403938125,4.363618272644746,10.483468714758638
115.28267814974302,222.8883920261097,13.778762552579428,0.31927340302815777,4.937534268952845,4.626469483490586,10.484951720942595
115.29934713154604,222.9306520845323,13.780785290780138,1.0489263177569654,5.209344643771505,4.76924068234776,10.486434951969848
115.31601611334908,222.9729031878857,13.78280810894175,0.8868809829813131,4.39455061816013,4.713216976406446,10.487918407770037
115.3326850951521,223.01514737339403,13.784831007034903,0.5302621536520169,4.757604377478321,4.858309533952614,10.489402088272705
115.34935407695512,223.0573872385115,13.786853985068868,0.5879105323593038,3.5300514582845985,5.312612318432625,10.490885993407268
115.36602305875816,223.09962498764742,13.788877043043108,0.4101366783057818,4.694787579501954,5.512877205817447,10.492370123103042
115.38269204056118,223.14186266941036,13.790900180952033,0.6226465426406107,5.037562740859045,5.470840665366607,10.493854477289217
115.3993610223642,223.18410217660812,13.792923398784986,0.39260965367205836,4.499472722305479,5.796766896966502,10.495339055894883
115.41603000416723,223.22634524624783,13.794946696526257,0.1294453081083231,4.849970339320439,5.5880434809505255,10.496823858849012
115.43269898597026,223.26859345953582,13.796970074155075,0.27147492397742623,4.682508189579353,5.712309347603068,10.498308886080475
115.44936796777328,223.3108482418777,13.79899353164561,0.5398746443463325,4.852425418506516,5.552184567256083,10.499794137518018
115.46603694957632,223.35311086287834,13.801017068966967,0.3093126543819728,4.4364117510859336,5.097215470395549,10.50127961309029
115.48270593137934,223.39538243634183,13.803040686083198,0.5219406084405116,4.952881520998292,4.550846578706162,10.50276531272582
115.49937491318238,223.43766392027158,13.805064382953296,0.3203338867365836,4.771690035129373,4.727706894055686,10.50425123635303
115.5160438949854,223.4799561168702,13.807088159531185,0.3786652966066629,5.1467592745661275,5.302966170837884,10.505737383900229
115.53271287678844,223.52225967253966,13.809112015765741,0.7056391221823332,5.052624256860387,4.444468626515413,10.507223755295618
115.54938185859146,223.56457507788105,13.811135951600775,0.5843721435538375,5.203656180492162,4.591099615505537,10.508710350467286
115.56605084039448,223.60690266769478,13.81315996697504,0.5328131162475191,4.342381057186769,3.6047421079792565,10.510197169343208
115.58271982219752,223.6492426209806,13.815184061822226,0.7104087549917052,4.8418884481233855,3.8975676732687776,10.511684211851257
115.59938880400054,223.69159496093744,13.817208236070968,0.6306076323222094,5.105971764079486,3.8300103652548425,10.513171477919183
115.61605778580358,223.7339595549634,13.819232489644838,0.8236685186107232,4.984201723251387,4.286742274439347,10.514658967474634
115.6327267676066,223.77633611465606,13.821256822462354,0.44225394806244317,4.6120976352970775,5.248989425319383,10.516146680445146
115.64939574940963,223.81872419581205,13.823281234436967,0.4481687384670713,3.7010208755332137,4.88220839314822,10.517634616758139
115.66606473121266,223.8611231984274,13.825305725477074,0.2737438080482557,4.865994973950629,5.499606981937385,10.51912277634093
115.6827337130157,223.9035323666973,13.827330295486009,0.4480394385376135,4.790745526308781,5.162267458521431,10.520611159120719
115.69940269481872,223.9459507890163,13.829354944362047,0.7266594751145523,4.6894368505859125,5.8723724269635715,10.522099765024599
115.71607167662175,223.98837739797813,13.831379671998409,0.7935728785296221,5.080568697937298,6.263876264813268,10.523588593979548
115.73274065842477,224.03081097037574,13.83340447828325,0.725506339123602,4.852496487281438,5.725225286097703,10.525077645912436
115.74940964022781,224.0732501272015,13.835429363099664,0.17447682725617103,4.8488094053295985,5.638171054015388,10.526566920750025
115.76607862203083,224.11569333364685,13.837454326325695,0.7498141318134889,3.9778468870191444,5.368195345753562,10.52805641841896
115.78274760383387,224.15813889910265,13.839479367834317,0.16535124702248372,4.534566232637666,5.559647633610041,10.529546138845776
115.79941658563689,224.2005849771589,13.841504487493452,0.7125483126019747,5.550264310550109,5.5018861011123015,10.531036081956904
115.81608556743991,224.243029565605,13.843529685165958,0.45923781229373367,5.242512934715701,5.864818573478948,10.532526247678655
115.83275454924295,224.2854705064294,13.845554960709634,0.6731712439797692,4.902396152751577,4.6202354930970895,10.534016635937238
115.84942353104596,224.32790548581997,13.847580313977222,0.2660447689785356,4.817233087762969,4.778966888431242,10.535507246658744
115.866092512849,224.37033203416382,13.849605744816403,0.7666378162673096,4.829385421934677,3.9925112609986098,10.536998079769159
115.88276149465202,224.41274752604727,13.851631253069801,0.23927918550270066,5.232757936160663,4.229863600737956,10.53848913519435
115.89943047645505,224.455149180256,13.853656838574972,0.3984529914043944,4.678110827735233,4.33527108863423,10.539980412860082
115.91609945825807,224.49753405977475,13.855682501164424,0.3323948807511153,4.930823131732116,4.353820669722892,10.541471912692007
115.93276844006111,224.53990445490138,13.857708240830544,0.1810266623736444,4.759297616587138,4.413272565135287,10.542963634615669
115.94943742186413,224.5822719611346,13.859734057837663,0.5506589670171798,5.529562301122553,4.4670576342696195,10.544455578556525
115.96610640366717,224.6246392118346,13.861759952165603,0.8928410915811313,5.135935034978478,4.697089694665327,10.545947744439898
115.98277538547019,224.66700827552918,13.863785923779027,1.0648741209696972,5.53458596158847,4.758520100635496,10.547440132191007
115.99944436727323,224.70938103323525,13.865811972639191,0.5507940364173982,4.926546588243568,4.677261517259608,10.548932741734955
116.01611334907625,224.7517591784586,13.867838098703965,0.7545689305353979,5.438770676875985,4.6837677479226985,10.550425572996737
116.03278233087927,224.79414421719414,13.869864301927816,0.5775213936814331,4.849889717177668,5.299474555630256,10.551918625901244
116.04945131268231,224.83653746792572,13.871890582261813,0.6307488897000847,4.981471787389321,5.601931096211614,10.55341190037325
116.06612029448533,224.8789400616262,13.873916939653624,0.46241229927339317,5.742337059645142,6.134438425929982,10.554905396337425
116.08278927628837,224.92135294175742,13.87594337404753,0.5697271874622416,4.9377819241370196,5.769777429894589,10.556399113718323
116.09945825809139,224.96377686427022,13.87796988538441,0.6380773103291693,5.058536783233701,5.704359235011565,10.557893052440392
116.11612723989442,225.0062123976045,13.879996473601736,0.4147593848388626,5.1031632672935805,5.7676194538648256,10.559387212427973
116.13279622169745,225.04865992268907,13.8820231386336,0.5148222260426624,5.115615858487485,5.39575298909305,10.560881593605291
116.14946520350048,225.09111963294183,13.884049880410682,0.5185048118545826,4.758533686923291,5.498033338939504,10.562376195896466
116.1661341853035,225.1335915342696,13.886076698860276,0.6953412430034999,5.021495957993126,5.601829580481405,10.563871019225509
116.18280316710654,225.17607544506825,13.888103593906267,0.3167238833704734,4.376441111565534,5.417637705452934,10.565366063516315
116.19947214890956,225.21857099622264,13.890130565469152,0.5194916084332003,5.439732973821477,4.565346774719748,10.56686132869268
116.2161411307126,225.2610776311066,13.892157613466027,0.9120708707489062,5.329293896229049,4.458543930079766,10.568356814678276
116.23281011251562,225.303594605583,13.89418473781059,0.7623515285889142,5.9108653512124665,4.715286725548641,10.569852521396678
116.24947909431866,225.3461209880037,13.896211938413144,0.7992450233573618,4.968993850761417,4.155049956674925,10.571348448771346
116.26614807612168,225.38865565920952,13.898239215180592,0.5341652915224666,4.596703945503179,4.44053225614924,10.572844596725629
116.2828170579247,225.43119731253037,13.900266568016443,0.593348140555461,5.470042410175931,4.007693029224822,10.57434096518277
116.29948603972773,225.473744453785,13.902293996820802,0.7294655599392091,4.490725609916719,4.430272063017167,10.575837554065897
116.31615502153075,225.51629540128138,13.904321501490386,0.8409391257589631,4.243751796344686,5.092294593084287,10.577334363298036
116.33282400333378,225.5588482858163,13.906349081918512,0.13843712502895317,5.011431920082641,4.776860912404423,10.5788313928021
116.3494929851368,225.60140105067566,13.908376737995091,0.26553912847173217,5.1150398820865215,5.2015156613458435,10.580328642500884
116.36616196693984,225.64395145163422,13.910404469606647,0.7903858869866365,5.521188831815979,4.991786942756222,10.581826112317088
116.38283094874286,225.68649705695594,13.9124322766363,0.47298886694980535,4.981652765290269,6.244462198518385,10.58332380217329
116.3994999305459,225.72903524739357,13.91446015896378,0.3938922462472825,4.744798079592113,6.137389610871462,10.584821711991966
116.41616891234892,225.77156321618904,13.916488116465409,0.2772738673178027,5.047361068235579,5.85639465797309,10.586319841695476
116.43283789415196,225.81407796907317,13.918516149014124,0.4169723796736424,5.266112674896989,5.91537454385666,10.587818191206077
116.44950687595498,225.85658326328885,13.920544256539069,0.24737151323557838,5.186049820813327,5.770325855889615,10.58931676044592
116.46617585775802,225.8990883706326,13.922572439053114,0.9459338691018794,5.004377446892158,5.89148923484224,10.590815549337053
116.48284483956104,225.94159482931389,13.924600696524779,0.5230974435162963,4.117957488387094,5.098568783376493,10.592314557801405
116.49951382136406,225.98410399850434,13.926629028918827,0.5158641796637067,5.045499999570387,5.227011584468163,10.593813785760796
116.5161828031671,226.0266171126873,13.928657436196675,0.6449392519252948,5.733409206708862,5.082960914228256,10.595313233136942
116.53285178497012,226.06913528165788,13.930685918316387,0.719662574416987,5.128344593222893,4.900263620096202,10.596812899851447
116.54952076677316,226.11165949052295,13.93271447523267,0.7162407903678409,4.984819217932149,3.6792492162489814,10.598312785825803
116.56618974857618,226.15419059970117,13.934743106896882,0.7416571611777922,5.616597960938199,4.061625531675313,10.599812890981397
116.58285873037921,226.19672934492291,13.936771813257021,0.4006332704484275,5.062975821777923,3.894280826155409,10.601313215239513
116.59952771218224,226.2392763372304,13.938800594257742,0.4670986227213345,4.981524903215687,4.281860652963178,10.602813758521314
116.61619669398527,226.28183206297751,13.940829449840338,0.6803479128278898,5.1340000432324375,3.7438371424837618,10.604314520747865
116.6328656757883,226.32439688382996,13.942858379942752,0.42093336238369206,4.972413814186164,3.910397998037359,10.605815501840116
116.64953465759133,226.36697103676528,13.944887384499578,0.5252594362486408,5.148383593850846,5.397150745706898,10.607316701718911
116.66620363939435,226.40955463407263,13.946916463442049,0.6059030984766418,5.10087367733223,5.178324618355069,10.608818120304987
116.68287262119739,226.45214766335303,13.948945616698051,0.6830569400113075,4.450833739404925,5.276899783094098,10.610319757518967
116.69954160300041,226.49474998751924,13.950974844192112,0.17035330407754262,5.168394724071455,5.573720211581666,10.611821613281371
116.71621058480345,226.5373613447958,13.953004145845412,0.6687081946013589,4.745074354874206,5.687049481721228,10.61332368751261
116.73287956660647,226.57998134871903,13.955033521575773,0.4788838162196864,5.200557067249229,6.057908112263997,10.61482598013298
116.74954854840949,226.6226094881369,13.957062971297667,0.6669897282486847,5.148569448527559,5.610237776816652,10.616328491062678
116.76621753021251,226.6652451272093,13.95909249492221,0.6807540779767081,4.9973164648441255,5.8188952856983605,10.617831220221783
116.78288651201554,226.7078875054078,13.961122092357172,0.8468203003285062,4.773567986948526,5.719377415855602,10.619334167530273
116.79955549381857,226.75053573751578,13.963151763506957,0.7957975614216894,5.102269362238848,5.1615770822553015,10.62083733290801
116.8162244756216,226.79318881362832,13.965181508272634,0.7942907034309674,4.742383614366935,5.6366415769944584,10.622340716274756
116.83289345742463,226.83584559915235,13.9672113265519,0.8135799689971457,5.156161176976281,4.872930074458433,10.623844317550159
116.84956243922765,226.87850483480648,13.969241218239107,0.5829912316504533,5.080956879404237,5.064296561920158,10.625348136653757
116.86623142103069,226.9211651366211,13.971271183225257,0.531021976911221,5.679681945254071,4.569571242980489,10.626852173504982
116.88290040283371,226.96382499593847,13.973301221397996,0.699017896274179,5.485270983860058,4.846720681611232,10.62835642802316
116.89956938463675,227.00648277941247,13.975331332641613,0.6707401854026943,5.089731218110536,3.9287727121781835,10.629860900127502
116.91623836643977,227.04913672900878,13.977361516837053,0.4623802586137836,5.179052809486696,3.8745984304747023,10.631365589737115
116.93290734824281,227.09178496200494,13.979391773861897,0.6050276939610536,4.986801335039504,3.9654856249418557,10.632870496770995
116.94957633004583,227.13442547913394,13.981422103590369,0.5169132204979144,5.186413763503514,4.389040509872103,10.634375621148035
116.96624531184885,227.1770606646803,13.983452505909856,0.3530154292605767,5.078730038954462,4.987086804406356,10.635880962787017
116.98291429365189,227.21969467950225,13.985482980786658,0.7817636517927866,5.552543717008791,5.224712567039587,10.637386521606633
116.99958327545491,227.26232898580184,13.98751352820634,0.534580840080491,5.211282941634075,4.300725426398252,10.638892297525443
117.01625225725795,227.30496493674138,13.989544148150289,0.933152126688082,5.568777679503279,5.316174970394582,10.640398290461913
117.03292123906097,227.34760377644344,13.991574840595694,0.19818150022392161,5.479710620393684,4.50130056094284,10.641904500334395
117.049590220864,227.39024663999086,13.993605605515565,0.4117936743773852,5.46118482575197,5.88207174724231,10.643410927061131
117.06625920266703,227.43289455342685,13.995636442878716,0.5295466665578542,5.470479480777522,6.0943748871933305,10.644917570560263
117.08292818447006,227.47554843375477,13.997667352649781,0.7503645846353929,5.192727065258268,5.787903388954763,10.646424430749821
117.09959716627309,227.5182090889383,13.9996983347892,0.602651701161145,6.014910756967388,5.787894885617834,10.647931507547728
117.11626614807612,227.56087721790146,14.001729389253226,0.5847218346739833,5.770787264825907,5.67283681900643,10.649438800871797
117.13293512987914,227.60355341052852,14.003760515993928,0.2970439782150165,5.157108680508147,5.239740292713251,10.65094631063974
117.14960411168218,227.64623814766392,14.005791714959186,0.2909779058837133,5.049353627363417,5.382396064918823,10.652454036769157
117.1662730934852,227.68893180111255,14.007822986092686,0.586736561731961,5.240638764461366,4.936512488818883,10.653961979177543
117.18294207528824,227.73163463363946,14.009854329333935,0.24928387102015476,5.4951511089288445,5.037491853698863,10.655470137782281
117.19961105709126,227.77434679896996,14.011885744618247,0.4155989556261448,5.178425849872457,4.500441294970661,10.65697851250065
117.21628003889427,227.81706834178974,14.01391723187675,0.6220274032165679,4.8919675986170255,4.097923540510827,10.658487103249824
117.2329490206973,227.85979919774474,14.015948791036381,0.3252485104994942,5.395427623964715,3.78020617908486,10.659995909946865
117.24961800250033,227.90253919344113,14.017980422019894,0.842653980847597,5.260997572130104,3.640801291177192,10.66150493250873
117.26628698430336,227.94528804644534,14.020012124745854,0.7662394765330002,5.599164336673655,4.631157821451884,10.663014170852268
117.28295596610639,227.98804536528417,14.022043899128633,0.2070376232426162,5.368312749550434,4.212121171102689,10.664523624894219
117.29962494790942,228.03081064944462,14.024075745078422,0.33471678543826905,5.189449881371028,4.626780325152354,10.666033294551221
117.31629392971244,228.073583289374,14.026107662501218,0.06390499230447205,5.747119827657076,5.282415875447569,10.667543179739798
117.33296291151548,228.11636256647984,14.028139651298837,0.3644115718119063,5.275556006111123,4.825572916581362,10.669053280376367
117.3496318933185,228.15914765313008,14.030171711368903,0.6740769387682297,5.0599559632798545,5.053685204824003,10.670563596377244
117.36630087512154,228.2019376126528,14.032203842604849,0.43788965017001275,5.2282014391902845,5.426105990899835,10.672074127658632
117.38296985692456,228.24473139933644,14.034236044895925,0.6126974785833015,4.794038055731848,5.652806533506122,10.67358487413663
117.3996388387276,228.28752785842966,14.036268318127194,0.2159405535276458,5.204557853560852,6.325410037113602,10.675095835727223
117.41630782053062,228.33032572614147,14.038300662179525,0.6798718515378988,5.305602330716889,6.2697278771309275,10.676607012346295
117.43297680233364,228.37312362964104,14.040333076929606,0.40912433461188136,5.460736706756382,5.948752030643742,10.678118403909624
117.44964578413668,228.415920087058,14.042365562249936,0.5224494923935522,5.768151155658731,6.085162901765272,10.679630010332872
117.4663147659397,228.45871350748206,14.04439811800882,0.5013100275860424,5.234880675982352,5.421045201218917,10.681141831531603
117.48298374774274,228.5015021909633,14.046430744070385,0.2654445918270165,5.547301227576394,5.341971176890181,10.682653867421267
117.49965272954576,228.5442843285121,14.048463440294556,0.28900679403635304,5.3283946845102745,4.914782584318322,10.684166117917213
117.5163217113488,228.58705800209913,14.050496206537087,0.713051914826725,6.426675656834448,4.370628290109644,10.685678582934674
117.53299069315182,228.62982271380025,14.052529042689534,0.5991608094558821,5.370772861695745,4.895124102696507,10.687191262388792
117.54965967495485,228.67258163879936,14.054561948759781,0.729241539508384,5.035148158566443,4.515325823617548,10.68870415619461
117.56632865675788,228.7153371566692,14.056594924750227,0.5840327278778903,5.741873575517738,4.246167342179699,10.690217264267053
117.58299763856091,228.75809145575488,14.058627970657728,0.5475685536813314,5.3634267488817375,4.199275661054589,10.691730586520931
117.59966662036393,228.80084656461418,14.060661086474308,0.1736376453155315,5.192106491931552,3.7857518539266115,10.693244122870956
117.61633560216697,228.84360435201742,14.062694272187121,0.464635768438225,5.604160469469843,4.056622004811089,10.694757873231731
117.63300458396999,228.88636652694768,14.064727527778485,0.5131015788883445,5.701617099268155,4.626616163292492,10.696271837517754
117.64967356577303,228.9291346386006,14.066760853225858,0.9090692142641863,5.844674263889595,4.589375726459664,10.697786015643416
117.66634254757604,228.97191007638446,14.068794248501852,0.6557084291568138,5.363224260254228,4.929798517301063,10.699300407523001
117.68301152937906,229.01469406992038,14.070827713574229,0.8253986637181039,5.036645311584843,5.2111970745249225,10.700815013070688
117.6996805111821,229.0574876890419,14.072861248405896,0.6375632897308628,5.345786782278025,5.261581403619512,10.702329832200554
117.71634949298512,229.10029184379528,14.074894852954914,0.37566442089922525,5.50515289861526,5.354015251093906,10.70384486482656
117.73301847478815,229.14310728443948,14.076928527174486,0.541219223842668,5.814334459708686,5.275657333788917,10.705360110862571
117.74968745659118,229.1859346014461,14.078962271012971,0.5649084208003804,5.38756846412055,5.756030633349383,10.706875570222344
117.76635643839421,229.22877422549928,14.080996084413876,0.3297018851643819,5.208796687200616,5.9478603828269305,10.708391242819523
117.78302542019723,229.27162642749596,14.083029967315857,0.44052482803195536,5.560824615809244,5.156841652943216,10.709907128567654
117.79969440200027,229.31449131854563,14.085063919652717,0.47611820553305323,5.641524204689709,5.466734232652173,10.711423227380173
117.81636338380329,229.3573688499705,14.087097941353406,0.8382648684102759,5.583049283884817,5.335902067820774,10.712939539170412
117.83303236560633,229.40025881330533,14.089132032342034,0.10086209118352896,5.396161833684223,4.707664340937558,10.714456063851596
117.84970134740935,229.44316084029762,14.091166192537846,0.7580431715300044,5.3244491513992696,5.183715996863217,10.715972801336841
117.86637032921239,229.4860744029075,14.093200421855247,0.3293897283054815,5.701527731788122,4.417679729285966,10.717489751539164
117.88303931101541,229.52899881330774,14.095234720203788,0.24220222256438118,5.0249331114197355,4.325024518557203,10.71900691437147
117.89970829281843,229.5719332238837,14.097269087488169,0.7524757675822198,4.421073275224414,4.192144748147421,10.720524289746557
117.91637727462147,229.61487662723349,14.099303523608237,0.6627362338377967,5.444184510546011,3.66877957561713,10.722041877577121
117.93304625642449,229.6578278561678,14.101338028458988,0.7671296357686173,5.673583291496445,4.540453814386327,10.723559677775755
117.94971523822753,229.70078558371006,14.103372601930575,0.6762355570129137,5.620127425722141,4.063616097271586,10.725077690254938
117.96638422003055,229.74374832309618,14.105407243908289,0.9279334369975539,5.133895296372324,4.455376563013648,10.726595914927046
117.98305320183358,229.78671442777488,14.10744195427258,0.6275784701449978,5.798493993514099,4.928070637621722,10.728114351704352
117.9997221836366,229.82968209140748,14.10947673289904,0.48440749062214505,5.452768823074275,5.434081674928747,10.72963300049902
118.01639116543964,229.8726493478679,14.111511579658416,0.5841575014112679,4.706179643969385,4.919279468412772,10.731151861223106
118.03306014724267,229.91561407124277,14.113546494416596,0.764135308750859,5.889130550571203,5.332944121141645,10.732670933788567
118.0497291290457,229.95857397583134,14.115581477034628,0.35943567222365236,5.508526311633966,6.059529868956335,10.734190218107246
118.06639811084872,230.00152661614553,14.1176165273687,0.38480227204765105,5.278108443087215,5.898698199429096,10.735709714090886
118.08306709265176,230.04446938690987,14.119651645270155,0.45325723402173873,5.4683141297888485,6.001341333524986,10.737229421651117
118.09973607445478,230.08739952306158,14.121686830585483,0.09400192270968849,4.524650641905755,5.446726129814008,10.73874934069947
118.11640505625782,230.1303140997505,14.123722083156323,0.5424034068266412,5.66009250169903,5.535761666085083,10.740269471147371
118.13307403806083,230.1732109331613,14.12575740284525,0.13743122421714754,5.560345566385638,5.423035264628098,10.741789812906134
118.14974301986385,230.2161006574937,14.12779278987486,0.5251380646668427,5.3970792970135815,4.99352775846401,10.743310365886996
118.16641200166688,230.2589890634429,14.12982824431564,0.6874533876139828,5.506670207165655,4.5014693552729375,10.744831130001078
118.1830809834699,230.3018783543667,14.13186376613574,0.4188893758233303,4.844985526565909,4.603258719335499,10.746352105159385
118.19974996527294,230.34477054272966,14.133899355299993,0.8495570708380903,5.323424418201701,4.939113815151408,10.747873291272821
118.21641894707597,230.38766745010315,14.135935011769917,0.2219029430739951,5.2644560841824655,4.372741177461569,10.749394688252181
118.233087928879,230.4305707071654,14.137970735503712,0.752124482774298,5.378926557201395,4.652593749106531,10.750916296008162
118.24975691068202,230.4734817537014,14.140006526456263,0.6487689785777219,5.517370398553356,4.253714672604509,10.75243811445135
118.26642589248506,230.51640183860295,14.142042384579137,0.17040413586567876,5.724474910900224,4.008628332275634,10.753960143492227
118.28309487428808,230.55933201986866,14.14407830982059,1.0556388609753804,5.421232941463936,4.733965049740929,10.755482383041176
118.29976385609112,230.6022731646039,14.146114302125554,0.5006001571388232,5.278708020581283,4.590593426031577,10.757004833008468
118.31643283789414,230.64522594902095,14.148150361435652,0.3377216203386245,6.340895649485291,5.037986988936799,10.758527493304276
118.33310181969718,230.68819085843876,14.15018648768919,0.23167019382578113,5.560220633855254,4.676010416359189,10.760050363838666
118.3497708015002,230.7311681872832,14.15222268082116,0.4689532327710906,5.611409400030902,5.555551113585103,10.761573444521595
118.36643978330322,230.77415803908687,14.154258940763228,0.48734466687798983,5.3205437849346255,5.78812278632334,10.763096735262925
118.38310876510626,230.81716032648922,14.156295267443754,0.5332243476742955,5.976114897256679,5.732147464931063,10.764620235972403
118.39977774690928,230.86017477123647,14.15833166078778,0.45300520891428486,4.865533845200448,5.517726243866345,10.766143946559678
118.41644672871232,230.90320090418166,14.160368120717031,0.6390786979820533,5.558883571057693,5.786190476555984,10.767667866934293
118.43311571051534,230.9462380652846,14.162404647149913,0.4347768628584964,5.236950071548067,5.94524024621396,10.769191997005686
118.44978469231837,230.98928540361197,14.164441240001523,0.12517919703222685,5.222323494118825,5.71948766571925,10.770716336683188
118.4664536741214,231.03234187733725,14.166477899183635,0.48216891012154356,5.494714081202787,5.653147669330258,10.772240885876032
118.48312265592443,231.07540625374065,14.168514624604711,0.038414865054853586,5.1666867988326866,5.55390686049458,10.77376564449334
118.49979163772745,231.1184771092092,14.170551416169895,0.5825337061176233,5.584308522195023,4.808608024957018,10.775290612444131
118.51646061953049,231.16155282923685,14.172588273781017,0.31578871584936563,5.601583425665418,4.409220619798857,10.776815789637322
118.53312960133351,231.2046316084242,14.17462519733659,0.5441900126372242,5.4068029402489275,4.5209990860138385,10.778341175981721
118.54979858313655,231.24771145047873,14.176662186731813,0.7742021155136936,5.491166824329917,4.255653394171814,10.779866771386036
118.56646756493957,231.2907901682147,14.178699241858565,0.3215065555413321,5.491996258834989,4.475841854389472,10.781392575758868
118.58313654674258,231.33386538355316,14.180736362605408,0.7233767195398804,5.612829897754619,3.877655986776887,10.782918589008712
118.59980552854562,231.3769345275221,14.1827735488576,0.42431672562403033,5.541113694872674,4.544368252102532,10.784444811043961
118.61647451034864,231.41999484025615,14.184810800497067,0.8615027684043763,5.86306621314068,4.7571710912328085,10.785971241772906
118.63314349215167,231.46304337099676,14.186848117402427,0.4377024523127245,5.789176579094594,4.527550299695429,10.787497881103727
118.6498124739547,231.50607794347385,14.188885499456322,0.34250354276816214,5.897957724720511,4.768319369722478,10.789024728944502
118.66648145575773,231.54910833436827,14.190922946649886,0.647918992846633,5.639187358139307,4.76694314059604,10.790551785203228
118.68315043756076,231.59213918012568,14.192960458973333,0.4231825177467807,5.10417335950854,5.081790844916938,10.792079049787777
118.69981941936379,231.63517197419483,14.194998036395257,0.34191971978041347,5.496926488048779,5.345521450219201,10.793606522605923
118.71648840116681,231.6782080804112,14.197035678880988,0.41451080945585606,6.151718951834343,6.078511892148035,10.795134203565334
118.73315738296985,231.72124873299714,14.199073386392577,0.5010266282310227,5.524803758319061,5.73845988904528,10.796662092573573
118.74982636477287,231.76429503656178,14.201111158888803,0.7782531140931301,5.633806868957288,5.403343828139196,10.798190189538104
118.76649534657591,231.80734796610096,14.203148996325183,0.12286869005922585,5.560684368951936,5.838245875826506,10.79971849436628
118.78316432837893,231.85040836699736,14.205186898653947,0.5141715204035718,5.701695452460238,5.896595337332296,10.80124700696536
118.79983331018197,231.89347695502045,14.20722486582407,0.634405255186926,4.910120113922561,5.464636030481942,10.802775727242494
118.81650229198499,231.9365543163264,14.209262897781244,0.5479833971023096,6.307296258657855,5.690333832032285,10.80430465510473
118.83317127378801,231.9796409074583,14.211300994467896,0.7711358600686122,5.670670432550662,5.235696396748762,10.805833790459012
118.84984025559105,232.02273705534594,14.21333915582318,0.4941629025631982,5.835215582185081,4.440339892307335,10.807363133212185
118.86650923739407,232.06584295730588,14.215377381782977,0.47199082069067466,5.616671571693778,4.366264610158792,10.808892683270987
118.8831782191971,232.10895868104149,14.217415672279895,0.6272361574483768,5.3162212915176195,4.422031921954478,10.810422440542048
118.89984720100013,232.15208416464293,14.219454027243279,0.528502148283627,5.182382540143225,3.7400131933097507,10.811952404931908
118.91651618280316,232.19521921658713,14.221492446599191,0.43042677323963774,5.692582430411315,4.300910239654465,10.813482576346994
118.93318516460619,232.2383635157378,14.223530930270433,0.6116064627950305,6.216826976391779,3.7099925806343896,10.815012954693628
118.94985414640922,232.28151661134544,14.22556947817653,0.37774112862101783,5.663032085470105,4.658526101948139,10.816543539878035
118.96652312821224,232.32467792304732,14.227608090233732,0.3858804876765656,5.5605502845152355,4.800204502400443,10.818074331806336
118.98319211001528,232.3678467408675,14.229646766355023,0.4023862429978068,5.270269115914669,4.902196323525828,10.819605330384546
118.9998610918183,232.4110222252168,14.231685506450116,0.7784680071340468,5.727065877033973,4.79514180705663,10.821136535518574
119.01653007362134,232.4542034068929,14.233724310425451,0.0,6.4192942958586405,5.296314663584972,10.822667947114237
119.03319905542435,232.49738918708022,14.235763178184191,0.5867121930907309,6.083005796740335,5.314575302393147,10.824199565077237
119.04986803722737,232.54057833734987,14.23780210962624,0.5143159123155747,5.877313413794563,5.336797346922135,10.825731389313178
119.0665370190304,232.58376949965992,14.239841104648223,0.17115657954432556,5.877429118924879,5.65861589748625,10.827263419727561
119.08320600083343,232.62696118635512,14.24188016314349,0.5691451477395256,5.737937867131722,6.009477356639456,10.828795656225784
119.09987498263646,232.670151780167,14.243919285002129,0.6022193094278874,5.631845278573674,5.774569922010033,10.830328098713137
119.11654396443949,232.71333953421387,14.245958470110946,0.624865875136122,5.549447566892375,6.08351242323663,10.831860747094815
119.13321294624252,232.75652257200082,14.247997718353487,0.0,5.227805703043671,5.701429836757257,10.833393601275901
119.14988192804555,232.7996988874198,14.250037029610017,0.7799541429027679,6.266281630011669,5.446513566090286,10.834926661161385
119.16655090984858,232.84286687906163,14.2520764037582,0.3589980335089399,5.763767416516956,4.519067605474135,10.836459926656143
119.1832198916516,232.88603123607908,14.254115840716022,0.6437280364640781,6.338519383191285,4.668866343983743,10.837993397664976
119.19988887345464,232.9291948414775,14.256155340466387,0.6544983546958676,6.038149406368445,4.211816814934082,10.839527074092565
119.21655785525766,232.9723591866513,14.25819490299412,0.3308132916848786,5.942410561518288,4.298851361302859,10.841060955843489
119.2332268370607,233.0155256488177,14.260234528280002,0.63811380835666,6.077462174208555,4.031669740848811,10.842595042822222
119.24989581886372,233.0586954910167,14.262274216300774,0.428792277634703,5.787472278161545,4.086720056636269,10.844129334933138
119.26656480066676,233.10186986211127,14.264313967029148,0.09148459675850718,6.675742012637883,4.557030327585672,10.845663832080508
119.28323378246978,233.14504979678716,14.26635378043379,0.739177523443725,5.811943132817216,4.494480144891714,10.847198534168504
119.2999027642728,233.18823621555282,14.268393656479331,0.3504892503749456,5.891603972327523,4.830720671734654,10.848733441101192
119.31657174607584,233.2314299247397,14.27043359512637,0.33446865402352816,5.499032421406792,4.271220555607765,10.850268552782541
119.33324072787886,233.27463161650195,14.27247359633146,0.42462327553458923,5.8097778749236655,5.015995952339896,10.851803869116416
119.3499097096819,233.31784186881654,14.274513660047125,0.5595528957809829,6.044123558083319,5.535929825388301,10.853339390006582
119.36657869148492,233.3610611454835,14.276553786221843,0.49352056915236175,5.886807530248631,5.921043060398613,10.854875115356695
119.38324767328795,233.40428979612528,14.278593974800062,0.6144571359121266,5.597020639342541,5.182026979484397,10.85641104507032
119.39991665509098,233.4475280561875,14.28063422572219,0.2368149763964329,5.146183604625602,5.6550108072828245,10.857947179050912
119.41658563689401,233.4907760469385,14.282674538924594,0.35610467344998054,5.832342962751922,6.110267069051572,10.859483517201832
119.43325461869703,233.53403377546942,14.284714914339606,0.48125163003320337,6.4085558360216375,5.703527681264688,10.86102005942633
119.44992360050007,233.57730113469415,14.286755351895524,0.883897599142982,5.663857769403101,5.374764795950464,10.862556805627563
119.4665925823031,233.6205779033496,14.288795851516603,0.4814267282194978,5.751328382904646,5.006131795682254,10.86409375570858
119.48326156410613,233.66386374599543,14.290836413123065,0.7211027831277913,6.5456954432446866,4.963632193718409,10.865630909572332
119.49993054590914,233.70715821301394,14.292877036631088,0.5116384578726809,5.856530433273711,4.49437684214746,10.867168267121667
119.51659952771216,233.75046074061058,14.294917721952823,0.407064789600722,5.518990597591192,4.7712876189139735,10.868705828259328
119.5332685095152,233.79377065081337,14.296958468996376,0.4543207245147617,5.64132962075351,4.799456035149787,10.870243592887967
119.54993749131822,233.83708715147327,14.298999277665816,0.46985075848321367,6.345889709550901,3.975048477462914,10.87178156091012
119.56660647312125,233.88040933626405,14.301040147861174,0.6241329395593335,6.827401321377894,4.3167546928955005,10.873319732228232
119.58327545492428,233.92373618468227,14.30308107947845,0.7781951355124785,5.884406693284755,4.453581784930671,10.874858106744641
119.59994443672731,233.9670665620474,14.305122072409594,0.5750781411411302,6.259443812311142,4.238083788819975,10.876396684361586
119.61661341853033,234.0103992195016,14.307163126542534,0.740426596360562,5.720597193149833,3.8691064723152886,10.877935464981201
119.63328240033337,234.05373279401002,14.30920424176115,0.3099222015211962,6.466046456009235,4.645014114618191,10.879474448505524
119.6499513821364,234.09706580836047,14.311245417945285,0.41982313517075753,6.028889918598846,4.735695167297371,10.881013634836485
119.66662036393943,234.14039667116378,14.31328665497075,0.3577578174548991,5.907605009243226,4.952350376831208,10.882553023875914
119.68328934574245,234.18372367685342,14.315327952709314,0.5653763293356415,5.860665925709114,5.0825314846797065,10.884092615525546
119.69995832754549,234.22704500568574,14.317369311028708,0.4305648205153272,5.836356392479996,5.4957558937189415,10.885632409687004
119.71662730934851,234.27035872374003,14.319410729792631,0.6481801708998194,6.406906692733729,5.79980994272177,10.887172406261813
119.73329629115155,234.31366320701966,14.32145220887256,0.31589432668442496,6.1817167610731705,6.477866856264285,10.888712605151401
119.74996527295457,234.35696862210403,14.32349374847259,0.5105699487941963,5.93141481071952,5.833699449121262,10.890253006257108
119.76663425475759,234.40028006058122,14.325535348667314,0.6392044210774431,6.055519353043314,6.214338454203056,10.891793609480178
119.78330323656063,234.4435974821029,14.32757700938977,0.08864136826287805,5.688781202078249,5.754806781901158,10.893334414721732
119.79997221836365,234.48692083240616,14.329618730572152,0.9258972688089367,5.772631975386143,5.440708566368054,10.894875421882803
119.81664120016669,234.5302500433138,14.33166051214581,0.4448097141396362,5.997262316833101,5.292143055529746,10.896416630864316
119.83331018196971,234.573585032734,14.333702354041256,0.0963011918788429,5.952415565037662,4.633828203419769,10.897958041567101
119.84997916377274,234.61692570466062,14.33574425618815,0.5327970375785833,5.431297939381475,4.844843329505055,10.89949965389188
119.86664814557577,234.66027194917294,14.337786218515316,0.5077360344826187,6.316120783861348,3.9323782589173697,10.901041467739283
119.8833171273788,234.7036236424358,14.33982824095073,0.4845375477987981,5.807190099550009,4.094130170310254,10.902583483009835
119.89998610918182,234.7469806466996,14.341870323421526,0.6990237289494156,6.037491830644677,4.272172470342425,10.90412569960396
119.91665509098486,234.79034281030025,14.343912465853995,0.6501435831506882,5.976587039551393,4.558194700997532,10.905668117421985
119.93332407278788,234.83370996765927,14.345954668173581,0.5600989094465817,5.701542628880213,4.668298964749699,10.907210736364133
119.9499930545909,234.87708193928356,14.347996930304886,0.5904238803079506,6.412555662818007,4.281760874876419,10.908753556330527
119.96666203639393,234.92045853176577,14.350039252171674,0.4793901458330165,5.662415636915245,4.5764305079294445,10.910296577221198
119.98333101819695,234.96383953778394,14.352081633696859,0.8552290877207925,6.1197051320959925,5.048061942863092,10.911839798936061
120.0,235.00722473610168,14.354124074802515,0.2041607963284467,6.000000000000013,4.6011519283421,10.913383221374946
